Activity,Activity_Type,Activity_Value,Compound_CID,uM,p_value,Label,Final_Activity
Active,Ki,4.3e-06,122172662.0,4.3e-06,11.366531544420415,1,Active
Active,Kd,5.9e-06,122172651.0,5.9e-06,11.229147988357855,1,Active
Active,Kd,6.6e-06,122172665.0,6.6e-06,11.18045606445813,1,Active
Active,Kd,7.5e-06,122172647.0,7.5e-06,11.1249387366083,1,Active
Active,Kd,9.1e-06,122172649.0,9.1e-06,11.040958607678906,1,Active
Active,Kd,3.4e-05,122172645.0,3.4e-05,10.468521082957745,1,Active
Active,Ki,5.3e-05,123131637.0,5.3e-05,10.275724130399212,1,Active
Active,Kd,6.2e-05,122172657.0,6.2e-05,10.207608310501746,1,Active
Active,Kd,9.5e-05,162394475.0,9.5e-05,10.022276394711152,1,Active
Active,Kd,0.0001,146036007.0,0.0001,10.0,1,Active
Active,IC50,0.0001,172459814.0,0.0001,10.0,1,Active
Active,IC50,0.00013,146323099.0,0.00013,9.886056647693163,1,Active
Active,IC50,0.000152,166166755.0,0.000152,9.818156412055227,1,Active
Active,IC50,0.000152,166167095.0,0.000152,9.818156412055227,1,Active
Active,IC50,0.0002,164607192.0,0.0002,9.698970004336019,1,Active
Active,IC50,0.0002,172471234.0,0.0002,9.698970004336019,1,Active
Active,IC50,0.00024,136049448.0,0.00024,9.619788758288394,1,Active
Active,IC50,0.00025,171665290.0,0.00025,9.602059991327963,1,Active
Active,Ki,0.00025,71616053.0,0.00025,9.602059991327963,1,Active
Active,IC50,0.00025,172056492.0,0.00025,9.602059991327963,1,Active
Active,IC50,0.00027,146323048.0,0.00027,9.568636235841012,1,Active
Active,IC50,0.0003,156471789.0,0.0003,9.522878745280337,1,Active
Active,IC50,0.0003,172443434.0,0.0003,9.522878745280337,1,Active
Active,IC50,0.0003,172471837.0,0.0003,9.522878745280337,1,Active
Active,Kd,0.0003,91668531.0,0.0003,9.522878745280337,1,Active
Active,IC50,0.0003162,172461050.0,0.0003162,9.500038134403809,1,Active
Active,IC50,0.000323,166166794.0,0.000323,9.490797477668897,1,Active
Active,IC50,0.00033,168270044.0,0.00033,9.481486060122112,1,Active
Active,IC50,0.00034,156311115.0,0.00034,9.468521082957745,1,Active
Active,IC50,0.00034,146323032.0,0.00034,9.468521082957745,1,Active
Active,IC50,0.00034,168296521.0,0.00034,9.468521082957745,1,Active
Active,IC50,0.00035,172056483.0,0.00035,9.455931955649724,1,Active
Active,IC50,0.00035,156471779.0,0.00035,9.455931955649724,1,Active
Active,IC50,0.00039,168269610.0,0.00039,9.4089353929735,1,Active
Active,IC50,0.0003981,52912222.0,0.0003981,9.400007822415901,1,Active
Active,IC50,0.0004,154022894.0,0.0004,9.397940008672037,1,Active
Active,IC50,0.0004,168297966.0,0.0004,9.397940008672037,1,Active
Active,IC50,0.0004,166177866.0,0.0004,9.397940008672037,1,Active
Active,Ki,0.0004,132010928.0,0.0004,9.397940008672037,1,Active
Active,IC50,0.0004,166177910.0,0.0004,9.397940008672037,1,Active
Active,IC50,0.0004,172056490.0,0.0004,9.397940008672037,1,Active
Active,IC50,0.0004,135276031.0,0.0004,9.397940008672037,1,Active
Active,IC50,0.0004,157971166.0,0.0004,9.397940008672037,1,Active
Active,IC50,0.00041,168269705.0,0.00041,9.387216143280265,1,Active
Active,IC50,0.00042,135125423.0,0.00042,9.3767507096021,1,Active
Active,IC50,0.000427,54588158.0,0.000427,9.369572124974976,1,Active
Active,IC50,0.00043,132154358.0,0.00043,9.366531544420413,1,Active
Active,IC50,0.00043,168273126.0,0.00043,9.366531544420413,1,Active
Active,IC50,0.00045,164607220.0,0.00045,9.346787486224656,1,Active
Active,IC50,0.00045,172056482.0,0.00045,9.346787486224656,1,Active
Active,IC50,0.00046,168289865.0,0.00046,9.337242168318426,1,Active
Active,Ki,0.00046,89656460.0,0.00046,9.337242168318426,1,Active
Active,IC50,0.000473,166166336.0,0.000473,9.32513885926219,1,Active
Active,IC50,0.00048,149964147.0,0.00048,9.318758762624412,1,Active
Active,IC50,0.00049,168276078.0,0.00049,9.309803919971486,1,Active
Active,IC50,0.00049,152115530.0,0.00049,9.309803919971486,1,Active
Active,IC50,0.0005,122588588.0,0.0005,9.301029995663981,1,Active
Active,Ki,0.0005,155511096.0,0.0005,9.301029995663981,1,Active
Active,Ki,0.0005,155531098.0,0.0005,9.301029995663981,1,Active
Active,IC50,0.0005,166177928.0,0.0005,9.301029995663981,1,Active
Active,Ki,0.0005,71621850.0,0.0005,9.301029995663981,1,Active
Active,IC50,0.0005,168270189.0,0.0005,9.301029995663981,1,Active
Active,Ki,0.0005,145974859.0,0.0005,9.301029995663981,1,Active
Active,IC50,0.0005,126673098.0,0.0005,9.301029995663981,1,Active
Active,Ki,0.0005,71616872.0,0.0005,9.301029995663981,1,Active
Active,IC50,0.0005,166177929.0,0.0005,9.301029995663981,1,Active
Active,Ki,0.0005,90395617.0,0.0005,9.301029995663981,1,Active
Active,IC50,0.0005,166177936.0,0.0005,9.301029995663981,1,Active
Active,Ki,0.0005,118340538.0,0.0005,9.301029995663981,1,Active
Active,Ki,0.0005,145966193.0,0.0005,9.301029995663981,1,Active
Active,Ki,0.0005,155548897.0,0.0005,9.301029995663981,1,Active
Active,Ki,0.0005,90395619.0,0.0005,9.301029995663981,1,Active
Active,Ki,0.0005,132010719.0,0.0005,9.301029995663981,1,Active
Active,Ki,0.0005,135397673.0,0.0005,9.301029995663981,1,Active
Active,IC50,0.0005,166626509.0,0.0005,9.301029995663981,1,Active
Active,IC50,0.0005012,168679653.0,0.0005012,9.299988937677888,1,Active
Active,IC50,0.00051,146323024.0,0.00051,9.292429823902063,1,Active
Active,IC50,0.00051,164607218.0,0.00051,9.292429823902063,1,Active
Active,Ki,0.00051,71621707.0,0.00051,9.292429823902063,1,Active
Active,IC50,0.00052,164607214.0,0.00052,9.2839966563652,1,Active
Active,IC50,0.00052,168293940.0,0.00052,9.2839966563652,1,Active
Active,Ki,0.00052,71616768.0,0.00052,9.2839966563652,1,Active
Active,IC50,0.00053,168269330.0,0.00053,9.275724130399212,1,Active
Active,IC50,0.00053,156400923.0,0.00053,9.275724130399212,1,Active
Active,IC50,0.00054,168290322.0,0.00054,9.267606240177031,1,Active
Active,IC50,0.00054,165068270.0,0.00054,9.267606240177031,1,Active
Active,IC50,0.00055,156471858.0,0.00055,9.259637310505756,1,Active
Active,IC50,0.00056,168292101.0,0.00056,9.2518119729938,1,Active
Active,IC50,0.00056,168280573.0,0.00056,9.2518119729938,1,Active
Active,IC50,0.00057,156471897.0,0.00057,9.244125144327509,1,Active
Active,IC50,0.00057,168287825.0,0.00057,9.244125144327509,1,Active
Active,Ki,0.00057,89657397.0,0.00057,9.244125144327509,1,Active
Active,IC50,0.000584,54588760.0,0.000584,9.233587152887601,1,Active
Active,IC50,0.00059,168274205.0,0.00059,9.229147988357855,1,Active
Active,IC50,0.00059,156471785.0,0.00059,9.229147988357855,1,Active
Active,IC50,0.0006,166627974.0,0.0006,9.221848749616356,1,Active
Active,IC50,0.0006,172440234.0,0.0006,9.221848749616356,1,Active
Active,IC50,0.0006,168281829.0,0.0006,9.221848749616356,1,Active
Active,Ki,0.0006,117775856.0,0.0006,9.221848749616356,1,Active
Active,IC50,0.0006,168271392.0,0.0006,9.221848749616356,1,Active
Active,IC50,0.0006,164608862.0,0.0006,9.221848749616356,1,Active
Active,IC50,0.0006,166631461.0,0.0006,9.221848749616356,1,Active
Active,Ki,0.0006,132010677.0,0.0006,9.221848749616356,1,Active
Active,Ki,0.0006,155560126.0,0.0006,9.221848749616356,1,Active
Active,IC50,0.0006,122688445.0,0.0006,9.221848749616356,1,Active
Active,Ki,0.0006,86581538.0,0.0006,9.221848749616356,1,Active
Active,IC50,0.0006,135276449.0,0.0006,9.221848749616356,1,Active
Active,Ki,0.000605,146011716.0,0.000605,9.21824462534753,1,Active
Active,IC50,0.00061,172056493.0,0.00061,9.214670164989233,1,Active
Active,IC50,0.00061,156471826.0,0.00061,9.214670164989233,1,Active
Active,Ki,0.00062,78425807.0,0.00062,9.207608310501746,1,Active
Active,Kd,0.00063,146018691.0,0.00063,9.200659450546418,1,Active
Active,Ki,0.00063,71616988.0,0.00063,9.200659450546418,1,Active
Active,IC50,0.000631,169408421.0,0.000631,9.199970640755865,1,Active
Active,IC50,0.000631,168510216.0,0.000631,9.199970640755865,1,Active
Active,IC50,0.00065,168297831.0,0.00065,9.187086643357144,1,Active
Active,Ki,0.00065,71617220.0,0.00065,9.187086643357144,1,Active
Active,IC50,0.00065,132010322.0,0.00065,9.187086643357144,1,Active
Active,IC50,0.00066,156471786.0,0.00066,9.18045606445813,1,Active
Active,IC50,0.00066,172056484.0,0.00066,9.18045606445813,1,Active
Active,Ki,0.000669,86582295.0,0.000669,9.174573882232178,1,Active
Active,IC50,0.00068,168273501.0,0.00068,9.167491087293763,1,Active
Active,IC50,0.00068,151216640.0,0.00068,9.167491087293763,1,Active
Active,Ki,0.00068,71616056.0,0.00068,9.167491087293763,1,Active
Active,Ki,0.00069,89656189.0,0.00069,9.161150909262744,1,Active
Active,IC50,0.0007,118863284.0,0.0007,9.154901959985743,1,Active
Active,Ki,0.0007,155528199.0,0.0007,9.154901959985743,1,Active
Active,Ki,0.0007,118340603.0,0.0007,9.154901959985743,1,Active
Active,Ki,0.0007,155523560.0,0.0007,9.154901959985743,1,Active
Active,IC50,0.0007,122688381.0,0.0007,9.154901959985743,1,Active
Active,IC50,0.0007,71600087.0,0.0007,9.154901959985743,1,Active
Active,IC50,0.0007,164607193.0,0.0007,9.154901959985743,1,Active
Active,IC50,0.00072,168279069.0,0.00072,9.142667503568731,1,Active
Active,Ki,0.00072,71616874.0,0.00072,9.142667503568731,1,Active
Active,Ki,0.00073,86270928.0,0.00073,9.136677139879545,1,Active
Active,Ki,0.00074,71617336.0,0.00074,9.130768280269024,1,Active
Active,Ki,0.00075,71617460.0,0.00075,9.1249387366083,1,Active
Active,IC50,0.00075,146323037.0,0.00075,9.1249387366083,1,Active
Active,Ki,0.00075,71615944.0,0.00075,9.1249387366083,1,Active
Active,Ki,0.00078,89657377.0,0.00078,9.10790539730952,1,Active
Active,Ki,0.00079,89657357.0,0.00079,9.102372908709558,1,Active
Active,IC50,0.00079,156471895.0,0.00079,9.102372908709558,1,Active
Active,IC50,0.00079,164607215.0,0.00079,9.102372908709558,1,Active
Active,Ki,0.0008,118138005.0,0.0008,9.096910013008056,1,Active
Active,Kd,0.0008,118340554.0,0.0008,9.096910013008056,1,Active
Active,Ki,0.0008,132010164.0,0.0008,9.096910013008056,1,Active
Active,Ki,0.0008,117775642.0,0.0008,9.096910013008056,1,Active
Active,Ki,0.0008,132010990.0,0.0008,9.096910013008056,1,Active
Active,IC50,0.0008,164607219.0,0.0008,9.096910013008056,1,Active
Active,Ki,0.0008,155545684.0,0.0008,9.096910013008056,1,Active
Active,Ki,0.0008,89657569.0,0.0008,9.096910013008056,1,Active
Active,IC50,0.0008,118196474.0,0.0008,9.096910013008056,1,Active
Active,Ki,0.0008,155554039.0,0.0008,9.096910013008056,1,Active
Active,Ki,0.0008,155534721.0,0.0008,9.096910013008056,1,Active
Active,IC50,0.0008,118196485.0,0.0008,9.096910013008056,1,Active
Active,Ki,0.0008,118340760.0,0.0008,9.096910013008056,1,Active
Active,Ki,0.00081,71617222.0,0.00081,9.09151498112135,1,Active
Active,Ki,0.00083,89657632.0,0.00083,9.080921907623926,1,Active
Active,Ki,0.00084,71617461.0,0.00084,9.075720713938118,1,Active
Active,Ki,0.00086,89656215.0,0.00086,9.065501548756432,1,Active
Active,Ki,0.00086,89657558.0,0.00086,9.065501548756432,1,Active
Active,Ki,0.00086,89656315.0,0.00086,9.065501548756432,1,Active
Active,Ki,0.00087,86270834.0,0.00087,9.060480747381382,1,Active
Active,IC50,0.00088,156400913.0,0.00088,9.05551732784983,1,Active
Active,Ki,0.00088,71617462.0,0.00088,9.05551732784983,1,Active
Active,IC50,0.00088,164740817.0,0.00088,9.05551732784983,1,Active
Active,IC50,0.0009,153697670.0,0.0009,9.045757490560675,1,Active
Active,Ki,0.0009,155533972.0,0.0009,9.045757490560675,1,Active
Active,IC50,0.0009,164610511.0,0.0009,9.045757490560675,1,Active
Active,Ki,0.0009,155523758.0,0.0009,9.045757490560675,1,Active
Active,Ki,0.0009,155558268.0,0.0009,9.045757490560675,1,Active
Active,IC50,0.0009,118196609.0,0.0009,9.045757490560675,1,Active
Active,IC50,0.0009,135276029.0,0.0009,9.045757490560675,1,Active
Active,Ki,0.0009,132010956.0,0.0009,9.045757490560675,1,Active
Active,IC50,0.00091,168295135.0,0.00091,9.040958607678906,1,Active
Active,IC50,0.00092,168290328.0,0.00092,9.036212172654444,1,Active
Active,IC50,0.000924,156811862.0,0.000924,9.034328028779893,1,Active
Active,IC50,0.00093,118137913.0,0.00093,9.031517051446064,1,Active
Active,IC50,0.00093,172056485.0,0.00093,9.031517051446064,1,Active
Active,IC50,0.00094,164607217.0,0.00094,9.0268721464003,1,Active
Active,IC50,0.00094,168286308.0,0.00094,9.0268721464003,1,Active
Active,IC50,0.00097,156471811.0,0.00097,9.013228265733755,1,Active
Active,IC50,0.00098,168283290.0,0.00098,9.008773924307505,1,Active
Active,IC50,0.00098,172056481.0,0.00098,9.008773924307505,1,Active
Active,Ki,0.00099,136236456.0,0.00099,9.00436480540245,1,Active
Active,IC50,0.00099,152186646.0,0.00099,9.00436480540245,1,Active
Active,Ki,0.001,118340829.0,0.001,9.0,1,Active
Active,IC50,0.001,122686379.0,0.001,9.0,1,Active
Active,IC50,0.001,122694874.0,0.001,9.0,1,Active
Active,IC50,0.001,122694905.0,0.001,9.0,1,Active
Active,IC50,0.001,122686579.0,0.001,9.0,1,Active
Active,IC50,0.001,122687153.0,0.001,9.0,1,Active
Active,IC50,0.001,168274462.0,0.001,9.0,1,Active
Active,IC50,0.001,122689906.0,0.001,9.0,1,Active
Active,IC50,0.001,138374971.0,0.001,9.0,1,Active
Active,IC50,0.001,122689914.0,0.001,9.0,1,Active
Active,IC50,0.001,122686338.0,0.001,9.0,1,Active
Active,IC50,0.001,122694849.0,0.001,9.0,1,Active
Active,IC50,0.001,122686604.0,0.001,9.0,1,Active
Active,IC50,0.001,122686829.0,0.001,9.0,1,Active
Active,IC50,0.001,90376135.0,0.001,9.0,1,Active
Active,IC50,0.001,122694845.0,0.001,9.0,1,Active
Active,IC50,0.001,122686363.0,0.001,9.0,1,Active
Active,IC50,0.001,122694881.0,0.001,9.0,1,Active
Active,IC50,0.001,172453592.0,0.001,9.0,1,Active
Active,IC50,0.001,122689884.0,0.001,9.0,1,Active
Active,IC50,0.001,122686519.0,0.001,9.0,1,Active
Active,IC50,0.001,122686590.0,0.001,9.0,1,Active
Active,IC50,0.001,138403632.0,0.001,9.0,1,Active
Active,IC50,0.001,138403646.0,0.001,9.0,1,Active
Active,IC50,0.001,122689894.0,0.001,9.0,1,Active
Active,IC50,0.001,122695936.0,0.001,9.0,1,Active
Active,IC50,0.001,139558453.0,0.001,9.0,1,Active
Active,IC50,0.001,139558251.0,0.001,9.0,1,Active
Active,IC50,0.001,139558288.0,0.001,9.0,1,Active
Active,IC50,0.001,139558393.0,0.001,9.0,1,Active
Active,Ki,0.001,118340720.0,0.001,9.0,1,Active
Active,IC50,0.001,73891130.0,0.001,9.0,1,Active
Active,IC50,0.001,122686751.0,0.001,9.0,1,Active
Active,IC50,0.001,138374945.0,0.001,9.0,1,Active
Active,Ki,0.001,146011705.0,0.001,9.0,1,Active
Active,IC50,0.001,135276229.0,0.001,9.0,1,Active
Active,IC50,0.001,172460107.0,0.001,9.0,1,Active
Active,IC50,0.001,126673055.0,0.001,9.0,1,Active
Active,IC50,0.001,166595965.0,0.001,9.0,1,Active
Active,IC50,0.001,146342148.0,0.001,9.0,1,Active
Active,Ki,0.001,155510847.0,0.001,9.0,1,Active
Active,IC50,0.001,122686664.0,0.001,9.0,1,Active
Active,IC50,0.001,122686353.0,0.001,9.0,1,Active
Active,IC50,0.001,122694925.0,0.001,9.0,1,Active
Active,IC50,0.001,138403636.0,0.001,9.0,1,Active
Active,IC50,0.001,139558324.0,0.001,9.0,1,Active
Active,IC50,0.001,139558426.0,0.001,9.0,1,Active
Active,Ki,0.001,132010285.0,0.001,9.0,1,Active
Active,IC50,0.001,122588564.0,0.001,9.0,1,Active
Active,Ki,0.001,86580971.0,0.001,9.0,1,Active
Active,IC50,0.001,177382080.0,0.001,9.0,1,Active
Active,IC50,0.001,146525077.0,0.001,9.0,1,Active
Active,Ki,0.001,118340612.0,0.001,9.0,1,Active
Active,IC50,0.001,138403645.0,0.001,9.0,1,Active
Active,IC50,0.001,122686679.0,0.001,9.0,1,Active
Active,Ki,0.001,162495331.0,0.001,9.0,1,Active
Active,IC50,0.001,122686372.0,0.001,9.0,1,Active
Active,IC50,0.001,138403631.0,0.001,9.0,1,Active
Active,IC50,0.001,138374950.0,0.001,9.0,1,Active
Active,IC50,0.001,138374969.0,0.001,9.0,1,Active
Active,IC50,0.001,122686479.0,0.001,9.0,1,Active
Active,Ki,0.001,71616054.0,0.001,9.0,1,Active
Active,IC50,0.001,138403639.0,0.001,9.0,1,Active
Active,IC50,0.001,122686544.0,0.001,9.0,1,Active
Active,IC50,0.001,122687286.0,0.001,9.0,1,Active
Active,IC50,0.001,172471193.0,0.001,9.0,1,Active
Active,Ki,0.001,162495304.0,0.001,9.0,1,Active
Active,Kd,0.001,46907787.0,0.001,9.0,1,Active
Active,IC50,0.001,122686492.0,0.001,9.0,1,Active
Active,IC50,0.001,138403658.0,0.001,9.0,1,Active
Active,IC50,0.001,122694945.0,0.001,9.0,1,Active
Active,IC50,0.001,138403676.0,0.001,9.0,1,Active
Active,IC50,0.001,138403641.0,0.001,9.0,1,Active
Active,IC50,0.001,122686624.0,0.001,9.0,1,Active
Active,IC50,0.001,139558435.0,0.001,9.0,1,Active
Active,IC50,0.001,122686389.0,0.001,9.0,1,Active
Active,Kd,0.001,177377429.0,0.001,9.0,1,Active
Active,IC50,0.001,122694913.0,0.001,9.0,1,Active
Active,IC50,0.001,126673021.0,0.001,9.0,1,Active
Active,IC50,0.001,126673054.0,0.001,9.0,1,Active
Active,IC50,0.001,134485952.0,0.001,9.0,1,Active
Active,IC50,0.001,138374967.0,0.001,9.0,1,Active
Active,Kd,0.001,177377431.0,0.001,9.0,1,Active
Active,Ki,0.001,162495326.0,0.001,9.0,1,Active
Active,IC50,0.001,155802732.0,0.001,9.0,1,Active
Active,IC50,0.001,122686417.0,0.001,9.0,1,Active
Active,IC50,0.001,142746017.0,0.001,9.0,1,Active
Active,IC50,0.001,122686413.0,0.001,9.0,1,Active
Active,IC50,0.001,122694869.0,0.001,9.0,1,Active
Active,IC50,0.001,122687150.0,0.001,9.0,1,Active
Active,IC50,0.001,122687184.0,0.001,9.0,1,Active
Active,IC50,0.001,122686625.0,0.001,9.0,1,Active
Active,IC50,0.001,166596094.0,0.001,9.0,1,Active
Active,IC50,0.001,138403633.0,0.001,9.0,1,Active
Active,IC50,0.001,122686398.0,0.001,9.0,1,Active
Active,IC50,0.001,122686356.0,0.001,9.0,1,Active
Active,IC50,0.001,122694873.0,0.001,9.0,1,Active
Active,IC50,0.001,122686640.0,0.001,9.0,1,Active
Active,IC50,0.001,122694924.0,0.001,9.0,1,Active
Active,IC50,0.001,138374968.0,0.001,9.0,1,Active
Active,Ki,0.001,132010104.0,0.001,9.0,1,Active
Active,IC50,0.001,138374958.0,0.001,9.0,1,Active
Active,IC50,0.001,164618768.0,0.001,9.0,1,Active
Active,IC50,0.001,122689858.0,0.001,9.0,1,Active
Active,Ki,0.001,118340729.0,0.001,9.0,1,Active
Active,Ki,0.001,118340663.0,0.001,9.0,1,Active
Active,IC50,0.001,122694839.0,0.001,9.0,1,Active
Active,IC50,0.001,122686326.0,0.001,9.0,1,Active
Active,IC50,0.001,155802704.0,0.001,9.0,1,Active
Active,IC50,0.001,138403642.0,0.001,9.0,1,Active
Active,IC50,0.001,122687160.0,0.001,9.0,1,Active
Active,IC50,0.001,122686547.0,0.001,9.0,1,Active
Active,IC50,0.001,138374965.0,0.001,9.0,1,Active
Active,IC50,0.001,155802733.0,0.001,9.0,1,Active
Active,IC50,0.001,122688356.0,0.001,9.0,1,Active
Active,IC50,0.001,122688406.0,0.001,9.0,1,Active
Active,IC50,0.001,155802706.0,0.001,9.0,1,Active
Active,IC50,0.001,122694887.0,0.001,9.0,1,Active
Active,IC50,0.001,122686350.0,0.001,9.0,1,Active
Active,IC50,0.001,135276289.0,0.001,9.0,1,Active
Active,IC50,0.001,122694904.0,0.001,9.0,1,Active
Active,IC50,0.001,122686399.0,0.001,9.0,1,Active
Active,IC50,0.001,122694847.0,0.001,9.0,1,Active
Active,IC50,0.001,122686345.0,0.001,9.0,1,Active
Active,IC50,0.001,138403643.0,0.001,9.0,1,Active
Active,IC50,0.001,138374961.0,0.001,9.0,1,Active
Active,IC50,0.001,137448670.0,0.001,9.0,1,Active
Active,IC50,0.001,122688403.0,0.001,9.0,1,Active
Active,IC50,0.001,134485954.0,0.001,9.0,1,Active
Active,IC50,0.001,122686888.0,0.001,9.0,1,Active
Active,IC50,0.001,122686598.0,0.001,9.0,1,Active
Active,IC50,0.001,142746239.0,0.001,9.0,1,Active
Active,IC50,0.001,122686388.0,0.001,9.0,1,Active
Active,IC50,0.001,122686385.0,0.001,9.0,1,Active
Active,IC50,0.001,134485955.0,0.001,9.0,1,Active
Active,IC50,0.001,138403635.0,0.001,9.0,1,Active
Active,IC50,0.001,122688390.0,0.001,9.0,1,Active
Active,IC50,0.001,155802705.0,0.001,9.0,1,Active
Active,IC50,0.001,122686592.0,0.001,9.0,1,Active
Active,IC50,0.001,122694851.0,0.001,9.0,1,Active
Active,IC50,0.001,122686553.0,0.001,9.0,1,Active
Active,IC50,0.001,122694840.0,0.001,9.0,1,Active
Active,IC50,0.001,138403640.0,0.001,9.0,1,Active
Active,IC50,0.001,122694842.0,0.001,9.0,1,Active
Active,IC50,0.001,122688389.0,0.001,9.0,1,Active
Active,IC50,0.001,122694852.0,0.001,9.0,1,Active
Active,IC50,0.001,122686511.0,0.001,9.0,1,Active
Active,IC50,0.001,139571043.0,0.001,9.0,1,Active
Active,IC50,0.001,122695943.0,0.001,9.0,1,Active
Active,IC50,0.001,122694909.0,0.001,9.0,1,Active
Active,IC50,0.001,122689911.0,0.001,9.0,1,Active
Active,IC50,0.001,122686622.0,0.001,9.0,1,Active
Active,IC50,0.001,122694921.0,0.001,9.0,1,Active
Active,IC50,0.001,122694943.0,0.001,9.0,1,Active
Active,IC50,0.001,138403655.0,0.001,9.0,1,Active
Active,IC50,0.001,138403660.0,0.001,9.0,1,Active
Active,IC50,0.001,122686426.0,0.001,9.0,1,Active
Active,IC50,0.001,169234322.0,0.001,9.0,1,Active
Active,IC50,0.001,169234313.0,0.001,9.0,1,Active
Active,IC50,0.001,169234328.0,0.001,9.0,1,Active
Active,Ki,0.001,118340843.0,0.001,9.0,1,Active
Active,IC50,0.001,122694923.0,0.001,9.0,1,Active
Active,IC50,0.001,154995476.0,0.001,9.0,1,Active
Active,IC50,0.001,134485969.0,0.001,9.0,1,Active
Active,IC50,0.001,139570818.0,0.001,9.0,1,Active
Active,IC50,0.001,138533986.0,0.001,9.0,1,Active
Active,IC50,0.001,138403679.0,0.001,9.0,1,Active
Active,IC50,0.001,138403654.0,0.001,9.0,1,Active
Active,IC50,0.001,122686331.0,0.001,9.0,1,Active
Active,IC50,0.001,122694920.0,0.001,9.0,1,Active
Active,IC50,0.001,138374962.0,0.001,9.0,1,Active
Active,IC50,0.001,138374957.0,0.001,9.0,1,Active
Active,Ki,0.001,89656009.0,0.001,9.0,1,Active
Active,IC50,0.001,122689896.0,0.001,9.0,1,Active
Active,IC50,0.001,138374949.0,0.001,9.0,1,Active
Active,IC50,0.001,138374953.0,0.001,9.0,1,Active
Active,IC50,0.001,122689900.0,0.001,9.0,1,Active
Active,IC50,0.001,138374960.0,0.001,9.0,1,Active
Active,IC50,0.001,122696117.0,0.001,9.0,1,Active
Active,Ki,0.001,118340684.0,0.001,9.0,1,Active
Active,IC50,0.001,77844001.0,0.001,9.0,1,Active
Active,IC50,0.001,155457807.0,0.001,9.0,1,Active
Active,IC50,0.001,138403634.0,0.001,9.0,1,Active
Active,IC50,0.001,122694850.0,0.001,9.0,1,Active
Active,IC50,0.001,139558308.0,0.001,9.0,1,Active
Active,IC50,0.001,91810827.0,0.001,9.0,1,Active
Active,IC50,0.001,169234335.0,0.001,9.0,1,Active
Active,IC50,0.001,122686523.0,0.001,9.0,1,Active
Active,IC50,0.001,138374951.0,0.001,9.0,1,Active
Active,IC50,0.001,138374959.0,0.001,9.0,1,Active
Active,IC50,0.001,122689895.0,0.001,9.0,1,Active
Active,IC50,0.001,169234307.0,0.001,9.0,1,Active
Active,IC50,0.001,153697722.0,0.001,9.0,1,Active
Active,IC50,0.001,122694898.0,0.001,9.0,1,Active
Active,IC50,0.001,122694912.0,0.001,9.0,1,Active
Active,IC50,0.001,122686500.0,0.001,9.0,1,Active
Active,IC50,0.001,122686605.0,0.001,9.0,1,Active
Active,IC50,0.001,138374963.0,0.001,9.0,1,Active
Active,IC50,0.001,122695999.0,0.001,9.0,1,Active
Active,IC50,0.001,145963957.0,0.001,9.0,1,Active
Active,IC50,0.001,138403656.0,0.001,9.0,1,Active
Active,IC50,0.001,142745947.0,0.001,9.0,1,Active
Active,IC50,0.001,122687154.0,0.001,9.0,1,Active
Active,Ki,0.0011,117772467.0,0.0011,8.958607314841775,1,Active
Active,Ki,0.0011,132010854.0,0.0011,8.958607314841775,1,Active
Active,Ki,0.0011,71617221.0,0.0011,8.958607314841775,1,Active
Active,Ki,0.0011,117772437.0,0.0011,8.958607314841775,1,Active
Active,IC50,0.0011,172056487.0,0.0011,8.958607314841775,1,Active
Active,Ki,0.0011,155528197.0,0.0011,8.958607314841775,1,Active
Active,IC50,0.0011,151908478.0,0.0011,8.958607314841775,1,Active
Active,Ki,0.0011,71616659.0,0.0011,8.958607314841775,1,Active
Active,IC50,0.0011,153697673.0,0.0011,8.958607314841775,1,Active
Active,Ki,0.0011,132010963.0,0.0011,8.958607314841775,1,Active
Active,Ki,0.0011,89656373.0,0.0011,8.958607314841775,1,Active
Active,Ki,0.0011,86580970.0,0.0011,8.958607314841775,1,Active
Active,Ki,0.0011,155516682.0,0.0011,8.958607314841775,1,Active
Active,Ki,0.0011,132010280.0,0.0011,8.958607314841775,1,Active
Active,Ki,0.0011,155532041.0,0.0011,8.958607314841775,1,Active
Active,Ki,0.0011,86580972.0,0.0011,8.958607314841775,1,Active
Active,Ki,0.0011,155535301.0,0.0011,8.958607314841775,1,Active
Active,Ki,0.0011,146027046.0,0.0011,8.958607314841775,1,Active
Active,Ki,0.0011,71616989.0,0.0011,8.958607314841775,1,Active
Active,Ki,0.0011,90395625.0,0.0011,8.958607314841775,1,Active
Active,Ki,0.0011,155549970.0,0.0011,8.958607314841775,1,Active
Active,Ki,0.0011,132011012.0,0.0011,8.958607314841775,1,Active
Active,Ki,0.0011,141718890.0,0.0011,8.958607314841775,1,Active
Active,Ki,0.0011,141718896.0,0.0011,8.958607314841775,1,Active
Active,IC50,0.00117,123131640.0,0.00117,8.931814138253838,1,Active
Active,IC50,0.0012,155457415.0,0.0012,8.920818753952375,1,Active
Active,Ki,0.0012,89657560.0,0.0012,8.920818753952375,1,Active
Active,Ki,0.0012,132010752.0,0.0012,8.920818753952375,1,Active
Active,Ki,0.0012,71616765.0,0.0012,8.920818753952375,1,Active
Active,IC50,0.0012,153697687.0,0.0012,8.920818753952375,1,Active
Active,Ki,0.0012,155540862.0,0.0012,8.920818753952375,1,Active
Active,Ki,0.0012,89656197.0,0.0012,8.920818753952375,1,Active
Active,Ki,0.0012,132010085.0,0.0012,8.920818753952375,1,Active
Active,Ki,0.0012,71621708.0,0.0012,8.920818753952375,1,Active
Active,Ki,0.0012,89656490.0,0.0012,8.920818753952375,1,Active
Active,Ki,0.0012,86580813.0,0.0012,8.920818753952375,1,Active
Active,Ki,0.0012,89657466.0,0.0012,8.920818753952375,1,Active
Active,Ki,0.0012,89657424.0,0.0012,8.920818753952375,1,Active
Active,Ki,0.0012,118340796.0,0.0012,8.920818753952375,1,Active
Active,Ki,0.0012,145972103.0,0.0012,8.920818753952375,1,Active
Active,IC50,0.0012,164619146.0,0.0012,8.920818753952375,1,Active
Active,IC50,0.0012,11364421.0,0.0012,8.920818753952375,1,Active
Active,Ki,0.0012,89657583.0,0.0012,8.920818753952375,1,Active
Active,IC50,0.0012,172056489.0,0.0012,8.920818753952375,1,Active
Active,IC50,0.0012,166177934.0,0.0012,8.920818753952375,1,Active
Active,IC50,0.0012,155431228.0,0.0012,8.920818753952375,1,Active
Active,Kd,0.001259,132186095.0,0.001259,8.899974269892137,1,Active
Active,Ki,0.00126,155042823.0,0.00126,8.899629454882437,1,Active
Active,Ki,0.0013,89656132.0,0.0013,8.886056647693163,1,Active
Active,Ki,0.0013,71616769.0,0.0013,8.886056647693163,1,Active
Active,IC50,0.0013,122688442.0,0.0013,8.886056647693163,1,Active
Active,IC50,0.0013,118889467.0,0.0013,8.886056647693163,1,Active
Active,Ki,0.0013,141718891.0,0.0013,8.886056647693163,1,Active
Active,IC50,0.0013,168294105.0,0.0013,8.886056647693163,1,Active
Active,Kd,0.0013,86301666.0,0.0013,8.886056647693163,1,Active
Active,Ki,0.0013,89656198.0,0.0013,8.886056647693163,1,Active
Active,Ki,0.0013,132010953.0,0.0013,8.886056647693163,1,Active
Active,Ki,0.0013,132010929.0,0.0013,8.886056647693163,1,Active
Active,Ki,0.0013,132010072.0,0.0013,8.886056647693163,1,Active
Active,Ki,0.0013,155568572.0,0.0013,8.886056647693163,1,Active
Active,IC50,0.0013,118138006.0,0.0013,8.886056647693163,1,Active
Active,Ki,0.0013,155516103.0,0.0013,8.886056647693163,1,Active
Active,IC50,0.0013,146323035.0,0.0013,8.886056647693163,1,Active
Active,IC50,0.0013,172056486.0,0.0013,8.886056647693163,1,Active
Active,Ki,0.0013,132011018.0,0.0013,8.886056647693163,1,Active
Active,Ki,0.0013,117776018.0,0.0013,8.886056647693163,1,Active
Active,IC50,0.0013,118509530.0,0.0013,8.886056647693163,1,Active
Active,Ki,0.0013,132010688.0,0.0013,8.886056647693163,1,Active
Active,Ki,0.0013,132010084.0,0.0013,8.886056647693163,1,Active
Active,Ki,0.0013,168286120.0,0.0013,8.886056647693163,1,Active
Active,Ki,0.0013,89655916.0,0.0013,8.886056647693163,1,Active
Active,Kd,0.0013,132157535.0,0.0013,8.886056647693163,1,Active
Active,IC50,0.0013,150907500.0,0.0013,8.886056647693163,1,Active
Active,Ki,0.0013,132010870.0,0.0013,8.886056647693163,1,Active
Active,Ki,0.0013,86581390.0,0.0013,8.886056647693163,1,Active
Active,Ki,0.00133,155043388.0,0.00133,8.876148359032914,1,Active
Active,Ki,0.0014,117772457.0,0.0014,8.853871964321762,1,Active
Active,IC50,0.0014,166177886.0,0.0014,8.853871964321762,1,Active
Active,IC50,0.0014,172457340.0,0.0014,8.853871964321762,1,Active
Active,Ki,0.0014,155561457.0,0.0014,8.853871964321762,1,Active
Active,Ki,0.0014,132011017.0,0.0014,8.853871964321762,1,Active
Active,IC50,0.0014,177382079.0,0.0014,8.853871964321762,1,Active
Active,IC50,0.0014,177382081.0,0.0014,8.853871964321762,1,Active
Active,IC50,0.0014,168280148.0,0.0014,8.853871964321762,1,Active
Active,Ki,0.0014,71616300.0,0.0014,8.853871964321762,1,Active
Active,Ki,0.0014,86581393.0,0.0014,8.853871964321762,1,Active
Active,Ki,0.0014,71616876.0,0.0014,8.853871964321762,1,Active
Active,Ki,0.0014,141718903.0,0.0014,8.853871964321762,1,Active
Active,Ki,0.0014,90395752.0,0.0014,8.853871964321762,1,Active
Active,Ki,0.0014,132010127.0,0.0014,8.853871964321762,1,Active
Active,Ki,0.0014,71616875.0,0.0014,8.853871964321762,1,Active
Active,IC50,0.0014,168283951.0,0.0014,8.853871964321762,1,Active
Active,IC50,0.0014,164618899.0,0.0014,8.853871964321762,1,Active
Active,IC50,0.0014,168271032.0,0.0014,8.853871964321762,1,Active
Active,IC50,0.0014,168273316.0,0.0014,8.853871964321762,1,Active
Active,Ki,0.0014,141718895.0,0.0014,8.853871964321762,1,Active
Active,IC50,0.00144,168295310.0,0.00144,8.84163750790475,1,Active
Active,Ki,0.0015,132010960.0,0.0015,8.823908740944319,1,Active
Active,Ki,0.0015,71617689.0,0.0015,8.823908740944319,1,Active
Active,Ki,0.0015,132010913.0,0.0015,8.823908740944319,1,Active
Active,Ki,0.0015,141718932.0,0.0015,8.823908740944319,1,Active
Active,Ki,0.0015,141718927.0,0.0015,8.823908740944319,1,Active
Active,Ki,0.0015,132010746.0,0.0015,8.823908740944319,1,Active
Active,Ki,0.0015,132010997.0,0.0015,8.823908740944319,1,Active
Active,IC50,0.0015,155431220.0,0.0015,8.823908740944319,1,Active
Active,Ki,0.0015,89655935.0,0.0015,8.823908740944319,1,Active
Active,IC50,0.0015,162643008.0,0.0015,8.823908740944319,1,Active
Active,IC50,0.0015,168290828.0,0.0015,8.823908740944319,1,Active
Active,Ki,0.0015,90200321.0,0.0015,8.823908740944319,1,Active
Active,Ki,0.0015,89657443.0,0.0015,8.823908740944319,1,Active
Active,Kd,0.0015,162394473.0,0.0015,8.823908740944319,1,Active
Active,Ki,0.0015,118137759.0,0.0015,8.823908740944319,1,Active
Active,Ki,0.0015,117775892.0,0.0015,8.823908740944319,1,Active
Active,Ki,0.0015,118137789.0,0.0015,8.823908740944319,1,Active
Active,Ki,0.0015,89656472.0,0.0015,8.823908740944319,1,Active
Active,IC50,0.0015,166631847.0,0.0015,8.823908740944319,1,Active
Active,Ki,0.0015,146236627.0,0.0015,8.823908740944319,1,Active
Active,Ki,0.00156,87054973.0,0.00156,8.806875401645538,1,Active
Active,Ki,0.001585,118693673.0,0.001585,8.79997073344623,1,Active
Active,Ki,0.0016,71617109.0,0.0016,8.795880017344075,1,Active
Active,IC50,0.0016,118693659.0,0.0016,8.795880017344075,1,Active
Active,IC50,0.0016,156471894.0,0.0016,8.795880017344075,1,Active
Active,Ki,0.0016,117772651.0,0.0016,8.795880017344075,1,Active
Active,IC50,0.0016,122588590.0,0.0016,8.795880017344075,1,Active
Active,Ki,0.0016,132010729.0,0.0016,8.795880017344075,1,Active
Active,IC50,0.0016,164617536.0,0.0016,8.795880017344075,1,Active
Active,Ki,0.0016,117775927.0,0.0016,8.795880017344075,1,Active
Active,IC50,0.0016,168510584.0,0.0016,8.795880017344075,1,Active
Active,Ki,0.0016,117772413.0,0.0016,8.795880017344075,1,Active
Active,Ki,0.0016,90395734.0,0.0016,8.795880017344075,1,Active
Active,Kd,0.0016,146047136.0,0.0016,8.795880017344075,1,Active
Active,IC50,0.0016,166177895.0,0.0016,8.795880017344075,1,Active
Active,Ki,0.0016,132010737.0,0.0016,8.795880017344075,1,Active
Active,IC50,0.0016,166642486.0,0.0016,8.795880017344075,1,Active
Active,Ki,0.0016,132010316.0,0.0016,8.795880017344075,1,Active
Active,Ki,0.00162,86581990.0,0.00162,8.790484985457368,1,Active
Active,IC50,0.0017,155457506.0,0.0017,8.769551078621726,1,Active
Active,Ki,0.0017,89655850.0,0.0017,8.769551078621726,1,Active
Active,Ki,0.0017,118340697.0,0.0017,8.769551078621726,1,Active
Active,IC50,0.0017,118693661.0,0.0017,8.769551078621726,1,Active
Active,Ki,0.0017,117775855.0,0.0017,8.769551078621726,1,Active
Active,Ki,0.0017,71617219.0,0.0017,8.769551078621726,1,Active
Active,Kd,0.0017,90448953.0,0.0017,8.769551078621726,1,Active
Active,Ki,0.0017,71616657.0,0.0017,8.769551078621726,1,Active
Active,Kd,0.0017,163321848.0,0.0017,8.769551078621726,1,Active
Active,Ki,0.0017,146011707.0,0.0017,8.769551078621726,1,Active
Active,Ki,0.0017,141718943.0,0.0017,8.769551078621726,1,Active
Active,Ki,0.0017,117775483.0,0.0017,8.769551078621726,1,Active
Active,Ki,0.0017,132010731.0,0.0017,8.769551078621726,1,Active
Active,Ki,0.0017,141718900.0,0.0017,8.769551078621726,1,Active
Active,Ki,0.0017,117775793.0,0.0017,8.769551078621726,1,Active
Active,IC50,0.0017,166177894.0,0.0017,8.769551078621726,1,Active
Active,Ki,0.0017,155556283.0,0.0017,8.769551078621726,1,Active
Active,IC50,0.0017,153697662.0,0.0017,8.769551078621726,1,Active
Active,Ki,0.0018,89656032.0,0.0018,8.744727494896694,1,Active
Active,IC50,0.0018,155457734.0,0.0018,8.744727494896694,1,Active
Active,Ki,0.0018,89657419.0,0.0018,8.744727494896694,1,Active
Active,IC50,0.0018,166177897.0,0.0018,8.744727494896694,1,Active
Active,Ki,0.0018,136236451.0,0.0018,8.744727494896694,1,Active
Active,Ki,0.0018,71621546.0,0.0018,8.744727494896694,1,Active
Active,Ki,0.0018,155567978.0,0.0018,8.744727494896694,1,Active
Active,Ki,0.0018,86580809.0,0.0018,8.744727494896694,1,Active
Active,Ki,0.0018,132010168.0,0.0018,8.744727494896694,1,Active
Active,Ki,0.0018,71621544.0,0.0018,8.744727494896694,1,Active
Active,Ki,0.0018,155520847.0,0.0018,8.744727494896694,1,Active
Active,Ki,0.0018,132010282.0,0.0018,8.744727494896694,1,Active
Active,Ki,0.0018,89657217.0,0.0018,8.744727494896694,1,Active
Active,Ki,0.0018,132010908.0,0.0018,8.744727494896694,1,Active
Active,IC50,0.0018,78321130.0,0.0018,8.744727494896694,1,Active
Active,Ki,0.0018,136236452.0,0.0018,8.744727494896694,1,Active
Active,IC50,0.001872,118547302.0,0.001872,8.727694155597913,1,Active
Active,IC50,0.0019,70664192.0,0.0019,8.721246399047171,1,Active
Active,IC50,0.0019,168277552.0,0.0019,8.721246399047171,1,Active
Active,IC50,0.0019,166628626.0,0.0019,8.721246399047171,1,Active
Active,IC50,0.0019,150676624.0,0.0019,8.721246399047171,1,Active
Active,Ki,0.0019,86582760.0,0.0019,8.721246399047171,1,Active
Active,Ki,0.0019,71616766.0,0.0019,8.721246399047171,1,Active
Active,Ki,0.0019,89657235.0,0.0019,8.721246399047171,1,Active
Active,Ki,0.0019,71617458.0,0.0019,8.721246399047171,1,Active
Active,Ki,0.0019,89656079.0,0.0019,8.721246399047171,1,Active
Active,Ki,0.0019,89656275.0,0.0019,8.721246399047171,1,Active
Active,IC50,0.0019,118196517.0,0.0019,8.721246399047171,1,Active
Active,Ki,0.0019,141718888.0,0.0019,8.721246399047171,1,Active
Active,Ki,0.0019,132010270.0,0.0019,8.721246399047171,1,Active
Active,Ki,0.0019,141718915.0,0.0019,8.721246399047171,1,Active
Active,Ki,0.0019,89656219.0,0.0019,8.721246399047171,1,Active
Active,Ki,0.0019,86582915.0,0.0019,8.721246399047171,1,Active
Active,Ki,0.0019,118137780.0,0.0019,8.721246399047171,1,Active
Active,Kd,0.001995,132004022.0,0.001995,8.700057099977233,1,Active
Active,IC50,0.001995,155522854.0,0.001995,8.700057099977233,1,Active
Active,IC50,0.002,164626320.0,0.002,8.698970004336019,1,Active
Active,IC50,0.002,126521537.0,0.002,8.698970004336019,1,Active
Active,IC50,0.002,142746145.0,0.002,8.698970004336019,1,Active
Active,IC50,0.002,118137762.0,0.002,8.698970004336019,1,Active
Active,Kd,0.002,135124681.0,0.002,8.698970004336019,1,Active
Active,IC50,0.002,139570987.0,0.002,8.698970004336019,1,Active
Active,Ki,0.002,124163070.0,0.002,8.698970004336019,1,Active
Active,Ki,0.002,141718920.0,0.002,8.698970004336019,1,Active
Active,IC50,0.002,126673029.0,0.002,8.698970004336019,1,Active
Active,IC50,0.002,139571042.0,0.002,8.698970004336019,1,Active
Active,IC50,0.002,139570819.0,0.002,8.698970004336019,1,Active
Active,IC50,0.002,139558429.0,0.002,8.698970004336019,1,Active
Active,IC50,0.002,122588642.0,0.002,8.698970004336019,1,Active
Active,IC50,0.002,166595931.0,0.002,8.698970004336019,1,Active
Active,IC50,0.002,118021718.0,0.002,8.698970004336019,1,Active
Active,Ki,0.002,141718957.0,0.002,8.698970004336019,1,Active
Active,IC50,0.002,126673040.0,0.002,8.698970004336019,1,Active
Active,IC50,0.002,135276300.0,0.002,8.698970004336019,1,Active
Active,IC50,0.002,135276425.0,0.002,8.698970004336019,1,Active
Active,IC50,0.002,142406665.0,0.002,8.698970004336019,1,Active
Active,IC50,0.002,135276126.0,0.002,8.698970004336019,1,Active
Active,Ki,0.002,89656242.0,0.002,8.698970004336019,1,Active
Active,Ki,0.002,132010408.0,0.002,8.698970004336019,1,Active
Active,IC50,0.002,126564486.0,0.002,8.698970004336019,1,Active
Active,IC50,0.002,145989682.0,0.002,8.698970004336019,1,Active
Active,IC50,0.002,142746073.0,0.002,8.698970004336019,1,Active
Active,Ki,0.002,118340551.0,0.002,8.698970004336019,1,Active
Active,IC50,0.002,139558322.0,0.002,8.698970004336019,1,Active
Active,IC50,0.002,139558215.0,0.002,8.698970004336019,1,Active
Active,IC50,0.002,168296798.0,0.002,8.698970004336019,1,Active
Active,IC50,0.002,142746140.0,0.002,8.698970004336019,1,Active
Active,IC50,0.002,155457732.0,0.002,8.698970004336019,1,Active
Active,IC50,0.002,155457628.0,0.002,8.698970004336019,1,Active
Active,IC50,0.002,139558289.0,0.002,8.698970004336019,1,Active
Active,Ki,0.002,86582917.0,0.002,8.698970004336019,1,Active
Active,IC50,0.002,139558360.0,0.002,8.698970004336019,1,Active
Active,IC50,0.002,139570846.0,0.002,8.698970004336019,1,Active
Active,IC50,0.002,126673314.0,0.002,8.698970004336019,1,Active
Active,IC50,0.002,139558281.0,0.002,8.698970004336019,1,Active
Active,IC50,0.002,86281483.0,0.002,8.698970004336019,1,Active
Active,IC50,0.002,166596132.0,0.002,8.698970004336019,1,Active
Active,IC50,0.002,155457513.0,0.002,8.698970004336019,1,Active
Active,IC50,0.002,118022691.0,0.002,8.698970004336019,1,Active
Active,IC50,0.002,166596396.0,0.002,8.698970004336019,1,Active
Active,IC50,0.002,139558235.0,0.002,8.698970004336019,1,Active
Active,IC50,0.002,166595954.0,0.002,8.698970004336019,1,Active
Active,Ki,0.002,117775404.0,0.002,8.698970004336019,1,Active
Active,IC50,0.002,139558423.0,0.002,8.698970004336019,1,Active
Active,IC50,0.002,139558376.0,0.002,8.698970004336019,1,Active
Active,IC50,0.002,146525069.0,0.002,8.698970004336019,1,Active
Active,Ki,0.002,132010957.0,0.002,8.698970004336019,1,Active
Active,Ki,0.002,117775940.0,0.002,8.698970004336019,1,Active
Active,IC50,0.002,139558438.0,0.002,8.698970004336019,1,Active
Active,IC50,0.002,139570985.0,0.002,8.698970004336019,1,Active
Active,Ki,0.0021,71616654.0,0.0021,8.67778070526608,1,Active
Active,IC50,0.0021,162669413.0,0.0021,8.67778070526608,1,Active
Active,IC50,0.0021,155431223.0,0.0021,8.67778070526608,1,Active
Active,Ki,0.0021,86582916.0,0.0021,8.67778070526608,1,Active
Active,Ki,0.0021,86580648.0,0.0021,8.67778070526608,1,Active
Active,Kd,0.0021,171350411.0,0.0021,8.67778070526608,1,Active
Active,IC50,0.0021,162651067.0,0.0021,8.67778070526608,1,Active
Active,Ki,0.0021,130345617.0,0.0021,8.67778070526608,1,Active
Active,Ki,0.0021,155566905.0,0.0021,8.67778070526608,1,Active
Active,Ki,0.0021,155557247.0,0.0021,8.67778070526608,1,Active
Active,Ki,0.0021,71617463.0,0.0021,8.67778070526608,1,Active
Active,Ki,0.0021,71616656.0,0.0021,8.67778070526608,1,Active
Active,IC50,0.0021,155431400.0,0.0021,8.67778070526608,1,Active
Active,Ki,0.0021,132010082.0,0.0021,8.67778070526608,1,Active
Active,IC50,0.0021,162655755.0,0.0021,8.67778070526608,1,Active
Active,IC50,0.0021,162676843.0,0.0021,8.67778070526608,1,Active
Active,IC50,0.0021,162656283.0,0.0021,8.67778070526608,1,Active
Active,Ki,0.0021,71615940.0,0.0021,8.67778070526608,1,Active
Active,Ki,0.0021,117772689.0,0.0021,8.67778070526608,1,Active
Active,IC50,0.0022,150592145.0,0.0022,8.657577319177793,1,Active
Active,Ki,0.0022,132010685.0,0.0022,8.657577319177793,1,Active
Active,Ki,0.0022,89657627.0,0.0022,8.657577319177793,1,Active
Active,Ki,0.0022,71616658.0,0.0022,8.657577319177793,1,Active
Active,IC50,0.0022,168297523.0,0.0022,8.657577319177793,1,Active
Active,IC50,0.0022,155648327.0,0.0022,8.657577319177793,1,Active
Active,IC50,0.0022,126673001.0,0.0022,8.657577319177793,1,Active
Active,Ki,0.0022,141718905.0,0.0022,8.657577319177793,1,Active
Active,IC50,0.0022,139341730.0,0.0022,8.657577319177793,1,Active
Active,Ki,0.0022,87054974.0,0.0022,8.657577319177793,1,Active
Active,Ki,0.0022,141718899.0,0.0022,8.657577319177793,1,Active
Active,Ki,0.00228,118116651.0,0.00228,8.642065152999546,1,Active
Active,Ki,0.0023,132010080.0,0.0023,8.638272163982407,1,Active
Active,Ki,0.0023,132010673.0,0.0023,8.638272163982407,1,Active
Active,Ki,0.0023,132010739.0,0.0023,8.638272163982407,1,Active
Active,Kd,0.0023,164607223.0,0.0023,8.638272163982407,1,Active
Active,Ki,0.0023,132010319.0,0.0023,8.638272163982407,1,Active
Active,Ki,0.0023,132010693.0,0.0023,8.638272163982407,1,Active
Active,IC50,0.0023,145966522.0,0.0023,8.638272163982407,1,Active
Active,IC50,0.0023,137529642.0,0.0023,8.638272163982407,1,Active
Active,Ki,0.0023,132010862.0,0.0023,8.638272163982407,1,Active
Active,Ki,0.0023,71617577.0,0.0023,8.638272163982407,1,Active
Active,Ki,0.0023,71616987.0,0.0023,8.638272163982407,1,Active
Active,Ki,0.0023,132010284.0,0.0023,8.638272163982407,1,Active
Active,Ki,0.0023,130345579.0,0.0023,8.638272163982407,1,Active
Active,Ki,0.00234,86582294.0,0.00234,8.630784142589857,1,Active
Active,Ki,0.0024,86581115.0,0.0024,8.619788758288394,1,Active
Active,Ki,0.0024,89655852.0,0.0024,8.619788758288394,1,Active
Active,Ki,0.0024,86580811.0,0.0024,8.619788758288394,1,Active
Active,Ki,0.0024,71621851.0,0.0024,8.619788758288394,1,Active
Active,Ki,0.0024,89657383.0,0.0024,8.619788758288394,1,Active
Active,Ki,0.0024,118340668.0,0.0024,8.619788758288394,1,Active
Active,Ki,0.0024,71617575.0,0.0024,8.619788758288394,1,Active
Active,Ki,0.0024,89656397.0,0.0024,8.619788758288394,1,Active
Active,Ki,0.0025,132010067.0,0.0025,8.602059991327963,1,Active
Active,IC50,0.0025,177382070.0,0.0025,8.602059991327963,1,Active
Active,Ki,0.0025,132010313.0,0.0025,8.602059991327963,1,Active
Active,IC50,0.0025,177382065.0,0.0025,8.602059991327963,1,Active
Active,Ki,0.0025,89657161.0,0.0025,8.602059991327963,1,Active
Active,IC50,0.0025,166177896.0,0.0025,8.602059991327963,1,Active
Active,Ki,0.0025,132010967.0,0.0025,8.602059991327963,1,Active
Active,Kd,0.0025,126619980.0,0.0025,8.602059991327963,1,Active
Active,IC50,0.0025,162371059.0,0.0025,8.602059991327963,1,Active
Active,Ki,0.0025,71617106.0,0.0025,8.602059991327963,1,Active
Active,Ki,0.0025,86581253.0,0.0025,8.602059991327963,1,Active
Active,IC50,0.0025,166177882.0,0.0025,8.602059991327963,1,Active
Active,IC50,0.0025,155648314.0,0.0025,8.602059991327963,1,Active
Active,Ki,0.0025,117772603.0,0.0025,8.602059991327963,1,Active
Active,Ki,0.0025,117775611.0,0.0025,8.602059991327963,1,Active
Active,Ki,0.0025,141718928.0,0.0025,8.602059991327963,1,Active
Active,Ki,0.00252,117775852.0,0.00252,8.598599459218455,1,Active
Active,Ki,0.0026,117775770.0,0.0026,8.585026652029182,1,Active
Active,Ki,0.0026,118340548.0,0.0026,8.585026652029182,1,Active
Active,Ki,0.0026,132010163.0,0.0026,8.585026652029182,1,Active
Active,Ki,0.0026,72547793.0,0.0026,8.585026652029182,1,Active
Active,Ki,0.0026,71616414.0,0.0026,8.585026652029182,1,Active
Active,Ki,0.0026,71615942.0,0.0026,8.585026652029182,1,Active
Active,Ki,0.00261,117775828.0,0.00261,8.58335949266172,1,Active
Active,IC50,0.0027,137448679.0,0.0027,8.568636235841012,1,Active
Active,Ki,0.0027,130357741.0,0.0027,8.568636235841012,1,Active
Active,Ki,0.0027,117772438.0,0.0027,8.568636235841012,1,Active
Active,Ki,0.0027,86281482.0,0.0027,8.568636235841012,1,Active
Active,Ki,0.0027,71616986.0,0.0027,8.568636235841012,1,Active
Active,Ki,0.0027,145977309.0,0.0027,8.568636235841012,1,Active
Active,Ki,0.0027,89657331.0,0.0027,8.568636235841012,1,Active
Active,Ki,0.0027,145974124.0,0.0027,8.568636235841012,1,Active
Active,Ki,0.0027,90395646.0,0.0027,8.568636235841012,1,Active
Active,Ki,0.0027,86580810.0,0.0027,8.568636235841012,1,Active
Active,Ki,0.0028,90395631.0,0.0028,8.55284196865778,1,Active
Active,Ki,0.0028,117772154.0,0.0028,8.55284196865778,1,Active
Active,Ki,0.0028,90395649.0,0.0028,8.55284196865778,1,Active
Active,IC50,0.0028,164611828.0,0.0028,8.55284196865778,1,Active
Active,Ki,0.0028,86580973.0,0.0028,8.55284196865778,1,Active
Active,Ki,0.0028,155565684.0,0.0028,8.55284196865778,1,Active
Active,Ki,0.0028,132010932.0,0.0028,8.55284196865778,1,Active
Active,Kd,0.0028,163321847.0,0.0028,8.55284196865778,1,Active
Active,IC50,0.0028,166177887.0,0.0028,8.55284196865778,1,Active
Active,Ki,0.0028,118137820.0,0.0028,8.55284196865778,1,Active
Active,Ki,0.0028,117775625.0,0.0028,8.55284196865778,1,Active
Active,Ki,0.0028,86581257.0,0.0028,8.55284196865778,1,Active
Active,Ki,0.0029,141718906.0,0.0029,8.537602002101044,1,Active
Active,IC50,0.0029,169552829.0,0.0029,8.537602002101044,1,Active
Active,Ki,0.0029,86581394.0,0.0029,8.537602002101044,1,Active
Active,Ki,0.0029,89655883.0,0.0029,8.537602002101044,1,Active
Active,Ki,0.0029,155547161.0,0.0029,8.537602002101044,1,Active
Active,Ki,0.0029,89656285.0,0.0029,8.537602002101044,1,Active
Active,IC50,0.0029,155648312.0,0.0029,8.537602002101044,1,Active
Active,Ki,0.00295,155042794.0,0.00295,8.530177984021837,1,Active
Active,IC50,0.003,122588611.0,0.003,8.522878745280337,1,Active
Active,Ki,0.003,86580647.0,0.003,8.522878745280337,1,Active
Active,Ki,0.003,89656281.0,0.003,8.522878745280337,1,Active
Active,IC50,0.003,139558257.0,0.003,8.522878745280337,1,Active
Active,Kd,0.003,126654553.0,0.003,8.522878745280337,1,Active
Active,Ki,0.003,71616655.0,0.003,8.522878745280337,1,Active
Active,IC50,0.003,68973505.0,0.003,8.522878745280337,1,Active
Active,IC50,0.003,164614959.0,0.003,8.522878745280337,1,Active
Active,IC50,0.003,76072256.0,0.003,8.522878745280337,1,Active
Active,IC50,0.003,139558391.0,0.003,8.522878745280337,1,Active
Active,IC50,0.003,90162042.0,0.003,8.522878745280337,1,Active
Active,Kd,0.003,122551835.0,0.003,8.522878745280337,1,Active
Active,IC50,0.003,139558307.0,0.003,8.522878745280337,1,Active
Active,Ki,0.003,132010724.0,0.003,8.522878745280337,1,Active
Active,Ki,0.003,117772549.0,0.003,8.522878745280337,1,Active
Active,Ki,0.003,141718954.0,0.003,8.522878745280337,1,Active
Active,IC50,0.003,142745996.0,0.003,8.522878745280337,1,Active
Active,IC50,0.003,76070951.0,0.003,8.522878745280337,1,Active
Active,Ki,0.003,132010648.0,0.003,8.522878745280337,1,Active
Active,Ki,0.003,124222786.0,0.003,8.522878745280337,1,Active
Active,Ki,0.003,132010671.0,0.003,8.522878745280337,1,Active
Active,IC50,0.003,71466419.0,0.003,8.522878745280337,1,Active
Active,IC50,0.003,166177883.0,0.003,8.522878745280337,1,Active
Active,Ki,0.003,89657440.0,0.003,8.522878745280337,1,Active
Active,IC50,0.003,139558232.0,0.003,8.522878745280337,1,Active
Active,IC50,0.003,139570844.0,0.003,8.522878745280337,1,Active
Active,IC50,0.003,142746076.0,0.003,8.522878745280337,1,Active
Active,IC50,0.003,75201879.0,0.003,8.522878745280337,1,Active
Active,IC50,0.003,136268838.0,0.003,8.522878745280337,1,Active
Active,IC50,0.003,118201262.0,0.003,8.522878745280337,1,Active
Active,IC50,0.003,75201877.0,0.003,8.522878745280337,1,Active
Active,Ki,0.003,86580969.0,0.003,8.522878745280337,1,Active
Active,IC50,0.003,139558264.0,0.003,8.522878745280337,1,Active
Active,IC50,0.003,162660597.0,0.003,8.522878745280337,1,Active
Active,IC50,0.003,139558224.0,0.003,8.522878745280337,1,Active
Active,IC50,0.003,156471776.0,0.003,8.522878745280337,1,Active
Active,IC50,0.003,142745971.0,0.003,8.522878745280337,1,Active
Active,Ki,0.003,124222785.0,0.003,8.522878745280337,1,Active
Active,IC50,0.003,75201751.0,0.003,8.522878745280337,1,Active
Active,IC50,0.003,135276427.0,0.003,8.522878745280337,1,Active
Active,Ki,0.003,89656462.0,0.003,8.522878745280337,1,Active
Active,IC50,0.003,73890918.0,0.003,8.522878745280337,1,Active
Active,IC50,0.003,57389999.0,0.003,8.522878745280337,1,Active
Active,IC50,0.003,146525147.0,0.003,8.522878745280337,1,Active
Active,IC50,0.0031,171353229.0,0.0031,8.508638306165727,1,Active
Active,IC50,0.0031,164624812.0,0.0031,8.508638306165727,1,Active
Active,Ki,0.0031,90395721.0,0.0031,8.508638306165727,1,Active
Active,Kd,0.0031,164946925.0,0.0031,8.508638306165727,1,Active
Active,Ki,0.0031,86582758.0,0.0031,8.508638306165727,1,Active
Active,Ki,0.0031,132010702.0,0.0031,8.508638306165727,1,Active
Active,Ki,0.0031,89657545.0,0.0031,8.508638306165727,1,Active
Active,Ki,0.0031,141718942.0,0.0031,8.508638306165727,1,Active
Active,Ki,0.0031,71616873.0,0.0031,8.508638306165727,1,Active
Active,Ki,0.0031,118340726.0,0.0031,8.508638306165727,1,Active
Active,IC50,0.0031,137650502.0,0.0031,8.508638306165727,1,Active
Active,Ki,0.00316,117775884.0,0.00316,8.500312917381596,1,Active
Active,Ki,0.003162,155518876.0,0.003162,8.500038134403809,1,Active
Active,IC50,0.003162,118693928.0,0.003162,8.500038134403809,1,Active
Active,IC50,0.0032,168295317.0,0.0032,8.494850021680094,1,Active
Active,Ki,0.0032,89656479.0,0.0032,8.494850021680094,1,Active
Active,IC50,0.0032,155457847.0,0.0032,8.494850021680094,1,Active
Active,Ki,0.0032,89656089.0,0.0032,8.494850021680094,1,Active
Active,IC50,0.0032,166177884.0,0.0032,8.494850021680094,1,Active
Active,Ki,0.0032,132010802.0,0.0032,8.494850021680094,1,Active
Active,Ki,0.0032,155514299.0,0.0032,8.494850021680094,1,Active
Active,IC50,0.00329,130311117.0,0.00329,8.482804102050025,1,Active
Active,IC50,0.0033,146479053.0,0.0033,8.481486060122112,1,Active
Active,Ki,0.0033,89655978.0,0.0033,8.481486060122112,1,Active
Active,Ki,0.0033,141718946.0,0.0033,8.481486060122112,1,Active
Active,Ki,0.0033,132010083.0,0.0033,8.481486060122112,1,Active
Active,Ki,0.0033,86580649.0,0.0033,8.481486060122112,1,Active
Active,Ki,0.0033,89655976.0,0.0033,8.481486060122112,1,Active
Active,Ki,0.00333,86581537.0,0.00333,8.47755576649368,1,Active
Active,Ki,0.00339,136374365.0,0.00339,8.469800301796917,1,Active
Active,Ki,0.0034,117775743.0,0.0034,8.468521082957745,1,Active
Active,Ki,0.0034,118137846.0,0.0034,8.468521082957745,1,Active
Active,Ki,0.0034,118340650.0,0.0034,8.468521082957745,1,Active
Active,Ki,0.0034,137659228.0,0.0034,8.468521082957745,1,Active
Active,Ki,0.0034,117772172.0,0.0034,8.468521082957745,1,Active
Active,IC50,0.0034,158335933.0,0.0034,8.468521082957745,1,Active
Active,Ki,0.0034,71616764.0,0.0034,8.468521082957745,1,Active
Active,Ki,0.0034,71616418.0,0.0034,8.468521082957745,1,Active
Active,Ki,0.0034,86581114.0,0.0034,8.468521082957745,1,Active
Active,IC50,0.0034,155457474.0,0.0034,8.468521082957745,1,Active
Active,Ki,0.00345,155042820.0,0.00345,8.462180904926726,1,Active
Active,Kd,0.0035,139035062.0,0.0035,8.455931955649724,1,Active
Active,IC50,0.0035,139341572.0,0.0035,8.455931955649724,1,Active
Active,Ki,0.0035,86580646.0,0.0035,8.455931955649724,1,Active
Active,Kd,0.0035,9936746.0,0.0035,8.455931955649724,1,Active
Active,Ki,0.0035,86581260.0,0.0035,8.455931955649724,1,Active
Active,Ki,0.0035,132010853.0,0.0035,8.455931955649724,1,Active
Active,Ki,0.0035,71616877.0,0.0035,8.455931955649724,1,Active
Active,Ki,0.0035,89656394.0,0.0035,8.455931955649724,1,Active
Active,Ki,0.0035,117775510.0,0.0035,8.455931955649724,1,Active
Active,IC50,0.0035,177380890.0,0.0035,8.455931955649724,1,Active
Active,IC50,0.0036,172452544.0,0.0036,8.443697499232712,1,Active
Active,Ki,0.0036,117689281.0,0.0036,8.443697499232712,1,Active
Active,IC50,0.0036,177382078.0,0.0036,8.443697499232712,1,Active
Active,Ki,0.0036,86582759.0,0.0036,8.443697499232712,1,Active
Active,Ki,0.0036,89656344.0,0.0036,8.443697499232712,1,Active
Active,Ki,0.0036,89656209.0,0.0036,8.443697499232712,1,Active
Active,Ki,0.0036,89657448.0,0.0036,8.443697499232712,1,Active
Active,Ki,0.0037,89656027.0,0.0037,8.431798275933005,1,Active
Active,IC50,0.0037,86271129.0,0.0037,8.431798275933005,1,Active
Active,Ki,0.0037,132010890.0,0.0037,8.431798275933005,1,Active
Active,Ki,0.0037,132010315.0,0.0037,8.431798275933005,1,Active
Active,Ki,0.0037,155522830.0,0.0037,8.431798275933005,1,Active
Active,IC50,0.0037,168277353.0,0.0037,8.431798275933005,1,Active
Active,Ki,0.0037,132010812.0,0.0037,8.431798275933005,1,Active
Active,Kd,0.0037,166626646.0,0.0037,8.431798275933005,1,Active
Active,Ki,0.0038,90395720.0,0.0038,8.42021640338319,1,Active
Active,Ki,0.0038,141718955.0,0.0038,8.42021640338319,1,Active
Active,Ki,0.0038,141718912.0,0.0038,8.42021640338319,1,Active
Active,IC50,0.0038,155431589.0,0.0038,8.42021640338319,1,Active
Active,Ki,0.0038,118137892.0,0.0038,8.42021640338319,1,Active
Active,IC50,0.00382,155431446.0,0.00382,8.41793663708829,1,Active
Active,Ki,0.0039,89656223.0,0.0039,8.4089353929735,1,Active
Active,IC50,0.0039,155431658.0,0.0039,8.4089353929735,1,Active
Active,Ki,0.00397,155043862.0,0.00397,8.401209493236884,1,Active
Active,IC50,0.003981,168299641.0,0.003981,8.400007822415901,1,Active
Active,IC50,0.004,135276313.0,0.004,8.397940008672037,1,Active
Active,IC50,0.004,166177885.0,0.004,8.397940008672037,1,Active
Active,IC50,0.004,86281481.0,0.004,8.397940008672037,1,Active
Active,IC50,0.004,142745917.0,0.004,8.397940008672037,1,Active
Active,IC50,0.004,76070846.0,0.004,8.397940008672037,1,Active
Active,IC50,0.004,172056488.0,0.004,8.397940008672037,1,Active
Active,Ki,0.004,71617108.0,0.004,8.397940008672037,1,Active
Active,Ki,0.004,141718904.0,0.004,8.397940008672037,1,Active
Active,IC50,0.004,146524977.0,0.004,8.397940008672037,1,Active
Active,IC50,0.004,142746063.0,0.004,8.397940008672037,1,Active
Active,IC50,0.004,122688409.0,0.004,8.397940008672037,1,Active
Active,IC50,0.004,177382071.0,0.004,8.397940008672037,1,Active
Active,IC50,0.004,139558230.0,0.004,8.397940008672037,1,Active
Active,IC50,0.004,139571104.0,0.004,8.397940008672037,1,Active
Active,IC50,0.004,76071651.0,0.004,8.397940008672037,1,Active
Active,IC50,0.004,122588602.0,0.004,8.397940008672037,1,Active
Active,IC50,0.004,122588578.0,0.004,8.397940008672037,1,Active
Active,IC50,0.004,135276400.0,0.004,8.397940008672037,1,Active
Active,IC50,0.004,142746042.0,0.004,8.397940008672037,1,Active
Active,IC50,0.004,168273940.0,0.004,8.397940008672037,1,Active
Active,Kd,0.004,122551841.0,0.004,8.397940008672037,1,Active
Active,IC50,0.004,75201750.0,0.004,8.397940008672037,1,Active
Active,IC50,0.004,139558244.0,0.004,8.397940008672037,1,Active
Active,IC50,0.004,139571118.0,0.004,8.397940008672037,1,Active
Active,IC50,0.004,139558405.0,0.004,8.397940008672037,1,Active
Active,IC50,0.004,139570900.0,0.004,8.397940008672037,1,Active
Active,IC50,0.004,142406710.0,0.004,8.397940008672037,1,Active
Active,IC50,0.004,135276414.0,0.004,8.397940008672037,1,Active
Active,Ki,0.004,89657481.0,0.004,8.397940008672037,1,Active
Active,IC50,0.004,139558239.0,0.004,8.397940008672037,1,Active
Active,Ki,0.004,86581689.0,0.004,8.397940008672037,1,Active
Active,IC50,0.004,172056491.0,0.004,8.397940008672037,1,Active
Active,Ki,0.004,86346171.0,0.004,8.397940008672037,1,Active
Active,IC50,0.004,146525096.0,0.004,8.397940008672037,1,Active
Active,IC50,0.00406,146322264.0,0.00406,8.391473966422806,1,Active
Active,Ki,0.0041,141718894.0,0.0041,8.387216143280265,1,Active
Active,Ki,0.0041,89655888.0,0.0041,8.387216143280265,1,Active
Active,IC50,0.0041,172456512.0,0.0041,8.387216143280265,1,Active
Active,Ki,0.0041,118863469.0,0.0041,8.387216143280265,1,Active
Active,IC50,0.0041,157225041.0,0.0041,8.387216143280265,1,Active
Active,Ki,0.0041,86581688.0,0.0041,8.387216143280265,1,Active
Active,Ki,0.0041,117772553.0,0.0041,8.387216143280265,1,Active
Active,Ki,0.0042,71616055.0,0.0042,8.3767507096021,1,Active
Active,IC50,0.0042,139341541.0,0.0042,8.3767507096021,1,Active
Active,Ki,0.0042,130345606.0,0.0042,8.3767507096021,1,Active
Active,Ki,0.0042,89656464.0,0.0042,8.3767507096021,1,Active
Active,Ki,0.0042,89655983.0,0.0042,8.3767507096021,1,Active
Active,IC50,0.0042,90375956.0,0.0042,8.3767507096021,1,Active
Active,Ki,0.0042,89657456.0,0.0042,8.3767507096021,1,Active
Active,IC50,0.0042,146322272.0,0.0042,8.3767507096021,1,Active
Active,Ki,0.0042,90395724.0,0.0042,8.3767507096021,1,Active
Active,Ki,0.0042,89657534.0,0.0042,8.3767507096021,1,Active
Active,Ki,0.0042,90395644.0,0.0042,8.3767507096021,1,Active
Active,Ki,0.0042,71616536.0,0.0042,8.3767507096021,1,Active
Active,IC50,0.0042,172453520.0,0.0042,8.3767507096021,1,Active
Active,IC50,0.0042,162670642.0,0.0042,8.3767507096021,1,Active
Active,Ki,0.00422,146011718.0,0.00422,8.374687549038326,1,Active
Active,IC50,0.00422,166166137.0,0.00422,8.374687549038326,1,Active
Active,IC50,0.0043,157225040.0,0.0043,8.366531544420413,1,Active
Active,Ki,0.0043,155560616.0,0.0043,8.366531544420413,1,Active
Active,IC50,0.0043,158335935.0,0.0043,8.366531544420413,1,Active
Active,IC50,0.0043,145967999.0,0.0043,8.366531544420413,1,Active
Active,Ki,0.0043,71616537.0,0.0043,8.366531544420413,1,Active
Active,IC50,0.00431,166167475.0,0.00431,8.365522729839268,1,Active
Active,Ki,0.0044,145978789.0,0.0044,8.356547323513812,1,Active
Active,Ki,0.0044,137648962.0,0.0044,8.356547323513812,1,Active
Active,Ki,0.0044,86581255.0,0.0044,8.356547323513812,1,Active
Active,Ki,0.0044,71616301.0,0.0044,8.356547323513812,1,Active
Active,Ki,0.0044,89656183.0,0.0044,8.356547323513812,1,Active
Active,IC50,0.0044,177380781.0,0.0044,8.356547323513812,1,Active
Active,IC50,0.0044,77461280.0,0.0044,8.356547323513812,1,Active
Active,Ki,0.0044,86581254.0,0.0044,8.356547323513812,1,Active
Active,IC50,0.0044,177382074.0,0.0044,8.356547323513812,1,Active
Active,IC50,0.0044,163359809.0,0.0044,8.356547323513812,1,Active
Active,IC50,0.0044,122588579.0,0.0044,8.356547323513812,1,Active
Active,Ki,0.0044,71616767.0,0.0044,8.356547323513812,1,Active
Active,Ki,0.00448,117776006.0,0.00448,8.348721986001856,1,Active
Active,Ki,0.0045,86721080.0,0.0045,8.346787486224656,1,Active
Active,IC50,0.0045,166636587.0,0.0045,8.346787486224656,1,Active
Active,IC50,0.0045,139341507.0,0.0045,8.346787486224656,1,Active
Active,IC50,0.0045,145945981.0,0.0045,8.346787486224656,1,Active
Active,IC50,0.0045,146322269.0,0.0045,8.346787486224656,1,Active
Active,Ki,0.0045,89657537.0,0.0045,8.346787486224656,1,Active
Active,IC50,0.0045,166165965.0,0.0045,8.346787486224656,1,Active
Active,Ki,0.0045,89656035.0,0.0045,8.346787486224656,1,Active
Active,Ki,0.00458,118117000.0,0.00458,8.339134521996131,1,Active
Active,Ki,0.0046,89656151.0,0.0046,8.337242168318426,1,Active
Active,Ki,0.0046,89657470.0,0.0046,8.337242168318426,1,Active
Active,IC50,0.0046,146322280.0,0.0046,8.337242168318426,1,Active
Active,IC50,0.0046,151155922.0,0.0046,8.337242168318426,1,Active
Active,Ki,0.0046,132010265.0,0.0046,8.337242168318426,1,Active
Active,Ki,0.0046,89656439.0,0.0046,8.337242168318426,1,Active
Active,Ki,0.0046,117772583.0,0.0046,8.337242168318426,1,Active
Active,Ki,0.0046,117772309.0,0.0046,8.337242168318426,1,Active
Active,IC50,0.0046,118863314.0,0.0046,8.337242168318426,1,Active
Active,Kd,0.0046,132275066.0,0.0046,8.337242168318426,1,Active
Active,IC50,0.00467,156471880.0,0.00467,8.330683119433887,1,Active
Active,Ki,0.0047,117689402.0,0.0047,8.327902142064282,1,Active
Active,IC50,0.0047,139341544.0,0.0047,8.327902142064282,1,Active
Active,Ki,0.0047,117772418.0,0.0047,8.327902142064282,1,Active
Active,Ki,0.0047,86581258.0,0.0047,8.327902142064282,1,Active
Active,Ki,0.0047,132010742.0,0.0047,8.327902142064282,1,Active
Active,Ki,0.00478,155042892.0,0.00478,8.320572103387882,1,Active
Active,Kd,0.0048,163321846.0,0.0048,8.318758762624412,1,Active
Active,Ki,0.0048,132010745.0,0.0048,8.318758762624412,1,Active
Active,Ki,0.0048,89656250.0,0.0048,8.318758762624412,1,Active
Active,Ki,0.0048,141718960.0,0.0048,8.318758762624412,1,Active
Active,Ki,0.0048,71616182.0,0.0048,8.318758762624412,1,Active
Active,IC50,0.0048,124081171.0,0.0048,8.318758762624412,1,Active
Active,IC50,0.0048,172444155.0,0.0048,8.318758762624412,1,Active
Active,IC50,0.0048,177382075.0,0.0048,8.318758762624412,1,Active
Active,IC50,0.0048,155431586.0,0.0048,8.318758762624412,1,Active
Active,Ki,0.0049,71616991.0,0.0049,8.309803919971486,1,Active
Active,IC50,0.0049,146322236.0,0.0049,8.309803919971486,1,Active
Active,IC50,0.0049,160239693.0,0.0049,8.309803919971486,1,Active
Active,Ki,0.0049,86581389.0,0.0049,8.309803919971486,1,Active
Active,Ki,0.0049,118340834.0,0.0049,8.309803919971486,1,Active
Active,IC50,0.0049,146322270.0,0.0049,8.309803919971486,1,Active
Active,Ki,0.0049,86581396.0,0.0049,8.309803919971486,1,Active
Active,Ki,0.0049,141718902.0,0.0049,8.309803919971486,1,Active
Active,IC50,0.00496,146322293.0,0.00496,8.304518323509802,1,Active
Active,IC50,0.005,118196774.0,0.005,8.301029995663981,1,Active
Active,IC50,0.005,76070950.0,0.005,8.301029995663981,1,Active
Active,IC50,0.005,137529614.0,0.005,8.301029995663981,1,Active
Active,IC50,0.005,137529623.0,0.005,8.301029995663981,1,Active
Active,IC50,0.005,137529621.0,0.005,8.301029995663981,1,Active
Active,IC50,0.005,137529620.0,0.005,8.301029995663981,1,Active
Active,IC50,0.005,118196297.0,0.005,8.301029995663981,1,Active
Active,IC50,0.005,137529607.0,0.005,8.301029995663981,1,Active
Active,IC50,0.005,137529550.0,0.005,8.301029995663981,1,Active
Active,IC50,0.005,118196272.0,0.005,8.301029995663981,1,Active
Active,Ki,0.005,89655858.0,0.005,8.301029995663981,1,Active
Active,IC50,0.005,121422517.0,0.005,8.301029995663981,1,Active
Active,IC50,0.005,121422508.0,0.005,8.301029995663981,1,Active
Active,IC50,0.005,137529566.0,0.005,8.301029995663981,1,Active
Active,IC50,0.005,118201217.0,0.005,8.301029995663981,1,Active
Active,IC50,0.005,137529504.0,0.005,8.301029995663981,1,Active
Active,IC50,0.005,118196664.0,0.005,8.301029995663981,1,Active
Active,IC50,0.005,118196697.0,0.005,8.301029995663981,1,Active
Active,IC50,0.005,135276334.0,0.005,8.301029995663981,1,Active
Active,IC50,0.005,137529523.0,0.005,8.301029995663981,1,Active
Active,IC50,0.005,118201239.0,0.005,8.301029995663981,1,Active
Active,IC50,0.005,155802727.0,0.005,8.301029995663981,1,Active
Active,IC50,0.005,118196574.0,0.005,8.301029995663981,1,Active
Active,IC50,0.005,118196819.0,0.005,8.301029995663981,1,Active
Active,IC50,0.005,137529591.0,0.005,8.301029995663981,1,Active
Active,IC50,0.005,118196549.0,0.005,8.301029995663981,1,Active
Active,IC50,0.005,137529645.0,0.005,8.301029995663981,1,Active
Active,IC50,0.005,122688882.0,0.005,8.301029995663981,1,Active
Active,IC50,0.005,155802730.0,0.005,8.301029995663981,1,Active
Active,IC50,0.005,155802734.0,0.005,8.301029995663981,1,Active
Active,IC50,0.005,155802744.0,0.005,8.301029995663981,1,Active
Active,IC50,0.005,118201211.0,0.005,8.301029995663981,1,Active
Active,IC50,0.005,118196429.0,0.005,8.301029995663981,1,Active
Active,IC50,0.005,118201281.0,0.005,8.301029995663981,1,Active
Active,IC50,0.005,121422519.0,0.005,8.301029995663981,1,Active
Active,IC50,0.005,137529615.0,0.005,8.301029995663981,1,Active
Active,IC50,0.005,137529598.0,0.005,8.301029995663981,1,Active
Active,IC50,0.005,137529583.0,0.005,8.301029995663981,1,Active
Active,IC50,0.005,118196659.0,0.005,8.301029995663981,1,Active
Active,IC50,0.005,137529594.0,0.005,8.301029995663981,1,Active
Active,IC50,0.005,137529571.0,0.005,8.301029995663981,1,Active
Active,IC50,0.005,118196455.0,0.005,8.301029995663981,1,Active
Active,IC50,0.005,137529534.0,0.005,8.301029995663981,1,Active
Active,IC50,0.005,135276132.0,0.005,8.301029995663981,1,Active
Active,IC50,0.005,135276242.0,0.005,8.301029995663981,1,Active
Active,IC50,0.005,134485965.0,0.005,8.301029995663981,1,Active
Active,IC50,0.005,122688385.0,0.005,8.301029995663981,1,Active
Active,IC50,0.005,121422542.0,0.005,8.301029995663981,1,Active
Active,IC50,0.005,118201207.0,0.005,8.301029995663981,1,Active
Active,IC50,0.005,118196636.0,0.005,8.301029995663981,1,Active
Active,IC50,0.005,118196614.0,0.005,8.301029995663981,1,Active
Active,IC50,0.005,118196351.0,0.005,8.301029995663981,1,Active
Active,IC50,0.005,118196511.0,0.005,8.301029995663981,1,Active
Active,IC50,0.005,121422483.0,0.005,8.301029995663981,1,Active
Active,IC50,0.005,90162265.0,0.005,8.301029995663981,1,Active
Active,IC50,0.005,118201205.0,0.005,8.301029995663981,1,Active
Active,IC50,0.005,118201202.0,0.005,8.301029995663981,1,Active
Active,IC50,0.005,121422531.0,0.005,8.301029995663981,1,Active
Active,IC50,0.005,118196492.0,0.005,8.301029995663981,1,Active
Active,IC50,0.005,118196299.0,0.005,8.301029995663981,1,Active
Active,IC50,0.005,137529611.0,0.005,8.301029995663981,1,Active
Active,IC50,0.005,121422518.0,0.005,8.301029995663981,1,Active
Active,IC50,0.005,118196421.0,0.005,8.301029995663981,1,Active
Active,IC50,0.005,118196599.0,0.005,8.301029995663981,1,Active
Active,IC50,0.005,121422506.0,0.005,8.301029995663981,1,Active
Active,IC50,0.005,118196702.0,0.005,8.301029995663981,1,Active
Active,IC50,0.005,137529601.0,0.005,8.301029995663981,1,Active
Active,IC50,0.005,118196280.0,0.005,8.301029995663981,1,Active
Active,IC50,0.005,155802743.0,0.005,8.301029995663981,1,Active
Active,IC50,0.005,137529554.0,0.005,8.301029995663981,1,Active
Active,IC50,0.005,118201284.0,0.005,8.301029995663981,1,Active
Active,IC50,0.005,137529636.0,0.005,8.301029995663981,1,Active
Active,IC50,0.005,118201259.0,0.005,8.301029995663981,1,Active
Active,IC50,0.005,118201223.0,0.005,8.301029995663981,1,Active
Active,IC50,0.005,118196619.0,0.005,8.301029995663981,1,Active
Active,IC50,0.005,118201197.0,0.005,8.301029995663981,1,Active
Active,IC50,0.005,126673375.0,0.005,8.301029995663981,1,Active
Active,IC50,0.005,137529553.0,0.005,8.301029995663981,1,Active
Active,IC50,0.005,121412174.0,0.005,8.301029995663981,1,Active
Active,IC50,0.005,137529511.0,0.005,8.301029995663981,1,Active
Active,IC50,0.005,118196300.0,0.005,8.301029995663981,1,Active
Active,IC50,0.005,155802710.0,0.005,8.301029995663981,1,Active
Active,IC50,0.005,155802725.0,0.005,8.301029995663981,1,Active
Active,IC50,0.005,122688402.0,0.005,8.301029995663981,1,Active
Active,IC50,0.005,155802700.0,0.005,8.301029995663981,1,Active
Active,IC50,0.005,155802728.0,0.005,8.301029995663981,1,Active
Active,IC50,0.005,155802713.0,0.005,8.301029995663981,1,Active
Active,IC50,0.005,155802715.0,0.005,8.301029995663981,1,Active
Active,IC50,0.005,155802720.0,0.005,8.301029995663981,1,Active
Active,IC50,0.005,155802722.0,0.005,8.301029995663981,1,Active
Active,IC50,0.005,137529555.0,0.005,8.301029995663981,1,Active
Active,IC50,0.005,137529639.0,0.005,8.301029995663981,1,Active
Active,IC50,0.005,118201258.0,0.005,8.301029995663981,1,Active
Active,IC50,0.005,137529573.0,0.005,8.301029995663981,1,Active
Active,IC50,0.005,137529646.0,0.005,8.301029995663981,1,Active
Active,IC50,0.005,122689915.0,0.005,8.301029995663981,1,Active
Active,IC50,0.005,122688408.0,0.005,8.301029995663981,1,Active
Active,IC50,0.005,118196631.0,0.005,8.301029995663981,1,Active
Active,IC50,0.005,139558412.0,0.005,8.301029995663981,1,Active
Active,IC50,0.005,121422544.0,0.005,8.301029995663981,1,Active
Active,IC50,0.005,121422539.0,0.005,8.301029995663981,1,Active
Active,IC50,0.005,137529629.0,0.005,8.301029995663981,1,Active
Active,IC50,0.005,135276486.0,0.005,8.301029995663981,1,Active
Active,IC50,0.005,76072259.0,0.005,8.301029995663981,1,Active
Active,IC50,0.005,118196295.0,0.005,8.301029995663981,1,Active
Active,IC50,0.005,118196327.0,0.005,8.301029995663981,1,Active
Active,IC50,0.005,137529638.0,0.005,8.301029995663981,1,Active
Active,IC50,0.005,118196464.0,0.005,8.301029995663981,1,Active
Active,IC50,0.005,118196268.0,0.005,8.301029995663981,1,Active
Active,IC50,0.005,137529586.0,0.005,8.301029995663981,1,Active
Active,IC50,0.005,137529533.0,0.005,8.301029995663981,1,Active
Active,IC50,0.005,137529647.0,0.005,8.301029995663981,1,Active
Active,IC50,0.005,118196488.0,0.005,8.301029995663981,1,Active
Active,IC50,0.005,122688433.0,0.005,8.301029995663981,1,Active
Active,IC50,0.005,155802731.0,0.005,8.301029995663981,1,Active
Active,IC50,0.005,122688382.0,0.005,8.301029995663981,1,Active
Active,IC50,0.005,155802708.0,0.005,8.301029995663981,1,Active
Active,IC50,0.005,147780436.0,0.005,8.301029995663981,1,Active
Active,IC50,0.005,135276277.0,0.005,8.301029995663981,1,Active
Active,Ki,0.005,141718901.0,0.005,8.301029995663981,1,Active
Active,IC50,0.005,137529625.0,0.005,8.301029995663981,1,Active
Active,IC50,0.005,122689878.0,0.005,8.301029995663981,1,Active
Active,IC50,0.005,118196472.0,0.005,8.301029995663981,1,Active
Active,IC50,0.005,118201242.0,0.005,8.301029995663981,1,Active
Active,IC50,0.005,118196403.0,0.005,8.301029995663981,1,Active
Active,IC50,0.005,121422510.0,0.005,8.301029995663981,1,Active
Active,IC50,0.005,137529590.0,0.005,8.301029995663981,1,Active
Active,IC50,0.005,137529568.0,0.005,8.301029995663981,1,Active
Active,IC50,0.005,135276305.0,0.005,8.301029995663981,1,Active
Active,IC50,0.005,155802745.0,0.005,8.301029995663981,1,Active
Active,IC50,0.005,122688443.0,0.005,8.301029995663981,1,Active
Active,IC50,0.005,118196589.0,0.005,8.301029995663981,1,Active
Active,IC50,0.005,118201225.0,0.005,8.301029995663981,1,Active
Active,IC50,0.005,137529599.0,0.005,8.301029995663981,1,Active
Active,IC50,0.005,137529567.0,0.005,8.301029995663981,1,Active
Active,IC50,0.005,118196338.0,0.005,8.301029995663981,1,Active
Active,IC50,0.005,118196378.0,0.005,8.301029995663981,1,Active
Active,IC50,0.005,137529637.0,0.005,8.301029995663981,1,Active
Active,IC50,0.005,121422526.0,0.005,8.301029995663981,1,Active
Active,IC50,0.005,137529626.0,0.005,8.301029995663981,1,Active
Active,IC50,0.005,142746048.0,0.005,8.301029995663981,1,Active
Active,IC50,0.005,155802729.0,0.005,8.301029995663981,1,Active
Active,IC50,0.005,122689871.0,0.005,8.301029995663981,1,Active
Active,IC50,0.005,137529579.0,0.005,8.301029995663981,1,Active
Active,IC50,0.005,118196682.0,0.005,8.301029995663981,1,Active
Active,IC50,0.005,118201232.0,0.005,8.301029995663981,1,Active
Active,IC50,0.005,137529565.0,0.005,8.301029995663981,1,Active
Active,IC50,0.005,121422551.0,0.005,8.301029995663981,1,Active
Active,IC50,0.005,118196584.0,0.005,8.301029995663981,1,Active
Active,IC50,0.005,118196436.0,0.005,8.301029995663981,1,Active
Active,IC50,0.005,121422524.0,0.005,8.301029995663981,1,Active
Active,IC50,0.005,121422514.0,0.005,8.301029995663981,1,Active
Active,IC50,0.005,155802723.0,0.005,8.301029995663981,1,Active
Active,IC50,0.005,121422529.0,0.005,8.301029995663981,1,Active
Active,IC50,0.005,118201283.0,0.005,8.301029995663981,1,Active
Active,IC50,0.005,137529592.0,0.005,8.301029995663981,1,Active
Active,IC50,0.005,118196782.0,0.005,8.301029995663981,1,Active
Active,IC50,0.005,118201219.0,0.005,8.301029995663981,1,Active
Active,IC50,0.005,118201279.0,0.005,8.301029995663981,1,Active
Active,IC50,0.005,121422523.0,0.005,8.301029995663981,1,Active
Active,IC50,0.005,137529532.0,0.005,8.301029995663981,1,Active
Active,IC50,0.005,155802712.0,0.005,8.301029995663981,1,Active
Active,IC50,0.005,154995481.0,0.005,8.301029995663981,1,Active
Active,IC50,0.005,122689861.0,0.005,8.301029995663981,1,Active
Active,IC50,0.005,118196605.0,0.005,8.301029995663981,1,Active
Active,IC50,0.005,118196277.0,0.005,8.301029995663981,1,Active
Active,IC50,0.005,137529585.0,0.005,8.301029995663981,1,Active
Active,IC50,0.005,137529564.0,0.005,8.301029995663981,1,Active
Active,IC50,0.005,121422509.0,0.005,8.301029995663981,1,Active
Active,IC50,0.005,118201236.0,0.005,8.301029995663981,1,Active
Active,IC50,0.005,118196434.0,0.005,8.301029995663981,1,Active
Active,IC50,0.005,118196536.0,0.005,8.301029995663981,1,Active
Active,IC50,0.005,118196612.0,0.005,8.301029995663981,1,Active
Active,IC50,0.005,118201193.0,0.005,8.301029995663981,1,Active
Active,IC50,0.005,137529524.0,0.005,8.301029995663981,1,Active
Active,IC50,0.005,118196578.0,0.005,8.301029995663981,1,Active
Active,IC50,0.005,118196995.0,0.005,8.301029995663981,1,Active
Active,IC50,0.005,146525119.0,0.005,8.301029995663981,1,Active
Active,IC50,0.005,177382077.0,0.005,8.301029995663981,1,Active
Active,IC50,0.005,137529624.0,0.005,8.301029995663981,1,Active
Active,IC50,0.005,121422504.0,0.005,8.301029995663981,1,Active
Active,IC50,0.005,118201198.0,0.005,8.301029995663981,1,Active
Active,IC50,0.005,137529619.0,0.005,8.301029995663981,1,Active
Active,IC50,0.005,122694014.0,0.005,8.301029995663981,1,Active
Active,IC50,0.005,118201251.0,0.005,8.301029995663981,1,Active
Active,IC50,0.005,118196355.0,0.005,8.301029995663981,1,Active
Active,IC50,0.005,118196551.0,0.005,8.301029995663981,1,Active
Active,IC50,0.005,121422520.0,0.005,8.301029995663981,1,Active
Active,IC50,0.005,118196518.0,0.005,8.301029995663981,1,Active
Active,IC50,0.005,137529528.0,0.005,8.301029995663981,1,Active
Active,IC50,0.005,118196438.0,0.005,8.301029995663981,1,Active
Active,IC50,0.005,137529600.0,0.005,8.301029995663981,1,Active
Active,IC50,0.005,137529587.0,0.005,8.301029995663981,1,Active
Active,IC50,0.005,118201260.0,0.005,8.301029995663981,1,Active
Active,IC50,0.005,118196360.0,0.005,8.301029995663981,1,Active
Active,IC50,0.005,118201291.0,0.005,8.301029995663981,1,Active
Active,IC50,0.005,121422482.0,0.005,8.301029995663981,1,Active
Active,IC50,0.005,122689862.0,0.005,8.301029995663981,1,Active
Active,IC50,0.005,118196407.0,0.005,8.301029995663981,1,Active
Active,IC50,0.005,137529634.0,0.005,8.301029995663981,1,Active
Active,IC50,0.005,121422522.0,0.005,8.301029995663981,1,Active
Active,IC50,0.005,137529605.0,0.005,8.301029995663981,1,Active
Active,IC50,0.005,137529575.0,0.005,8.301029995663981,1,Active
Active,IC50,0.005,137529562.0,0.005,8.301029995663981,1,Active
Active,IC50,0.005,138374966.0,0.005,8.301029995663981,1,Active
Active,IC50,0.005,118201203.0,0.005,8.301029995663981,1,Active
Active,IC50,0.005,137529560.0,0.005,8.301029995663981,1,Active
Active,IC50,0.005,121422527.0,0.005,8.301029995663981,1,Active
Active,IC50,0.005,137529578.0,0.005,8.301029995663981,1,Active
Active,IC50,0.005,122689863.0,0.005,8.301029995663981,1,Active
Active,IC50,0.005,118201275.0,0.005,8.301029995663981,1,Active
Active,IC50,0.005,137529549.0,0.005,8.301029995663981,1,Active
Active,IC50,0.005,137529641.0,0.005,8.301029995663981,1,Active
Active,IC50,0.005,118196491.0,0.005,8.301029995663981,1,Active
Active,IC50,0.005,118196443.0,0.005,8.301029995663981,1,Active
Active,IC50,0.005,137529537.0,0.005,8.301029995663981,1,Active
Active,IC50,0.005,118201222.0,0.005,8.301029995663981,1,Active
Active,IC50,0.005,137529574.0,0.005,8.301029995663981,1,Active
Active,IC50,0.005,137529515.0,0.005,8.301029995663981,1,Active
Active,IC50,0.005,118196683.0,0.005,8.301029995663981,1,Active
Active,IC50,0.005,118196521.0,0.005,8.301029995663981,1,Active
Active,IC50,0.005,118196541.0,0.005,8.301029995663981,1,Active
Active,IC50,0.005,118196596.0,0.005,8.301029995663981,1,Active
Active,IC50,0.005,118196261.0,0.005,8.301029995663981,1,Active
Active,IC50,0.005,118196426.0,0.005,8.301029995663981,1,Active
Active,IC50,0.005,121422484.0,0.005,8.301029995663981,1,Active
Active,IC50,0.005,137529604.0,0.005,8.301029995663981,1,Active
Active,IC50,0.005,137529588.0,0.005,8.301029995663981,1,Active
Active,IC50,0.005,137529530.0,0.005,8.301029995663981,1,Active
Active,IC50,0.005,118196369.0,0.005,8.301029995663981,1,Active
Active,IC50,0.005,122688376.0,0.005,8.301029995663981,1,Active
Active,IC50,0.005,155802699.0,0.005,8.301029995663981,1,Active
Active,IC50,0.005,137529505.0,0.005,8.301029995663981,1,Active
Active,IC50,0.005,118201278.0,0.005,8.301029995663981,1,Active
Active,IC50,0.005,118201226.0,0.005,8.301029995663981,1,Active
Active,IC50,0.005,121422511.0,0.005,8.301029995663981,1,Active
Active,IC50,0.005,137529616.0,0.005,8.301029995663981,1,Active
Active,IC50,0.005,118196727.0,0.005,8.301029995663981,1,Active
Active,IC50,0.005,118196571.0,0.005,8.301029995663981,1,Active
Active,IC50,0.005,121422550.0,0.005,8.301029995663981,1,Active
Active,IC50,0.005,118196573.0,0.005,8.301029995663981,1,Active
Active,IC50,0.005,137529613.0,0.005,8.301029995663981,1,Active
Active,IC50,0.005,137529581.0,0.005,8.301029995663981,1,Active
Active,IC50,0.005,138374947.0,0.005,8.301029995663981,1,Active
Active,IC50,0.005,122689860.0,0.005,8.301029995663981,1,Active
Active,IC50,0.005,138374970.0,0.005,8.301029995663981,1,Active
Active,IC50,0.005,137529510.0,0.005,8.301029995663981,1,Active
Active,IC50,0.005,137529589.0,0.005,8.301029995663981,1,Active
Active,IC50,0.005,121422548.0,0.005,8.301029995663981,1,Active
Active,IC50,0.005,137529569.0,0.005,8.301029995663981,1,Active
Active,IC50,0.005,121412175.0,0.005,8.301029995663981,1,Active
Active,IC50,0.005,137529597.0,0.005,8.301029995663981,1,Active
Active,IC50,0.005,137529557.0,0.005,8.301029995663981,1,Active
Active,IC50,0.005,137529521.0,0.005,8.301029995663981,1,Active
Active,IC50,0.005,118201252.0,0.005,8.301029995663981,1,Active
Active,IC50,0.005,142406396.0,0.005,8.301029995663981,1,Active
Active,IC50,0.005,6918837.0,0.005,8.301029995663981,1,Active
Active,IC50,0.005,137529531.0,0.005,8.301029995663981,1,Active
Active,IC50,0.005,118196386.0,0.005,8.301029995663981,1,Active
Active,IC50,0.005,118196440.0,0.005,8.301029995663981,1,Active
Active,IC50,0.005,118201234.0,0.005,8.301029995663981,1,Active
Active,IC50,0.005,118196509.0,0.005,8.301029995663981,1,Active
Active,IC50,0.005,135276192.0,0.005,8.301029995663981,1,Active
Active,IC50,0.005,137529630.0,0.005,8.301029995663981,1,Active
Active,IC50,0.005,118201257.0,0.005,8.301029995663981,1,Active
Active,IC50,0.005,134485967.0,0.005,8.301029995663981,1,Active
Active,IC50,0.005,134485953.0,0.005,8.301029995663981,1,Active
Active,IC50,0.005,137649517.0,0.005,8.301029995663981,1,Active
Active,IC50,0.005,121422513.0,0.005,8.301029995663981,1,Active
Active,IC50,0.005,118196399.0,0.005,8.301029995663981,1,Active
Active,IC50,0.005,137529610.0,0.005,8.301029995663981,1,Active
Active,IC50,0.005,118196414.0,0.005,8.301029995663981,1,Active
Active,IC50,0.005,118201282.0,0.005,8.301029995663981,1,Active
Active,IC50,0.005,137529640.0,0.005,8.301029995663981,1,Active
Active,IC50,0.005,121422528.0,0.005,8.301029995663981,1,Active
Active,IC50,0.005,118196451.0,0.005,8.301029995663981,1,Active
Active,IC50,0.005,118197415.0,0.005,8.301029995663981,1,Active
Active,IC50,0.005,138374964.0,0.005,8.301029995663981,1,Active
Active,IC50,0.005,122689876.0,0.005,8.301029995663981,1,Active
Active,IC50,0.005,118201233.0,0.005,8.301029995663981,1,Active
Active,IC50,0.005,118201228.0,0.005,8.301029995663981,1,Active
Active,IC50,0.005,122689892.0,0.005,8.301029995663981,1,Active
Active,IC50,0.005,118201240.0,0.005,8.301029995663981,1,Active
Active,IC50,0.005,122689909.0,0.005,8.301029995663981,1,Active
Active,IC50,0.005,122689899.0,0.005,8.301029995663981,1,Active
Active,IC50,0.005,122689868.0,0.005,8.301029995663981,1,Active
Active,IC50,0.005,118196499.0,0.005,8.301029995663981,1,Active
Active,IC50,0.005,118201204.0,0.005,8.301029995663981,1,Active
Active,IC50,0.005,142406704.0,0.005,8.301029995663981,1,Active
Active,IC50,0.005,118201288.0,0.005,8.301029995663981,1,Active
Active,IC50,0.005,118201270.0,0.005,8.301029995663981,1,Active
Active,IC50,0.005,135276493.0,0.005,8.301029995663981,1,Active
Active,IC50,0.005,122689901.0,0.005,8.301029995663981,1,Active
Active,IC50,0.005,137529546.0,0.005,8.301029995663981,1,Active
Active,IC50,0.005,122689905.0,0.005,8.301029995663981,1,Active
Active,IC50,0.005,122689856.0,0.005,8.301029995663981,1,Active
Active,IC50,0.005,138374946.0,0.005,8.301029995663981,1,Active
Active,IC50,0.005,122689897.0,0.005,8.301029995663981,1,Active
Active,Ki,0.005,89656480.0,0.005,8.301029995663981,1,Active
Active,IC50,0.005,137529517.0,0.005,8.301029995663981,1,Active
Active,IC50,0.005,137529609.0,0.005,8.301029995663981,1,Active
Active,IC50,0.005,137529577.0,0.005,8.301029995663981,1,Active
Active,IC50,0.005,118509541.0,0.005,8.301029995663981,1,Active
Active,IC50,0.005,118196372.0,0.005,8.301029995663981,1,Active
Active,IC50,0.005,137529618.0,0.005,8.301029995663981,1,Active
Active,IC50,0.005,137529580.0,0.005,8.301029995663981,1,Active
Active,IC50,0.005,118196994.0,0.005,8.301029995663981,1,Active
Active,IC50,0.005,118196560.0,0.005,8.301029995663981,1,Active
Active,IC50,0.005,137529632.0,0.005,8.301029995663981,1,Active
Active,IC50,0.005,121422525.0,0.005,8.301029995663981,1,Active
Active,IC50,0.005,118196607.0,0.005,8.301029995663981,1,Active
Active,IC50,0.005,121422507.0,0.005,8.301029995663981,1,Active
Active,IC50,0.005,118196829.0,0.005,8.301029995663981,1,Active
Active,IC50,0.005,137529548.0,0.005,8.301029995663981,1,Active
Active,IC50,0.005,118196544.0,0.005,8.301029995663981,1,Active
Active,IC50,0.005,137529635.0,0.005,8.301029995663981,1,Active
Active,IC50,0.005,121422512.0,0.005,8.301029995663981,1,Active
Active,IC50,0.005,118201231.0,0.005,8.301029995663981,1,Active
Active,IC50,0.005,118022380.0,0.005,8.301029995663981,1,Active
Active,IC50,0.005,137529622.0,0.005,8.301029995663981,1,Active
Active,IC50,0.005,137529572.0,0.005,8.301029995663981,1,Active
Active,Ki,0.005,117772610.0,0.005,8.301029995663981,1,Active
Active,IC50,0.005,118201272.0,0.005,8.301029995663981,1,Active
Active,IC50,0.005,135276139.0,0.005,8.301029995663981,1,Active
Active,IC50,0.005,122696118.0,0.005,8.301029995663981,1,Active
Active,IC50,0.005,122689857.0,0.005,8.301029995663981,1,Active
Active,IC50,0.005,138374955.0,0.005,8.301029995663981,1,Active
Active,IC50,0.005,122689880.0,0.005,8.301029995663981,1,Active
Active,IC50,0.005,138374956.0,0.005,8.301029995663981,1,Active
Active,IC50,0.005,137529627.0,0.005,8.301029995663981,1,Active
Active,IC50,0.005,137529576.0,0.005,8.301029995663981,1,Active
Active,IC50,0.005,172419056.0,0.005,8.301029995663981,1,Active
Active,IC50,0.005,118196591.0,0.005,8.301029995663981,1,Active
Active,IC50,0.005,137529633.0,0.005,8.301029995663981,1,Active
Active,IC50,0.005,155802709.0,0.005,8.301029995663981,1,Active
Active,IC50,0.005,118201235.0,0.005,8.301029995663981,1,Active
Active,IC50,0.005,121422503.0,0.005,8.301029995663981,1,Active
Active,IC50,0.005,118196553.0,0.005,8.301029995663981,1,Active
Active,IC50,0.005,118196563.0,0.005,8.301029995663981,1,Active
Active,IC50,0.005,137529628.0,0.005,8.301029995663981,1,Active
Active,IC50,0.005,141736095.0,0.005,8.301029995663981,1,Active
Active,IC50,0.005,118196364.0,0.005,8.301029995663981,1,Active
Active,IC50,0.005,137529584.0,0.005,8.301029995663981,1,Active
Active,IC50,0.005,137529547.0,0.005,8.301029995663981,1,Active
Active,IC50,0.005,118201241.0,0.005,8.301029995663981,1,Active
Active,IC50,0.005,118196555.0,0.005,8.301029995663981,1,Active
Active,IC50,0.005,137529606.0,0.005,8.301029995663981,1,Active
Active,IC50,0.005,137529507.0,0.005,8.301029995663981,1,Active
Active,IC50,0.005,137529603.0,0.005,8.301029995663981,1,Active
Active,IC50,0.005,122694520.0,0.005,8.301029995663981,1,Active
Active,IC50,0.005,155802718.0,0.005,8.301029995663981,1,Active
Active,IC50,0.005,118196322.0,0.005,8.301029995663981,1,Active
Active,IC50,0.005,137529529.0,0.005,8.301029995663981,1,Active
Active,IC50,0.005,137529617.0,0.005,8.301029995663981,1,Active
Active,IC50,0.005,137529602.0,0.005,8.301029995663981,1,Active
Active,IC50,0.005,118196729.0,0.005,8.301029995663981,1,Active
Active,IC50,0.005,138374952.0,0.005,8.301029995663981,1,Active
Active,IC50,0.005,137529525.0,0.005,8.301029995663981,1,Active
Active,IC50,0.005,118196502.0,0.005,8.301029995663981,1,Active
Active,IC50,0.005,118196479.0,0.005,8.301029995663981,1,Active
Active,IC50,0.005012,155119729.0,0.005012,8.299988937677888,1,Active
Active,IC50,0.005012,164613416.0,0.005012,8.299988937677888,1,Active
Active,Kd,0.005012,118948181.0,0.005012,8.299988937677888,1,Active
Active,IC50,0.005012,164609644.0,0.005012,8.299988937677888,1,Active
Active,Ki,0.005012,155527989.0,0.005012,8.299988937677888,1,Active
Active,Kd,0.005012,122512239.0,0.005012,8.299988937677888,1,Active
Active,IC50,0.00508,146322268.0,0.00508,8.29413628771608,1,Active
Active,Ki,0.0051,86582918.0,0.0051,8.292429823902063,1,Active
Active,IC50,0.0051,146322248.0,0.0051,8.292429823902063,1,Active
Active,IC50,0.0051,159256075.0,0.0051,8.292429823902063,1,Active
Active,Ki,0.0051,89657282.0,0.0051,8.292429823902063,1,Active
Active,Ki,0.0051,90018193.0,0.0051,8.292429823902063,1,Active
Active,IC50,0.0051,146322301.0,0.0051,8.292429823902063,1,Active
Active,Ki,0.0051,132010170.0,0.0051,8.292429823902063,1,Active
Active,Ki,0.0052,141718935.0,0.0052,8.2839966563652,1,Active
Active,IC50,0.0052,169552831.0,0.0052,8.2839966563652,1,Active
Active,Ki,0.0052,89656080.0,0.0052,8.2839966563652,1,Active
Active,Ki,0.00522,86581392.0,0.00522,8.282329496997738,1,Active
Active,IC50,0.0053,150090260.0,0.0053,8.275724130399212,1,Active
Active,Ki,0.0053,71616302.0,0.0053,8.275724130399212,1,Active
Active,IC50,0.0053,146322224.0,0.0053,8.275724130399212,1,Active
Active,IC50,0.0053,157225042.0,0.0053,8.275724130399212,1,Active
Active,IC50,0.0053,155431421.0,0.0053,8.275724130399212,1,Active
Active,Ki,0.0054,89657420.0,0.0054,8.267606240177031,1,Active
Active,Ki,0.0054,132010751.0,0.0054,8.267606240177031,1,Active
Active,Ki,0.0054,89656131.0,0.0054,8.267606240177031,1,Active
Active,Ki,0.0054,71617573.0,0.0054,8.267606240177031,1,Active
Active,IC50,0.0054,90376184.0,0.0054,8.267606240177031,1,Active
Active,Ki,0.0054,146011711.0,0.0054,8.267606240177031,1,Active
Active,Ki,0.0054,132010091.0,0.0054,8.267606240177031,1,Active
Active,IC50,0.0054,146322290.0,0.0054,8.267606240177031,1,Active
Active,Ki,0.0055,86287755.0,0.0055,8.259637310505756,1,Active
Active,Ki,0.0055,71616419.0,0.0055,8.259637310505756,1,Active
Active,Ki,0.0055,90019075.0,0.0055,8.259637310505756,1,Active
Active,Ki,0.0055,89656422.0,0.0055,8.259637310505756,1,Active
Active,IC50,0.0055,172450657.0,0.0055,8.259637310505756,1,Active
Active,Ki,0.0056,132010915.0,0.0056,8.2518119729938,1,Active
Active,Ki,0.0056,71617218.0,0.0056,8.2518119729938,1,Active
Active,IC50,0.0056,164625073.0,0.0056,8.2518119729938,1,Active
Active,Ki,0.0056,72548029.0,0.0056,8.2518119729938,1,Active
Active,Ki,0.0056,86581681.0,0.0056,8.2518119729938,1,Active
Active,Ki,0.0056,89657594.0,0.0056,8.2518119729938,1,Active
Active,IC50,0.0057,146322294.0,0.0057,8.244125144327509,1,Active
Active,IC50,0.0057,156821877.0,0.0057,8.244125144327509,1,Active
Active,Ki,0.0057,132010863.0,0.0057,8.244125144327509,1,Active
Active,Ki,0.0057,141718937.0,0.0057,8.244125144327509,1,Active
Active,Ki,0.0057,86582761.0,0.0057,8.244125144327509,1,Active
Active,Ki,0.00573,155043615.0,0.00573,8.241845378032611,1,Active
Active,Ki,0.00576,136374383.0,0.00576,8.239577516576787,1,Active
Active,IC50,0.0058,155431437.0,0.0058,8.236572006437063,1,Active
Active,IC50,0.0058,172456669.0,0.0058,8.236572006437063,1,Active
Active,IC50,0.0058,123131638.0,0.0058,8.236572006437063,1,Active
Active,Ki,0.0058,86581685.0,0.0058,8.236572006437063,1,Active
Active,Ki,0.0058,155553423.0,0.0058,8.236572006437063,1,Active
Active,IC50,0.0058,153396297.0,0.0058,8.236572006437063,1,Active
Active,Ki,0.0058,89657640.0,0.0058,8.236572006437063,1,Active
Active,Ki,0.0059,89656470.0,0.0059,8.229147988357855,1,Active
Active,Ki,0.0059,86281349.0,0.0059,8.229147988357855,1,Active
Active,IC50,0.0059,167439563.0,0.0059,8.229147988357855,1,Active
Active,Ki,0.0059,89657597.0,0.0059,8.229147988357855,1,Active
Active,IC50,0.0059,146322313.0,0.0059,8.229147988357855,1,Active
Active,IC50,0.006,139571078.0,0.006,8.221848749616356,1,Active
Active,Ki,0.006,89655945.0,0.006,8.221848749616356,1,Active
Active,IC50,0.006,142746116.0,0.006,8.221848749616356,1,Active
Active,IC50,0.006,146525068.0,0.006,8.221848749616356,1,Active
Active,IC50,0.006,155235075.0,0.006,8.221848749616356,1,Active
Active,IC50,0.006,135276302.0,0.006,8.221848749616356,1,Active
Active,IC50,0.006,139558238.0,0.006,8.221848749616356,1,Active
Active,Ki,0.006,132010841.0,0.006,8.221848749616356,1,Active
Active,IC50,0.006,155457804.0,0.006,8.221848749616356,1,Active
Active,IC50,0.006,172440510.0,0.006,8.221848749616356,1,Active
Active,IC50,0.006,146525143.0,0.006,8.221848749616356,1,Active
Active,IC50,0.006,166177889.0,0.006,8.221848749616356,1,Active
Active,IC50,0.006,155431440.0,0.006,8.221848749616356,1,Active
Active,Ki,0.006,117772184.0,0.006,8.221848749616356,1,Active
Active,IC50,0.006,145979405.0,0.006,8.221848749616356,1,Active
Active,IC50,0.006,135276398.0,0.006,8.221848749616356,1,Active
Active,IC50,0.006,126564470.0,0.006,8.221848749616356,1,Active
Active,Ki,0.006,155042780.0,0.006,8.221848749616356,1,Active
Active,IC50,0.006,134578819.0,0.006,8.221848749616356,1,Active
Active,IC50,0.006,146341974.0,0.006,8.221848749616356,1,Active
Active,IC50,0.006,126564847.0,0.006,8.221848749616356,1,Active
Active,Ki,0.006,132010747.0,0.006,8.221848749616356,1,Active
Active,IC50,0.006,139558246.0,0.006,8.221848749616356,1,Active
Active,Ki,0.006,146011703.0,0.006,8.221848749616356,1,Active
Active,Ki,0.00606,117775717.0,0.00606,8.217527375833715,1,Active
Active,Ki,0.0061,89657463.0,0.0061,8.214670164989233,1,Active
Active,Ki,0.0061,89657498.0,0.0061,8.214670164989233,1,Active
Active,Ki,0.0061,86582450.0,0.0061,8.214670164989233,1,Active
Active,Ki,0.0061,86581388.0,0.0061,8.214670164989233,1,Active
Active,IC50,0.0061,130311620.0,0.0061,8.214670164989233,1,Active
Active,IC50,0.0061,139341733.0,0.0061,8.214670164989233,1,Active
Active,IC50,0.0061,169552830.0,0.0061,8.214670164989233,1,Active
Active,IC50,0.0061,172455581.0,0.0061,8.214670164989233,1,Active
Active,Ki,0.0061,136236453.0,0.0061,8.214670164989233,1,Active
Active,IC50,0.00613,54588805.0,0.00613,8.212539525481585,1,Active
Active,IC50,0.00613,54670351.0,0.00613,8.212539525481585,1,Active
Active,Ki,0.00614,155044000.0,0.00614,8.211831628858832,1,Active
Active,Ki,0.0062,89656484.0,0.0062,8.207608310501746,1,Active
Active,IC50,0.0062,172453912.0,0.0062,8.207608310501746,1,Active
Active,Ki,0.0063,132010686.0,0.0063,8.200659450546418,1,Active
Active,Ki,0.0063,89657614.0,0.0063,8.200659450546418,1,Active
Active,Ki,0.0063,118340676.0,0.0063,8.200659450546418,1,Active
Active,Kd,0.00631,126648559.0,0.00631,8.199970640755865,1,Active
Active,Kd,0.00631,146681130.0,0.00631,8.199970640755865,1,Active
Active,IC50,0.00631,156022518.0,0.00631,8.199970640755865,1,Active
Active,Ki,0.00631,155569534.0,0.00631,8.199970640755865,1,Active
Active,IC50,0.0064,153396334.0,0.0064,8.193820026016112,1,Active
Active,Kd,0.0064,156022513.0,0.0064,8.193820026016112,1,Active
Active,Ki,0.0064,71615943.0,0.0064,8.193820026016112,1,Active
Active,IC50,0.0064,172462757.0,0.0064,8.193820026016112,1,Active
Active,IC50,0.0064,149905725.0,0.0064,8.193820026016112,1,Active
Active,Ki,0.0064,132010736.0,0.0064,8.193820026016112,1,Active
Active,IC50,0.0064,172458725.0,0.0064,8.193820026016112,1,Active
Active,Ki,0.00643,155043581.0,0.00643,8.191789027075778,1,Active
Active,Ki,0.0065,117772289.0,0.0065,8.187086643357144,1,Active
Active,Ki,0.0065,89657402.0,0.0065,8.187086643357144,1,Active
Active,Kd,0.0065,126582741.0,0.0065,8.187086643357144,1,Active
Active,Ki,0.0065,146011709.0,0.0065,8.187086643357144,1,Active
Active,IC50,0.0065,146322281.0,0.0065,8.187086643357144,1,Active
Active,Ki,0.0065,136502897.0,0.0065,8.187086643357144,1,Active
Active,Ki,0.0065,89656456.0,0.0065,8.187086643357144,1,Active
Active,Ki,0.0065,145964377.0,0.0065,8.187086643357144,1,Active
Active,Ki,0.0065,89657480.0,0.0065,8.187086643357144,1,Active
Active,Ki,0.0066,132010073.0,0.0066,8.18045606445813,1,Active
Active,IC50,0.0066,146478897.0,0.0066,8.18045606445813,1,Active
Active,Ki,0.0066,89656155.0,0.0066,8.18045606445813,1,Active
Active,Kd,0.006607,137321204.0,0.006607,8.179995693191682,1,Active
Active,Ki,0.00666,117776059.0,0.00666,8.176525770829699,1,Active
Active,Ki,0.00669,117775835.0,0.00669,8.174573882232178,1,Active
Active,IC50,0.0067,146322254.0,0.0067,8.173925197299173,1,Active
Active,IC50,0.0067,146322219.0,0.0067,8.173925197299173,1,Active
Active,IC50,0.0067,162643679.0,0.0067,8.173925197299173,1,Active
Active,Kd,0.0067,135276440.0,0.0067,8.173925197299173,1,Active
Active,Ki,0.00679,136374381.0,0.00679,8.168130225719498,1,Active
Active,IC50,0.0068,146322283.0,0.0068,8.167491087293763,1,Active
Active,IC50,0.0068,177381334.0,0.0068,8.167491087293763,1,Active
Active,Ki,0.0069,132010081.0,0.0069,8.161150909262744,1,Active
Active,IC50,0.0069,156775106.0,0.0069,8.161150909262744,1,Active
Active,IC50,0.0069,158504117.0,0.0069,8.161150909262744,1,Active
Active,Ki,0.0069,89656443.0,0.0069,8.161150909262744,1,Active
Active,IC50,0.0069,155431401.0,0.0069,8.161150909262744,1,Active
Active,IC50,0.0069,169234309.0,0.0069,8.161150909262744,1,Active
Active,Ki,0.0069,117775922.0,0.0069,8.161150909262744,1,Active
Active,Ki,0.00693,86581391.0,0.00693,8.159266765388193,1,Active
Active,Ki,0.00698,155043858.0,0.00698,8.156144577376839,1,Active
Active,IC50,0.007,76072372.0,0.007,8.154901959985743,1,Active
Active,IC50,0.007,142745931.0,0.007,8.154901959985743,1,Active
Active,IC50,0.007,135276314.0,0.007,8.154901959985743,1,Active
Active,IC50,0.007,139558243.0,0.007,8.154901959985743,1,Active
Active,IC50,0.007,146342041.0,0.007,8.154901959985743,1,Active
Active,IC50,0.007,57344537.0,0.007,8.154901959985743,1,Active
Active,IC50,0.007,76072012.0,0.007,8.154901959985743,1,Active
Active,IC50,0.007,135276186.0,0.007,8.154901959985743,1,Active
Active,IC50,0.007,146322271.0,0.007,8.154901959985743,1,Active
Active,IC50,0.007,76071654.0,0.007,8.154901959985743,1,Active
Active,IC50,0.007,135276327.0,0.007,8.154901959985743,1,Active
Active,IC50,0.007,142406277.0,0.007,8.154901959985743,1,Active
Active,IC50,0.007,126563576.0,0.007,8.154901959985743,1,Active
Active,IC50,0.007,148828945.0,0.007,8.154901959985743,1,Active
Active,IC50,0.007,126564463.0,0.007,8.154901959985743,1,Active
Active,Ki,0.007,90016835.0,0.007,8.154901959985743,1,Active
Active,IC50,0.007,142746022.0,0.007,8.154901959985743,1,Active
Active,IC50,0.007,135276021.0,0.007,8.154901959985743,1,Active
Active,IC50,0.007,146342062.0,0.007,8.154901959985743,1,Active
Active,IC50,0.007,142746160.0,0.007,8.154901959985743,1,Active
Active,IC50,0.007,142746167.0,0.007,8.154901959985743,1,Active
Active,IC50,0.007,126521586.0,0.007,8.154901959985743,1,Active
Active,IC50,0.007,155457497.0,0.007,8.154901959985743,1,Active
Active,Ki,0.007,89657333.0,0.007,8.154901959985743,1,Active
Active,IC50,0.007,177380900.0,0.007,8.154901959985743,1,Active
Active,Ki,0.007,90395627.0,0.007,8.154901959985743,1,Active
Active,Ki,0.007,155043851.0,0.007,8.154901959985743,1,Active
Active,IC50,0.007,126564427.0,0.007,8.154901959985743,1,Active
Active,IC50,0.007,135276086.0,0.007,8.154901959985743,1,Active
Active,Ki,0.00702,117775771.0,0.00702,8.153662887870194,1,Active
Active,Ki,0.00706,155042899.0,0.00706,8.151195298948196,1,Active
Active,IC50,0.0071,146322226.0,0.0071,8.148741651280925,1,Active
Active,IC50,0.0071,169234321.0,0.0071,8.148741651280925,1,Active
Active,IC50,0.0071,157146932.0,0.0071,8.148741651280925,1,Active
Active,IC50,0.0071,146322292.0,0.0071,8.148741651280925,1,Active
Active,Ki,0.0071,89656425.0,0.0071,8.148741651280925,1,Active
Active,Ki,0.0071,86270651.0,0.0071,8.148741651280925,1,Active
Active,Ki,0.00716,136374380.0,0.00716,8.145086977692145,1,Active
Active,Ki,0.0072,86581540.0,0.0072,8.142667503568731,1,Active
Active,IC50,0.0072,86281210.0,0.0072,8.142667503568731,1,Active
Active,IC50,0.0072,155431226.0,0.0072,8.142667503568731,1,Active
Active,IC50,0.0072,146478919.0,0.0072,8.142667503568731,1,Active
Active,Ki,0.0072,86581837.0,0.0072,8.142667503568731,1,Active
Active,IC50,0.00721,121448737.0,0.00721,8.14206473528057,1,Active
Active,Ki,0.0073,118137861.0,0.0073,8.136677139879545,1,Active
Active,Ki,0.0073,89656174.0,0.0073,8.136677139879545,1,Active
Active,Kd,0.0073,162679304.0,0.0073,8.136677139879545,1,Active
Active,Kd,0.0073,49871818.0,0.0073,8.136677139879545,1,Active
Active,Ki,0.0073,118863432.0,0.0073,8.136677139879545,1,Active
Active,Ki,0.0073,132010087.0,0.0073,8.136677139879545,1,Active
Active,IC50,0.0073,155457810.0,0.0073,8.136677139879545,1,Active
Active,Ki,0.00738,146011712.0,0.00738,8.131943638176958,1,Active
Active,Ki,0.0074,155043372.0,0.0074,8.130768280269024,1,Active
Active,Ki,0.0074,141718956.0,0.0074,8.130768280269024,1,Active
Active,IC50,0.0074,118889502.0,0.0074,8.130768280269024,1,Active
Active,IC50,0.0074,161193665.0,0.0074,8.130768280269024,1,Active
Active,Ki,0.0074,117775594.0,0.0074,8.130768280269024,1,Active
Active,Ki,0.0075,132010986.0,0.0075,8.1249387366083,1,Active
Active,Ki,0.0075,89656314.0,0.0075,8.1249387366083,1,Active
Active,Ki,0.0075,124222781.0,0.0075,8.1249387366083,1,Active
Active,Ki,0.00758,86581541.0,0.00758,8.120330794367947,1,Active
Active,IC50,0.00759,166165720.0,0.00759,8.119758224104519,1,Active
Active,Ki,0.0076,155042790.0,0.0076,8.119186407719209,1,Active
Active,Ki,0.0076,71617105.0,0.0076,8.119186407719209,1,Active
Active,Ki,0.0076,155043769.0,0.0076,8.119186407719209,1,Active
Active,Ki,0.00764,155043371.0,0.00764,8.116906641424311,1,Active
Active,IC50,0.0077,162661935.0,0.0077,8.113509274827518,1,Active
Active,Ki,0.0077,145978248.0,0.0077,8.113509274827518,1,Active
Active,IC50,0.0077,168287206.0,0.0077,8.113509274827518,1,Active
Active,IC50,0.0077,146322267.0,0.0077,8.113509274827518,1,Active
Active,IC50,0.00779,155431254.0,0.00779,8.108462542327436,1,Active
Active,Ki,0.0078,155043559.0,0.0078,8.10790539730952,1,Active
Active,Ki,0.0078,89657344.0,0.0078,8.10790539730952,1,Active
Active,Ki,0.0079,90387728.0,0.0079,8.102372908709558,1,Active
Active,IC50,0.0079,155648324.0,0.0079,8.102372908709558,1,Active
Active,IC50,0.007943,168298613.0,0.007943,8.100015437450608,1,Active
Active,IC50,0.007943,164626647.0,0.007943,8.100015437450608,1,Active
Active,IC50,0.007943,156009105.0,0.007943,8.100015437450608,1,Active
Active,IC50,0.007943,164621498.0,0.007943,8.100015437450608,1,Active
Active,Ki,0.007943,155525482.0,0.007943,8.100015437450608,1,Active
Active,IC50,0.007943,164622644.0,0.007943,8.100015437450608,1,Active
Active,Kd,0.007943,168665426.0,0.007943,8.100015437450608,1,Active
Active,Ki,0.007943,122164963.0,0.007943,8.100015437450608,1,Active
Active,IC50,0.007943,138533733.0,0.007943,8.100015437450608,1,Active
Active,IC50,0.008,166596470.0,0.008,8.096910013008056,1,Active
Active,IC50,0.008,76071772.0,0.008,8.096910013008056,1,Active
Active,IC50,0.008,86566737.0,0.008,8.096910013008056,1,Active
Active,IC50,0.008,86271987.0,0.008,8.096910013008056,1,Active
Active,IC50,0.008,155017193.0,0.008,8.096910013008056,1,Active
Active,IC50,0.008,76071650.0,0.008,8.096910013008056,1,Active
Active,IC50,0.008,148274848.0,0.008,8.096910013008056,1,Active
Active,IC50,0.008,155765068.0,0.008,8.096910013008056,1,Active
Active,IC50,0.008,148274847.0,0.008,8.096910013008056,1,Active
Active,IC50,0.008,142745953.0,0.008,8.096910013008056,1,Active
Active,IC50,0.008,142746058.0,0.008,8.096910013008056,1,Active
Active,IC50,0.008,142406346.0,0.008,8.096910013008056,1,Active
Active,Kd,0.008,122539896.0,0.008,8.096910013008056,1,Active
Active,IC50,0.008,76072137.0,0.008,8.096910013008056,1,Active
Active,IC50,0.008,142746190.0,0.008,8.096910013008056,1,Active
Active,IC50,0.008,135276172.0,0.008,8.096910013008056,1,Active
Active,IC50,0.008,76070845.0,0.008,8.096910013008056,1,Active
Active,IC50,0.008,135276042.0,0.008,8.096910013008056,1,Active
Active,IC50,0.008,168270341.0,0.008,8.096910013008056,1,Active
Active,IC50,0.008,155515565.0,0.008,8.096910013008056,1,Active
Active,IC50,0.008,90647162.0,0.008,8.096910013008056,1,Active
Active,IC50,0.008,75201687.0,0.008,8.096910013008056,1,Active
Active,IC50,0.008,75201688.0,0.008,8.096910013008056,1,Active
Active,IC50,0.008,139571039.0,0.008,8.096910013008056,1,Active
Active,IC50,0.008,146342162.0,0.008,8.096910013008056,1,Active
Active,IC50,0.008,172468741.0,0.008,8.096910013008056,1,Active
Active,IC50,0.008,162674256.0,0.008,8.096910013008056,1,Active
Active,Ki,0.008,117772543.0,0.008,8.096910013008056,1,Active
Active,Ki,0.0081,89656156.0,0.0081,8.09151498112135,1,Active
Active,Kd,0.0081,155925952.0,0.0081,8.09151498112135,1,Active
Active,Ki,0.0081,71621709.0,0.0081,8.09151498112135,1,Active
Active,Ki,0.0081,132011021.0,0.0081,8.09151498112135,1,Active
Active,IC50,0.0081,146322229.0,0.0081,8.09151498112135,1,Active
Active,IC50,0.0081,146478922.0,0.0081,8.09151498112135,1,Active
Active,Ki,0.00819,155042803.0,0.00819,8.086716098239581,1,Active
Active,Ki,0.0082,89656306.0,0.0082,8.086186147616283,1,Active
Active,Ki,0.0082,137657716.0,0.0082,8.086186147616283,1,Active
Active,Ki,0.0082,89655902.0,0.0082,8.086186147616283,1,Active
Active,Ki,0.00824,117775739.0,0.00824,8.084072788302883,1,Active
Active,Ki,0.0083,117776075.0,0.0083,8.080921907623926,1,Active
Active,IC50,0.0083,155461022.0,0.0083,8.080921907623926,1,Active
Active,Ki,0.0084,155042812.0,0.0084,8.075720713938118,1,Active
Active,Ki,0.0084,155043410.0,0.0084,8.075720713938118,1,Active
Active,IC50,0.0084,155431183.0,0.0084,8.075720713938118,1,Active
Active,Ki,0.00847,87055392.0,0.00847,8.072116589669292,1,Active
Active,Ki,0.0085,117775795.0,0.0085,8.070581074285707,1,Active
Active,Ki,0.0086,136374382.0,0.0086,8.065501548756432,1,Active
Active,IC50,0.0086,146322265.0,0.0086,8.065501548756432,1,Active
Active,IC50,0.0086,177382076.0,0.0086,8.065501548756432,1,Active
Active,Ki,0.0086,71616416.0,0.0086,8.065501548756432,1,Active
Active,IC50,0.0086,129046587.0,0.0086,8.065501548756432,1,Active
Active,IC50,0.0086,130311637.0,0.0086,8.065501548756432,1,Active
Active,Ki,0.00865,87055136.0,0.00865,8.062983892535186,1,Active
Active,Ki,0.0087,146011713.0,0.0087,8.060480747381382,1,Active
Active,Ki,0.0087,132010694.0,0.0087,8.060480747381382,1,Active
Active,Ki,0.0087,137635588.0,0.0087,8.060480747381382,1,Active
Active,Ki,0.0087,122187522.0,0.0087,8.060480747381382,1,Active
Active,Ki,0.0087,89657346.0,0.0087,8.060480747381382,1,Active
Active,Ki,0.0087,89657404.0,0.0087,8.060480747381382,1,Active
Active,Ki,0.0087,86582448.0,0.0087,8.060480747381382,1,Active
Active,IC50,0.0088,177376968.0,0.0088,8.05551732784983,1,Active
Active,Ki,0.0088,89657496.0,0.0088,8.05551732784983,1,Active
Active,IC50,0.0088,139341543.0,0.0088,8.05551732784983,1,Active
Active,IC50,0.0088,164620902.0,0.0088,8.05551732784983,1,Active
Active,Ki,0.0088,155042813.0,0.0088,8.05551732784983,1,Active
Active,Ki,0.0088,89657576.0,0.0088,8.05551732784983,1,Active
Active,Ki,0.00883,155043662.0,0.00883,8.054039296422431,1,Active
Active,Kd,0.0089,156583302.0,0.0089,8.050609993355087,1,Active
Active,IC50,0.0089,156685304.0,0.0089,8.050609993355087,1,Active
Active,Ki,0.0089,89656015.0,0.0089,8.050609993355087,1,Active
Active,Ki,0.0089,118137754.0,0.0089,8.050609993355087,1,Active
Active,IC50,0.0089,162651458.0,0.0089,8.050609993355087,1,Active
Active,Ki,0.0089,89656146.0,0.0089,8.050609993355087,1,Active
Active,Ki,0.0089,89657565.0,0.0089,8.050609993355087,1,Active
Active,IC50,0.009,76071896.0,0.009,8.045757490560675,1,Active
Active,Kd,0.009,146018690.0,0.009,8.045757490560675,1,Active
Active,IC50,0.009,76071774.0,0.009,8.045757490560675,1,Active
Active,IC50,0.009,76072371.0,0.009,8.045757490560675,1,Active
Active,IC50,0.009,91758311.0,0.009,8.045757490560675,1,Active
Active,Ki,0.009,168510283.0,0.009,8.045757490560675,1,Active
Active,IC50,0.009,76071773.0,0.009,8.045757490560675,1,Active
Active,IC50,0.009,76072013.0,0.009,8.045757490560675,1,Active
Active,IC50,0.009,155765071.0,0.009,8.045757490560675,1,Active
Active,Kd,0.009,122201421.0,0.009,8.045757490560675,1,Active
Active,IC50,0.009,155457494.0,0.009,8.045757490560675,1,Active
Active,IC50,0.009,137661082.0,0.009,8.045757490560675,1,Active
Active,Ki,0.009,89656288.0,0.009,8.045757490560675,1,Active
Active,IC50,0.009,142746119.0,0.009,8.045757490560675,1,Active
Active,Ki,0.009,89657596.0,0.009,8.045757490560675,1,Active
Active,IC50,0.009,142406647.0,0.009,8.045757490560675,1,Active
Active,IC50,0.009,76071899.0,0.009,8.045757490560675,1,Active
Active,Ki,0.009,90020090.0,0.009,8.045757490560675,1,Active
Active,IC50,0.009,76072370.0,0.009,8.045757490560675,1,Active
Active,IC50,0.009,153175239.0,0.009,8.045757490560675,1,Active
Active,IC50,0.009,153165150.0,0.009,8.045757490560675,1,Active
Active,Ki,0.009,155042799.0,0.009,8.045757490560675,1,Active
Active,IC50,0.009,142406713.0,0.009,8.045757490560675,1,Active
Active,IC50,0.009,146342039.0,0.009,8.045757490560675,1,Active
Active,IC50,0.009,142746104.0,0.009,8.045757490560675,1,Active
Active,Ki,0.009,117636997.0,0.009,8.045757490560675,1,Active
Active,IC50,0.009,146342078.0,0.009,8.045757490560675,1,Active
Active,IC50,0.009,142745935.0,0.009,8.045757490560675,1,Active
Active,Ki,0.009,71812083.0,0.009,8.045757490560675,1,Active
Active,IC50,0.009,135276110.0,0.009,8.045757490560675,1,Active
Active,Ki,0.009,52912189.0,0.009,8.045757490560675,1,Active
Active,IC50,0.009,118021678.0,0.009,8.045757490560675,1,Active
Active,IC50,0.009,142746125.0,0.009,8.045757490560675,1,Active
Active,IC50,0.009,139558383.0,0.009,8.045757490560675,1,Active
Active,Kd,0.009,137647012.0,0.009,8.045757490560675,1,Active
Active,IC50,0.009,155457621.0,0.009,8.045757490560675,1,Active
Active,Ki,0.009,137636088.0,0.009,8.045757490560675,1,Active
Active,Ki,0.00908,155043406.0,0.00908,8.041914151478915,1,Active
Active,Ki,0.0091,155043373.0,0.0091,8.040958607678906,1,Active
Active,Ki,0.0091,86582607.0,0.0091,8.040958607678906,1,Active
Active,Ki,0.0091,141718922.0,0.0091,8.040958607678906,1,Active
Active,IC50,0.00911,166166029.0,0.00911,8.040481623027002,1,Active
Active,Ki,0.00918,117775553.0,0.00918,8.037157318798759,1,Active
Active,IC50,0.0092,146322227.0,0.0092,8.036212172654444,1,Active
Active,IC50,0.0092,164622149.0,0.0092,8.036212172654444,1,Active
Active,Ki,0.00921,87055135.0,0.00921,8.03574036980315,1,Active
Active,Ki,0.00929,155043432.0,0.00929,8.031984286006358,1,Active
Active,Ki,0.00931,155043376.0,0.00931,8.031050319018657,1,Active
Active,Ki,0.00936,118116636.0,0.00936,8.028724151261894,1,Active
Active,Ki,0.0094,155043626.0,0.0094,8.0268721464003,1,Active
Active,IC50,0.0094,146322251.0,0.0094,8.0268721464003,1,Active
Active,IC50,0.0094,155461039.0,0.0094,8.0268721464003,1,Active
Active,IC50,0.0095,139341524.0,0.0095,8.022276394711152,1,Active
Active,IC50,0.0095,90375863.0,0.0095,8.022276394711152,1,Active
Active,Ki,0.0095,155526357.0,0.0095,8.022276394711152,1,Active
Active,Ki,0.0095,89656106.0,0.0095,8.022276394711152,1,Active
Active,IC50,0.0095,146322296.0,0.0095,8.022276394711152,1,Active
Active,Ki,0.0096,141718884.0,0.0096,8.017728766960431,1,Active
Active,Ki,0.0096,89656362.0,0.0096,8.017728766960431,1,Active
Active,Ki,0.0096,155515131.0,0.0096,8.017728766960431,1,Active
Active,Ki,0.00961,155043670.0,0.00961,8.017276612331454,1,Active
Active,Ki,0.00966,118116963.0,0.00966,8.015022873584506,1,Active
Active,Ki,0.00967,155042789.0,0.00967,8.014573525916997,1,Active
Active,Ki,0.0097,71617576.0,0.0097,8.013228265733755,1,Active
Active,IC50,0.0097,146322239.0,0.0097,8.013228265733755,1,Active
Active,IC50,0.0097,177382073.0,0.0097,8.013228265733755,1,Active
Active,IC50,0.0097,168291778.0,0.0097,8.013228265733755,1,Active
Active,Ki,0.0097,89657523.0,0.0097,8.013228265733755,1,Active
Active,IC50,0.0097,152625752.0,0.0097,8.013228265733755,1,Active
Active,Ki,0.00975,155042819.0,0.00975,8.010995384301463,1,Active
Active,IC50,0.0098,118889455.0,0.0098,8.008773924307505,1,Active
Active,IC50,0.0098,156775104.0,0.0098,8.008773924307505,1,Active
Active,IC50,0.0098,146322289.0,0.0098,8.008773924307505,1,Active
Active,IC50,0.0098,175958339.0,0.0098,8.008773924307505,1,Active
Active,Ki,0.0099,89657542.0,0.0099,8.00436480540245,1,Active
Active,IC50,0.0099,156685303.0,0.0099,8.00436480540245,1,Active
Active,IC50,0.0099,156811864.0,0.0099,8.00436480540245,1,Active
Active,Ki,0.00995,117775955.0,0.00995,8.002176919254275,1,Active
Active,Ki,0.00999,117775430.0,0.00999,8.000434511774017,1,Active
Active,IC50,0.01,78320028.0,0.01,8.0,1,Active
Active,Kd,0.01,177380906.0,0.01,8.0,1,Active
Active,Kd,0.01,155234593.0,0.01,8.0,1,Active
Active,Kd,0.01,155234579.0,0.01,8.0,1,Active
Active,Kd,0.01,155234441.0,0.01,8.0,1,Active
Active,Kd,0.01,155234495.0,0.01,8.0,1,Active
Active,Ki,0.01,117636986.0,0.01,8.0,1,Active
Active,IC50,0.01,122694959.0,0.01,8.0,1,Active
Active,IC50,0.01,126564481.0,0.01,8.0,1,Active
Active,IC50,0.01,76072014.0,0.01,8.0,1,Active
Active,Ki,0.01,155461094.0,0.01,8.0,1,Active
Active,IC50,0.01,76072260.0,0.01,8.0,1,Active
Active,IC50,0.01,156014722.0,0.01,8.0,1,Active
Active,IC50,0.01,155119558.0,0.01,8.0,1,Active
Active,IC50,0.01,164620845.0,0.01,8.0,1,Active
Active,IC50,0.01,5311.0,0.01,8.0,1,Active
Active,IC50,0.01,122686586.0,0.01,8.0,1,Active
Active,IC50,0.01,122694911.0,0.01,8.0,1,Active
Active,IC50,0.01,138403666.0,0.01,8.0,1,Active
Unspecified,IC50,0.01,1499235.0,0.01,8.0,1,Active
Active,IC50,0.01,122686830.0,0.01,8.0,1,Active
Active,IC50,0.01,164624908.0,0.01,8.0,1,Active
Active,IC50,0.01,164615382.0,0.01,8.0,1,Active
Active,Kd,0.01,153617033.0,0.01,8.0,1,Active
Active,IC50,0.01,146342061.0,0.01,8.0,1,Active
Active,Kd,0.01,155234621.0,0.01,8.0,1,Active
Active,Kd,0.01,155234493.0,0.01,8.0,1,Active
Active,Kd,0.01,155234356.0,0.01,8.0,1,Active
Active,Kd,0.01,155234613.0,0.01,8.0,1,Active
Active,Kd,0.01,155234539.0,0.01,8.0,1,Active
Active,IC50,0.01,122694891.0,0.01,8.0,1,Active
Active,IC50,0.01,122686533.0,0.01,8.0,1,Active
Active,IC50,0.01,122694946.0,0.01,8.0,1,Active
Active,IC50,0.01,139341516.0,0.01,8.0,1,Active
Active,Kd,0.01,155234631.0,0.01,8.0,1,Active
Active,IC50,0.01,168665425.0,0.01,8.0,1,Active
Active,IC50,0.01,138403677.0,0.01,8.0,1,Active
Active,IC50,0.01,122694907.0,0.01,8.0,1,Active
Active,IC50,0.01,122686412.0,0.01,8.0,1,Active
Active,IC50,0.01,122694931.0,0.01,8.0,1,Active
Active,IC50,0.01,138403663.0,0.01,8.0,1,Active
Active,IC50,0.01,138403675.0,0.01,8.0,1,Active
Active,IC50,0.01,122686383.0,0.01,8.0,1,Active
Active,IC50,0.01,122686628.0,0.01,8.0,1,Active
Active,IC50,0.01,122694861.0,0.01,8.0,1,Active
Active,IC50,0.01,122694867.0,0.01,8.0,1,Active
Active,IC50,0.01,122687275.0,0.01,8.0,1,Active
Active,IC50,0.01,122686367.0,0.01,8.0,1,Active
Active,IC50,0.01,122694956.0,0.01,8.0,1,Active
Active,IC50,0.01,122694961.0,0.01,8.0,1,Active
Active,IC50,0.01,122686546.0,0.01,8.0,1,Active
Active,IC50,0.01,122694855.0,0.01,8.0,1,Active
Active,IC50,0.01,122694872.0,0.01,8.0,1,Active
Active,Kd,0.01,155234368.0,0.01,8.0,1,Active
Active,Kd,0.01,155234513.0,0.01,8.0,1,Active
Active,IC50,0.01,148784918.0,0.01,8.0,1,Active
Active,IC50,0.01,122694837.0,0.01,8.0,1,Active
Active,IC50,0.01,122686459.0,0.01,8.0,1,Active
Active,Ki,0.01,117772410.0,0.01,8.0,1,Active
Active,Ki,0.01,86582447.0,0.01,8.0,1,Active
Active,IC50,0.01,122694930.0,0.01,8.0,1,Active
Active,IC50,0.01,122687070.0,0.01,8.0,1,Active
Active,IC50,0.01,122694876.0,0.01,8.0,1,Active
Active,IC50,0.01,122694888.0,0.01,8.0,1,Active
Active,IC50,0.01,122686596.0,0.01,8.0,1,Active
Active,IC50,0.01,122686487.0,0.01,8.0,1,Active
Active,IC50,0.01,122686538.0,0.01,8.0,1,Active
Active,IC50,0.01,122694957.0,0.01,8.0,1,Active
Active,IC50,0.01,122694958.0,0.01,8.0,1,Active
Active,IC50,0.01,138403647.0,0.01,8.0,1,Active
Active,IC50,0.01,168298902.0,0.01,8.0,1,Active
Active,IC50,0.01,122686639.0,0.01,8.0,1,Active
Active,IC50,0.01,135276247.0,0.01,8.0,1,Active
Active,IC50,0.01,122694859.0,0.01,8.0,1,Active
Active,IC50,0.01,122694901.0,0.01,8.0,1,Active
Active,IC50,0.01,122687191.0,0.01,8.0,1,Active
Active,IC50,0.01,130320047.0,0.01,8.0,1,Active
Active,IC50,0.01,122686342.0,0.01,8.0,1,Active
Active,IC50,0.01,122686833.0,0.01,8.0,1,Active
Active,IC50,0.01,138403661.0,0.01,8.0,1,Active
Active,IC50,0.01,122686599.0,0.01,8.0,1,Active
Active,IC50,0.01,122686529.0,0.01,8.0,1,Active
Active,IC50,0.01,122694875.0,0.01,8.0,1,Active
Active,IC50,0.01,135276392.0,0.01,8.0,1,Active
Active,IC50,0.01,122686630.0,0.01,8.0,1,Active
Active,IC50,0.01,122686419.0,0.01,8.0,1,Active
Active,IC50,0.01,122694899.0,0.01,8.0,1,Active
Active,IC50,0.01,138403673.0,0.01,8.0,1,Active
Active,IC50,0.01,122686578.0,0.01,8.0,1,Active
Active,IC50,0.01,122694929.0,0.01,8.0,1,Active
Active,IC50,0.01,122686327.0,0.01,8.0,1,Active
Active,IC50,0.01,122686503.0,0.01,8.0,1,Active
Active,IC50,0.01,138403678.0,0.01,8.0,1,Active
Active,IC50,0.01,122694953.0,0.01,8.0,1,Active
Active,IC50,0.01,122694801.0,0.01,8.0,1,Active
Active,IC50,0.01,122686422.0,0.01,8.0,1,Active
Active,IC50,0.01,122694857.0,0.01,8.0,1,Active
Active,IC50,0.01,122694877.0,0.01,8.0,1,Active
Active,IC50,0.01,138403657.0,0.01,8.0,1,Active
Active,IC50,0.01,122686471.0,0.01,8.0,1,Active
Active,IC50,0.01,122694844.0,0.01,8.0,1,Active
Active,IC50,0.01,122687152.0,0.01,8.0,1,Active
Active,IC50,0.01,138403659.0,0.01,8.0,1,Active
Active,IC50,0.01,155017090.0,0.01,8.0,1,Active
Active,IC50,0.01,122686527.0,0.01,8.0,1,Active
Active,IC50,0.01,122686358.0,0.01,8.0,1,Active
Active,IC50,0.01,146342029.0,0.01,8.0,1,Active
Active,IC50,0.01,138403649.0,0.01,8.0,1,Active
Active,IC50,0.01,122686341.0,0.01,8.0,1,Active
Active,IC50,0.01,122694879.0,0.01,8.0,1,Active
Active,IC50,0.01,122694889.0,0.01,8.0,1,Active
Active,IC50,0.01,122686339.0,0.01,8.0,1,Active
Active,IC50,0.01,138403668.0,0.01,8.0,1,Active
Active,IC50,0.01,122686382.0,0.01,8.0,1,Active
Active,IC50,0.01,122687276.0,0.01,8.0,1,Active
Active,IC50,0.01,122686457.0,0.01,8.0,1,Active
Active,IC50,0.01,122687195.0,0.01,8.0,1,Active
Active,IC50,0.01,122686495.0,0.01,8.0,1,Active
Active,IC50,0.01,122686678.0,0.01,8.0,1,Active
Active,IC50,0.01,138403669.0,0.01,8.0,1,Active
Active,IC50,0.01,122694960.0,0.01,8.0,1,Active
Active,IC50,0.01,122686357.0,0.01,8.0,1,Active
Active,IC50,0.01,122686582.0,0.01,8.0,1,Active
Active,IC50,0.01,122686530.0,0.01,8.0,1,Active
Active,IC50,0.01,122694896.0,0.01,8.0,1,Active
Active,IC50,0.01,122694803.0,0.01,8.0,1,Active
Active,IC50,0.01,122686504.0,0.01,8.0,1,Active
Active,IC50,0.01,122686429.0,0.01,8.0,1,Active
Active,IC50,0.01,142746191.0,0.01,8.0,1,Active
Active,IC50,0.01,142746173.0,0.01,8.0,1,Active
Active,IC50,0.01,122686375.0,0.01,8.0,1,Active
Active,IC50,0.01,122686469.0,0.01,8.0,1,Active
Active,IC50,0.01,122694871.0,0.01,8.0,1,Active
Active,IC50,0.01,122694935.0,0.01,8.0,1,Active
Active,IC50,0.01,122694841.0,0.01,8.0,1,Active
Active,IC50,0.01,122694848.0,0.01,8.0,1,Active
Active,IC50,0.01,126702832.0,0.01,8.0,1,Active
Active,IC50,0.01,122686333.0,0.01,8.0,1,Active
Active,IC50,0.01,122694892.0,0.01,8.0,1,Active
Active,IC50,0.01,122694918.0,0.01,8.0,1,Active
Active,IC50,0.01,122686556.0,0.01,8.0,1,Active
Active,IC50,0.01,122687190.0,0.01,8.0,1,Active
Active,IC50,0.01,122694882.0,0.01,8.0,1,Active
Active,IC50,0.01,122694916.0,0.01,8.0,1,Active
Active,IC50,0.01,122694934.0,0.01,8.0,1,Active
Active,IC50,0.01,122687331.0,0.01,8.0,1,Active
Active,IC50,0.01,122694880.0,0.01,8.0,1,Active
Active,IC50,0.01,138403671.0,0.01,8.0,1,Active
Active,IC50,0.01,122686481.0,0.01,8.0,1,Active
Active,IC50,0.01,122694846.0,0.01,8.0,1,Active
Active,IC50,0.01,138403653.0,0.01,8.0,1,Active
Active,IC50,0.01,122694843.0,0.01,8.0,1,Active
Active,IC50,0.01,138403652.0,0.01,8.0,1,Active
Active,IC50,0.01,122686585.0,0.01,8.0,1,Active
Active,IC50,0.01,138403650.0,0.01,8.0,1,Active
Active,IC50,0.01,122686497.0,0.01,8.0,1,Active
Active,IC50,0.01,122686567.0,0.01,8.0,1,Active
Active,IC50,0.01,122686352.0,0.01,8.0,1,Active
Active,IC50,0.01,122686411.0,0.01,8.0,1,Active
Active,IC50,0.01,122687277.0,0.01,8.0,1,Active
Active,IC50,0.01,122686489.0,0.01,8.0,1,Active
Active,IC50,0.01,78320336.0,0.01,8.0,1,Active
Active,IC50,0.01,122694802.0,0.01,8.0,1,Active
Active,IC50,0.01,122687188.0,0.01,8.0,1,Active
Active,IC50,0.01,122686561.0,0.01,8.0,1,Active
Active,IC50,0.01,122694856.0,0.01,8.0,1,Active
Active,IC50,0.01,122686498.0,0.01,8.0,1,Active
Active,IC50,0.01,155552472.0,0.01,8.0,1,Active
Active,IC50,0.01,155514303.0,0.01,8.0,1,Active
Active,IC50,0.01,122686406.0,0.01,8.0,1,Active
Active,IC50,0.01,138403674.0,0.01,8.0,1,Active
Active,IC50,0.01,122686402.0,0.01,8.0,1,Active
Active,IC50,0.01,138403638.0,0.01,8.0,1,Active
Active,IC50,0.01,122694838.0,0.01,8.0,1,Active
Active,IC50,0.01,122686425.0,0.01,8.0,1,Active
Active,IC50,0.01,122687185.0,0.01,8.0,1,Active
Active,IC50,0.01,122694932.0,0.01,8.0,1,Active
Active,IC50,0.01,122694800.0,0.01,8.0,1,Active
Active,IC50,0.01,122686531.0,0.01,8.0,1,Active
Active,IC50,0.01,122694927.0,0.01,8.0,1,Active
Active,IC50,0.01,122694950.0,0.01,8.0,1,Active
Active,IC50,0.01,122686478.0,0.01,8.0,1,Active
Active,IC50,0.01,122694963.0,0.01,8.0,1,Active
Active,IC50,0.01,122686368.0,0.01,8.0,1,Active
Active,IC50,0.01,122686593.0,0.01,8.0,1,Active
Active,IC50,0.01,122694922.0,0.01,8.0,1,Active
Active,IC50,0.01,122686540.0,0.01,8.0,1,Active
Active,IC50,0.01,164613943.0,0.01,8.0,1,Active
Active,IC50,0.01,122686490.0,0.01,8.0,1,Active
Active,IC50,0.01,122694885.0,0.01,8.0,1,Active
Active,IC50,0.01,122687065.0,0.01,8.0,1,Active
Active,IC50,0.01,122686507.0,0.01,8.0,1,Active
Active,IC50,0.01,122686606.0,0.01,8.0,1,Active
Active,IC50,0.01,122686408.0,0.01,8.0,1,Active
Active,IC50,0.01,122694883.0,0.01,8.0,1,Active
Active,IC50,0.01,159402721.0,0.01,8.0,1,Active
Active,IC50,0.01,142745878.0,0.01,8.0,1,Active
Active,IC50,0.01,135276225.0,0.01,8.0,1,Active
Active,IC50,0.01,122687041.0,0.01,8.0,1,Active
Active,IC50,0.01,138403648.0,0.01,8.0,1,Active
Active,IC50,0.01,138403664.0,0.01,8.0,1,Active
Active,IC50,0.01,122694955.0,0.01,8.0,1,Active
Active,IC50,0.01,138403670.0,0.01,8.0,1,Active
Active,IC50,0.01,155431221.0,0.01,8.0,1,Active
Active,IC50,0.01,126673111.0,0.01,8.0,1,Active
Active,IC50,0.01,149206988.0,0.01,8.0,1,Active
Active,Ki,0.01,135567317.0,0.01,8.0,1,Active
Active,IC50,0.01,156775101.0,0.01,8.0,1,Active
Active,IC50,0.01,122686565.0,0.01,8.0,1,Active
Active,IC50,0.01,122686588.0,0.01,8.0,1,Active
Active,IC50,0.01,122694890.0,0.01,8.0,1,Active
Active,Ki,0.01,86581545.0,0.01,8.0,1,Active
Active,IC50,0.01,122686456.0,0.01,8.0,1,Active
Active,IC50,0.01,122686378.0,0.01,8.0,1,Active
Active,IC50,0.01,122686421.0,0.01,8.0,1,Active
Active,IC50,0.01,138403672.0,0.01,8.0,1,Active
Active,IC50,0.01,122686427.0,0.01,8.0,1,Active
Active,IC50,0.01,122686563.0,0.01,8.0,1,Active
Active,IC50,0.01,122694944.0,0.01,8.0,1,Active
Active,IC50,0.01,122694799.0,0.01,8.0,1,Active
Active,IC50,0.01,122686595.0,0.01,8.0,1,Active
Active,IC50,0.01,122588572.0,0.01,8.0,1,Active
Active,IC50,0.01,122686486.0,0.01,8.0,1,Active
Active,IC50,0.01,122686472.0,0.01,8.0,1,Active
Active,IC50,0.01,155514584.0,0.01,8.0,1,Active
Active,IC50,0.01,162370172.0,0.01,8.0,1,Active
Active,IC50,0.01,124081169.0,0.01,8.0,1,Active
Active,IC50,0.01,131996901.0,0.01,8.0,1,Active
Active,IC50,0.01,131997002.0,0.01,8.0,1,Active
Active,IC50,0.01,155519310.0,0.01,8.0,1,Active
Active,IC50,0.01,139570814.0,0.01,8.0,1,Active
Active,IC50,0.01,122686537.0,0.01,8.0,1,Active
Active,IC50,0.01,122588558.0,0.01,8.0,1,Active
Active,IC50,0.01,122687151.0,0.01,8.0,1,Active
Active,IC50,0.01,122686405.0,0.01,8.0,1,Active
Active,IC50,0.01,122686756.0,0.01,8.0,1,Active
Active,IC50,0.01,122694829.0,0.01,8.0,1,Active
Active,IC50,0.01,122694870.0,0.01,8.0,1,Active
Active,IC50,0.01,122694897.0,0.01,8.0,1,Active
Active,Ki,0.01,86582757.0,0.01,8.0,1,Active
Active,Kd,0.01,155234506.0,0.01,8.0,1,Active
Active,IC50,0.01,146524996.0,0.01,8.0,1,Active
Active,IC50,0.01,132004147.0,0.01,8.0,1,Active
Active,IC50,0.01,75201634.0,0.01,8.0,1,Active
Active,IC50,0.01,122694860.0,0.01,8.0,1,Active
Active,IC50,0.01,122687068.0,0.01,8.0,1,Active
Active,IC50,0.01,138533720.0,0.01,8.0,1,Active
Active,IC50,0.01,148950991.0,0.01,8.0,1,Active
Unspecified,IC50,0.01,53015693.0,0.01,8.0,1,Active
Active,IC50,0.01,126563562.0,0.01,8.0,1,Active
Active,IC50,0.01,122694853.0,0.01,8.0,1,Active
Active,IC50,0.01,122686564.0,0.01,8.0,1,Active
Active,Ki,0.01,71616990.0,0.01,8.0,1,Active
Active,IC50,0.01,138403667.0,0.01,8.0,1,Active
Active,IC50,0.01,138403637.0,0.01,8.0,1,Active
Active,IC50,0.01,122694878.0,0.01,8.0,1,Active
Active,IC50,0.01,122694894.0,0.01,8.0,1,Active
Active,IC50,0.01,122470439.0,0.01,8.0,1,Active
Active,IC50,0.01,77108189.0,0.01,8.0,1,Active
Active,IC50,0.01,172452096.0,0.01,8.0,1,Active
Active,IC50,0.01,142740579.0,0.01,8.0,1,Active
Active,Ki,0.0101,86581836.0,0.0101,7.995678626217357,1,Active
Active,Ki,0.0101,71616415.0,0.0101,7.995678626217357,1,Active
Active,Ki,0.0101,86581682.0,0.0101,7.995678626217357,1,Active
Active,Ki,0.0102,136502890.0,0.0102,7.991399828238082,1,Active
Active,Ki,0.0102,71621545.0,0.0102,7.991399828238082,1,Active
Active,Ki,0.0102,89657638.0,0.0102,7.991399828238082,1,Active
Active,Ki,0.0102,89656208.0,0.0102,7.991399828238082,1,Active
Active,IC50,0.0102,118889482.0,0.0102,7.991399828238082,1,Active
Active,Ki,0.0102,132010406.0,0.0102,7.991399828238082,1,Active
Active,IC50,0.0103,123131631.0,0.0103,7.987162775294828,1,Active
Active,Ki,0.0103,89656399.0,0.0103,7.987162775294828,1,Active
Active,IC50,0.0103,162533431.0,0.0103,7.987162775294828,1,Active
Active,IC50,0.0103,146478902.0,0.0103,7.987162775294828,1,Active
Active,IC50,0.0103,142296525.0,0.0103,7.987162775294828,1,Active
Active,IC50,0.0104,86281212.0,0.0104,7.982966660701219,1,Active
Active,Ki,0.0104,129214093.0,0.0104,7.982966660701219,1,Active
Active,Ki,0.0104,132010130.0,0.0104,7.982966660701219,1,Active
Active,Ki,0.0104,89657434.0,0.0104,7.982966660701219,1,Active
Active,Ki,0.0105,145967245.0,0.0105,7.978810700930062,1,Active
Active,IC50,0.0105,172448305.0,0.0105,7.978810700930062,1,Active
Active,Ki,0.0105,89656218.0,0.0105,7.978810700930062,1,Active
Active,IC50,0.0105,142296533.0,0.0105,7.978810700930062,1,Active
Active,IC50,0.0105,130311574.0,0.0105,7.978810700930062,1,Active
Active,Ki,0.0105,132010462.0,0.0105,7.978810700930062,1,Active
Active,IC50,0.0106,146479244.0,0.0106,7.97469413473523,1,Active
Active,IC50,0.0106,142296595.0,0.0106,7.97469413473523,1,Active
Active,IC50,0.0107,86281214.0,0.0107,7.97061622231479,1,Active
Active,Ki,0.0107,155043823.0,0.0107,7.97061622231479,1,Active
Active,Ki,0.0108,71616539.0,0.0108,7.966576244513051,1,Active
Active,IC50,0.0108,117689607.0,0.0108,7.966576244513051,1,Active
Active,IC50,0.0108,166177888.0,0.0108,7.966576244513051,1,Active
Active,IC50,0.0108,177380899.0,0.0108,7.966576244513051,1,Active
Active,Ki,0.0108,118117152.0,0.0108,7.966576244513051,1,Active
Active,Ki,0.0109,132010991.0,0.0109,7.962573502059376,1,Active
Active,Ki,0.0109,162495395.0,0.0109,7.962573502059376,1,Active
Active,IC50,0.011,172439896.0,0.011,7.958607314841775,1,Active
Active,IC50,0.011,139558327.0,0.011,7.958607314841775,1,Active
Active,Ki,0.011,86287690.0,0.011,7.958607314841775,1,Active
Active,Ki,0.011,86287958.0,0.011,7.958607314841775,1,Active
Active,IC50,0.011,122553422.0,0.011,7.958607314841775,1,Active
Active,IC50,0.011,142406436.0,0.011,7.958607314841775,1,Active
Active,IC50,0.011,155235213.0,0.011,7.958607314841775,1,Active
Active,IC50,0.011,121427808.0,0.011,7.958607314841775,1,Active
Active,IC50,0.011,149051707.0,0.011,7.958607314841775,1,Active
Active,IC50,0.011,164607540.0,0.011,7.958607314841775,1,Active
Active,IC50,0.011,155765076.0,0.011,7.958607314841775,1,Active
Active,IC50,0.011,146525002.0,0.011,7.958607314841775,1,Active
Active,IC50,0.011,155765069.0,0.011,7.958607314841775,1,Active
Active,IC50,0.011,122553380.0,0.011,7.958607314841775,1,Active
Active,IC50,0.011,118095207.0,0.011,7.958607314841775,1,Active
Active,IC50,0.011,149580820.0,0.011,7.958607314841775,1,Active
Active,IC50,0.011,148274849.0,0.011,7.958607314841775,1,Active
Active,Ki,0.011,146011702.0,0.011,7.958607314841775,1,Active
Active,IC50,0.011,146524956.0,0.011,7.958607314841775,1,Active
Active,Ki,0.011,118137765.0,0.011,7.958607314841775,1,Active
Active,IC50,0.011,86567184.0,0.011,7.958607314841775,1,Active
Active,IC50,0.011,76072258.0,0.011,7.958607314841775,1,Active
Active,IC50,0.011,146525058.0,0.011,7.958607314841775,1,Active
Active,IC50,0.011,146525110.0,0.011,7.958607314841775,1,Active
Active,IC50,0.011,117720555.0,0.011,7.958607314841775,1,Active
Active,IC50,0.011,126564822.0,0.011,7.958607314841775,1,Active
Active,IC50,0.011,154716332.0,0.011,7.958607314841775,1,Active
Active,IC50,0.011,122553464.0,0.011,7.958607314841775,1,Active
Active,IC50,0.011,122553471.0,0.011,7.958607314841775,1,Active
Active,IC50,0.011,135276196.0,0.011,7.958607314841775,1,Active
Active,IC50,0.011,121282704.0,0.011,7.958607314841775,1,Active
Active,IC50,0.011,118095161.0,0.011,7.958607314841775,1,Active
Active,IC50,0.011,118095173.0,0.011,7.958607314841775,1,Active
Active,IC50,0.011,117723245.0,0.011,7.958607314841775,1,Active
Active,IC50,0.011,122553486.0,0.011,7.958607314841775,1,Active
Active,IC50,0.011,86292967.0,0.011,7.958607314841775,1,Active
Active,Ki,0.011,71812049.0,0.011,7.958607314841775,1,Active
Active,IC50,0.011,86292798.0,0.011,7.958607314841775,1,Active
Active,IC50,0.011,177377432.0,0.011,7.958607314841775,1,Active
Active,IC50,0.011,142746066.0,0.011,7.958607314841775,1,Active
Active,IC50,0.011,177380903.0,0.011,7.958607314841775,1,Active
Active,IC50,0.011,139558463.0,0.011,7.958607314841775,1,Active
Active,IC50,0.011,91826391.0,0.011,7.958607314841775,1,Active
Active,IC50,0.011,86290954.0,0.011,7.958607314841775,1,Active
Active,IC50,0.011,171345317.0,0.011,7.958607314841775,1,Active
Active,IC50,0.011,155457541.0,0.011,7.958607314841775,1,Active
Active,IC50,0.011,135276257.0,0.011,7.958607314841775,1,Active
Active,IC50,0.011,86292799.0,0.011,7.958607314841775,1,Active
Active,Ki,0.011,86582605.0,0.011,7.958607314841775,1,Active
Active,Ki,0.011,86582606.0,0.011,7.958607314841775,1,Active
Active,IC50,0.011,121268849.0,0.011,7.958607314841775,1,Active
Active,IC50,0.011,142746188.0,0.011,7.958607314841775,1,Active
Active,IC50,0.011,121276911.0,0.011,7.958607314841775,1,Active
Active,IC50,0.011,118095217.0,0.011,7.958607314841775,1,Active
Active,IC50,0.011,91826388.0,0.011,7.958607314841775,1,Active
Active,Ki,0.011,170556528.0,0.011,7.958607314841775,1,Active
Active,IC50,0.011,86293183.0,0.011,7.958607314841775,1,Active
Active,IC50,0.011,177379672.0,0.011,7.958607314841775,1,Active
Active,IC50,0.011,86281507.0,0.011,7.958607314841775,1,Active
Active,IC50,0.011,86567371.0,0.011,7.958607314841775,1,Active
Active,IC50,0.011,117723269.0,0.011,7.958607314841775,1,Active
Active,IC50,0.011,117723316.0,0.011,7.958607314841775,1,Active
Active,IC50,0.011,146342043.0,0.011,7.958607314841775,1,Active
Active,IC50,0.011,122553424.0,0.011,7.958607314841775,1,Active
Active,IC50,0.011,135276259.0,0.011,7.958607314841775,1,Active
Active,IC50,0.011,166167472.0,0.011,7.958607314841775,1,Active
Active,IC50,0.011,142745993.0,0.011,7.958607314841775,1,Active
Active,IC50,0.011,117723240.0,0.011,7.958607314841775,1,Active
Active,IC50,0.011,86566834.0,0.011,7.958607314841775,1,Active
Active,IC50,0.011,117723296.0,0.011,7.958607314841775,1,Active
Active,IC50,0.011,86567248.0,0.011,7.958607314841775,1,Active
Active,IC50,0.011,117723227.0,0.011,7.958607314841775,1,Active
Active,IC50,0.011,117723247.0,0.011,7.958607314841775,1,Active
Active,IC50,0.011,117723293.0,0.011,7.958607314841775,1,Active
Active,IC50,0.011,86567126.0,0.011,7.958607314841775,1,Active
Active,IC50,0.011,86290957.0,0.011,7.958607314841775,1,Active
Active,IC50,0.011,117723299.0,0.011,7.958607314841775,1,Active
Active,IC50,0.011,86287631.0,0.011,7.958607314841775,1,Active
Active,IC50,0.011,91826394.0,0.011,7.958607314841775,1,Active
Active,Ki,0.011,117636885.0,0.011,7.958607314841775,1,Active
Active,IC50,0.011,117723243.0,0.011,7.958607314841775,1,Active
Active,IC50,0.011,146342064.0,0.011,7.958607314841775,1,Active
Active,IC50,0.011,149304872.0,0.011,7.958607314841775,1,Active
Active,Ki,0.0111,89656240.0,0.0111,7.954677021213342,1,Active
Active,Ki,0.0111,155043609.0,0.0111,7.954677021213342,1,Active
Active,Ki,0.0111,117775831.0,0.0111,7.954677021213342,1,Active
Active,Ki,0.0112,89656488.0,0.0112,7.950781977329818,1,Active
Active,Ki,0.0112,155043078.0,0.0112,7.950781977329818,1,Active
Active,Ki,0.0113,89657595.0,0.0113,7.94692155651658,1,Active
Active,IC50,0.0113,155431591.0,0.0113,7.94692155651658,1,Active
Active,IC50,0.0113,155431380.0,0.0113,7.94692155651658,1,Active
Active,IC50,0.0113,123131630.0,0.0113,7.94692155651658,1,Active
Active,Ki,0.0113,132010804.0,0.0113,7.94692155651658,1,Active
Active,Ki,0.0114,89656277.0,0.0114,7.943095148663527,1,Active
Active,IC50,0.0115,117723282.0,0.0115,7.939302159646388,1,Active
Active,IC50,0.0115,177380902.0,0.0115,7.939302159646388,1,Active
Active,IC50,0.0115,122172655.0,0.0115,7.939302159646388,1,Active
Active,Ki,0.0115,71616181.0,0.0115,7.939302159646388,1,Active
Active,Ki,0.0115,89656348.0,0.0115,7.939302159646388,1,Active
Active,Ki,0.0116,155042845.0,0.0116,7.935542010773082,1,Active
Active,IC50,0.0116,139341725.0,0.0116,7.935542010773082,1,Active
Active,Ki,0.0116,89656245.0,0.0116,7.935542010773082,1,Active
Active,IC50,0.0117,139341522.0,0.0117,7.931814138253838,1,Active
Active,Ki,0.0117,118116606.0,0.0117,7.931814138253838,1,Active
Active,Ki,0.0118,71617223.0,0.0118,7.928117992693874,1,Active
Active,IC50,0.0119,177382063.0,0.0119,7.924453038607469,1,Active
Active,IC50,0.012,126564471.0,0.012,7.920818753952375,1,Active
Active,IC50,0.012,122553479.0,0.012,7.920818753952375,1,Active
Active,IC50,0.012,167439567.0,0.012,7.920818753952375,1,Active
Active,IC50,0.012,76070954.0,0.012,7.920818753952375,1,Active
Active,IC50,0.012,164626327.0,0.012,7.920818753952375,1,Active
Active,Ki,0.012,132010403.0,0.012,7.920818753952375,1,Active
Active,IC50,0.012,118095243.0,0.012,7.920818753952375,1,Active
Active,IC50,0.012,86292380.0,0.012,7.920818753952375,1,Active
Active,Ki,0.012,90386921.0,0.012,7.920818753952375,1,Active
Active,IC50,0.012,148898678.0,0.012,7.920818753952375,1,Active
Active,IC50,0.012,122553437.0,0.012,7.920818753952375,1,Active
Active,IC50,0.012,117891931.0,0.012,7.920818753952375,1,Active
Active,IC50,0.012,117889798.0,0.012,7.920818753952375,1,Active
Active,Ki,0.012,78320817.0,0.012,7.920818753952375,1,Active
Active,IC50,0.012,142746098.0,0.012,7.920818753952375,1,Active
Active,IC50,0.012,155765074.0,0.012,7.920818753952375,1,Active
Active,IC50,0.012,172453840.0,0.012,7.920818753952375,1,Active
Active,IC50,0.012,122553419.0,0.012,7.920818753952375,1,Active
Active,IC50,0.012,165413187.0,0.012,7.920818753952375,1,Active
Active,IC50,0.012,135276235.0,0.012,7.920818753952375,1,Active
Active,IC50,0.012,76070844.0,0.012,7.920818753952375,1,Active
Active,IC50,0.012,117892028.0,0.012,7.920818753952375,1,Active
Active,Ki,0.012,86581687.0,0.012,7.920818753952375,1,Active
Active,IC50,0.012,117891972.0,0.012,7.920818753952375,1,Active
Active,IC50,0.012,122588654.0,0.012,7.920818753952375,1,Active
Active,Ki,0.012,86582449.0,0.012,7.920818753952375,1,Active
Active,IC50,0.012,160239694.0,0.012,7.920818753952375,1,Active
Active,IC50,0.012,172005863.0,0.012,7.920818753952375,1,Active
Active,IC50,0.012,122553494.0,0.012,7.920818753952375,1,Active
Active,IC50,0.012,142745876.0,0.012,7.920818753952375,1,Active
Active,Kd,0.012,156022514.0,0.012,7.920818753952375,1,Active
Active,IC50,0.012,135276049.0,0.012,7.920818753952375,1,Active
Active,IC50,0.012,142746047.0,0.012,7.920818753952375,1,Active
Active,IC50,0.012,126563516.0,0.012,7.920818753952375,1,Active
Active,IC50,0.012,121325615.0,0.012,7.920818753952375,1,Active
Active,IC50,0.012,142406740.0,0.012,7.920818753952375,1,Active
Active,IC50,0.012,135276457.0,0.012,7.920818753952375,1,Active
Active,IC50,0.012,142745990.0,0.012,7.920818753952375,1,Active
Active,IC50,0.012,86566982.0,0.012,7.920818753952375,1,Active
Active,IC50,0.012,135276490.0,0.012,7.920818753952375,1,Active
Active,IC50,0.012,117723244.0,0.012,7.920818753952375,1,Active
Active,IC50,0.012,122588615.0,0.012,7.920818753952375,1,Active
Active,IC50,0.012,130311562.0,0.012,7.920818753952375,1,Active
Active,IC50,0.012,156471900.0,0.012,7.920818753952375,1,Active
Active,Ki,0.012,71812109.0,0.012,7.920818753952375,1,Active
Active,IC50,0.012,86567052.0,0.012,7.920818753952375,1,Active
Active,IC50,0.012,142406481.0,0.012,7.920818753952375,1,Active
Active,IC50,0.012,146342059.0,0.012,7.920818753952375,1,Active
Active,IC50,0.012,146525106.0,0.012,7.920818753952375,1,Active
Active,IC50,0.012,142745937.0,0.012,7.920818753952375,1,Active
Active,IC50,0.012,156775109.0,0.012,7.920818753952375,1,Active
Active,IC50,0.012,137633986.0,0.012,7.920818753952375,1,Active
Active,IC50,0.012,147554966.0,0.012,7.920818753952375,1,Active
Active,IC50,0.012,118095204.0,0.012,7.920818753952375,1,Active
Active,Ki,0.0121,132010171.0,0.0121,7.91721462968355,1,Active
Active,IC50,0.0121,49871817.0,0.0121,7.91721462968355,1,Active
Active,Ki,0.0121,155042805.0,0.0121,7.91721462968355,1,Active
Active,Ki,0.0122,71617107.0,0.0122,7.913640169325252,1,Active
Active,Ki,0.0122,89656076.0,0.0122,7.913640169325252,1,Active
Active,Ki,0.0122,77846025.0,0.0122,7.913640169325252,1,Active
Active,Ki,0.0123,71617333.0,0.0123,7.910094888560602,1,Active
Active,IC50,0.0123,146478891.0,0.0123,7.910094888560602,1,Active
Active,IC50,0.0123,117689582.0,0.0123,7.910094888560602,1,Active
Active,Ki,0.0123,155553610.0,0.0123,7.910094888560602,1,Active
Active,IC50,0.0123,172446786.0,0.0123,7.910094888560602,1,Active
Active,Ki,0.0124,90200393.0,0.0124,7.906578314837764,1,Active
Active,IC50,0.0124,155431399.0,0.0124,7.906578314837764,1,Active
Active,Ki,0.0124,136502906.0,0.0124,7.906578314837764,1,Active
Active,Ki,0.0124,89657422.0,0.0124,7.906578314837764,1,Active
Active,Ki,0.0125,132010755.0,0.0125,7.903089986991944,1,Active
Active,IC50,0.0125,155457678.0,0.0125,7.903089986991944,1,Active
Active,Ki,0.0125,155042882.0,0.0125,7.903089986991944,1,Active
Active,IC50,0.01259,164628323.0,0.01259,7.899974269892137,1,Active
Active,IC50,0.01259,153297978.0,0.01259,7.899974269892137,1,Active
Active,Ki,0.01259,122164589.0,0.01259,7.899974269892137,1,Active
Active,Ki,0.01259,155534450.0,0.01259,7.899974269892137,1,Active
Active,IC50,0.01259,66571469.0,0.01259,7.899974269892137,1,Active
Active,IC50,0.01259,171351048.0,0.01259,7.899974269892137,1,Active
Active,IC50,0.01259,172455152.0,0.01259,7.899974269892137,1,Active
Active,IC50,0.01259,172448905.0,0.01259,7.899974269892137,1,Active
Active,Ki,0.01259,155536037.0,0.01259,7.899974269892137,1,Active
Active,IC50,0.01259,146434135.0,0.01259,7.899974269892137,1,Active
Active,IC50,0.01259,168298269.0,0.01259,7.899974269892137,1,Active
Active,IC50,0.01259,146434185.0,0.01259,7.899974269892137,1,Active
Active,IC50,0.01259,131987237.0,0.01259,7.899974269892137,1,Active
Active,IC50,0.01259,164617397.0,0.01259,7.899974269892137,1,Active
Active,IC50,0.01259,164612507.0,0.01259,7.899974269892137,1,Active
Active,IC50,0.0126,155519805.0,0.0126,7.899629454882437,1,Active
Active,IC50,0.0127,155289199.0,0.0127,7.896196279044043,1,Active
Active,IC50,0.0127,155461111.0,0.0127,7.896196279044043,1,Active
Active,Ki,0.0127,155043484.0,0.0127,7.896196279044043,1,Active
Active,IC50,0.0128,59569002.0,0.0128,7.892790030352131,1,Active
Active,IC50,0.0128,170172839.0,0.0128,7.892790030352131,1,Active
Active,Ki,0.0128,71617693.0,0.0128,7.892790030352131,1,Active
Active,Ki,0.0129,155043881.0,0.0129,7.889410289700751,1,Active
Active,Ki,0.0129,89656185.0,0.0129,7.889410289700751,1,Active
Active,Ki,0.0129,155042817.0,0.0129,7.889410289700751,1,Active
Active,IC50,0.0129,172455078.0,0.0129,7.889410289700751,1,Active
Active,Ki,0.0129,162495317.0,0.0129,7.889410289700751,1,Active
Active,IC50,0.013,117723256.0,0.013,7.886056647693163,1,Active
Active,IC50,0.013,122553470.0,0.013,7.886056647693163,1,Active
Active,IC50,0.013,142745933.0,0.013,7.886056647693163,1,Active
Active,IC50,0.013,86567430.0,0.013,7.886056647693163,1,Active
Active,IC50,0.013,76072373.0,0.013,7.886056647693163,1,Active
Active,IC50,0.013,135276430.0,0.013,7.886056647693163,1,Active
Active,IC50,0.013,134149955.0,0.013,7.886056647693163,1,Active
Active,IC50,0.013,142746152.0,0.013,7.886056647693163,1,Active
Active,IC50,0.013,135276481.0,0.013,7.886056647693163,1,Active
Active,IC50,0.013,126564832.0,0.013,7.886056647693163,1,Active
Active,IC50,0.013,86567053.0,0.013,7.886056647693163,1,Active
Active,IC50,0.013,126564858.0,0.013,7.886056647693163,1,Active
Active,IC50,0.013,142746240.0,0.013,7.886056647693163,1,Active
Active,IC50,0.013,76072138.0,0.013,7.886056647693163,1,Active
Active,IC50,0.013,86292780.0,0.013,7.886056647693163,1,Active
Active,Ki,0.013,170556505.0,0.013,7.886056647693163,1,Active
Active,IC50,0.013,135276079.0,0.013,7.886056647693163,1,Active
Active,Ki,0.013,155514289.0,0.013,7.886056647693163,1,Active
Active,IC50,0.013,117723237.0,0.013,7.886056647693163,1,Active
Active,Ki,0.013,155042777.0,0.013,7.886056647693163,1,Active
Active,Ki,0.013,155555165.0,0.013,7.886056647693163,1,Active
Active,IC50,0.013,146342053.0,0.013,7.886056647693163,1,Active
Active,IC50,0.013,141488032.0,0.013,7.886056647693163,1,Active
Active,IC50,0.013,142406624.0,0.013,7.886056647693163,1,Active
Active,IC50,0.013,117723303.0,0.013,7.886056647693163,1,Active
Active,IC50,0.013,117723295.0,0.013,7.886056647693163,1,Active
Active,IC50,0.013,142406400.0,0.013,7.886056647693163,1,Active
Active,IC50,0.013,162659992.0,0.013,7.886056647693163,1,Active
Active,Ki,0.013,130345532.0,0.013,7.886056647693163,1,Active
Active,IC50,0.013,57344433.0,0.013,7.886056647693163,1,Active
Active,Ki,0.013,90027770.0,0.013,7.886056647693163,1,Active
Active,IC50,0.013,146525112.0,0.013,7.886056647693163,1,Active
Active,IC50,0.013,146478918.0,0.013,7.886056647693163,1,Active
Active,IC50,0.013,142406247.0,0.013,7.886056647693163,1,Active
Active,IC50,0.013,76070952.0,0.013,7.886056647693163,1,Active
Active,IC50,0.013,142406274.0,0.013,7.886056647693163,1,Active
Active,IC50,0.013,117723284.0,0.013,7.886056647693163,1,Active
Active,IC50,0.013,117723300.0,0.013,7.886056647693163,1,Active
Active,Ki,0.013,155043458.0,0.013,7.886056647693163,1,Active
Active,IC50,0.013,118095206.0,0.013,7.886056647693163,1,Active
Active,IC50,0.013,155461018.0,0.013,7.886056647693163,1,Active
Active,IC50,0.013,86292970.0,0.013,7.886056647693163,1,Active
Active,IC50,0.013,164625640.0,0.013,7.886056647693163,1,Active
Active,IC50,0.013,118095203.0,0.013,7.886056647693163,1,Active
Active,IC50,0.013,166166129.0,0.013,7.886056647693163,1,Active
Active,Ki,0.013,72550116.0,0.013,7.886056647693163,1,Active
Active,IC50,0.013,91826392.0,0.013,7.886056647693163,1,Active
Active,IC50,0.013,139558354.0,0.013,7.886056647693163,1,Active
Active,IC50,0.013,139558255.0,0.013,7.886056647693163,1,Active
Active,IC50,0.013,142746038.0,0.013,7.886056647693163,1,Active
Active,IC50,0.013,135276428.0,0.013,7.886056647693163,1,Active
Active,Ki,0.0131,118116639.0,0.0131,7.882728704344236,1,Active
Active,Ki,0.0131,89656487.0,0.0131,7.882728704344236,1,Active
Active,IC50,0.0132,124190914.0,0.0132,7.87942606879415,1,Active
Active,Ki,0.0133,117775772.0,0.0133,7.876148359032914,1,Active
Active,IC50,0.0134,172458176.0,0.0134,7.872895201635192,1,Active
Active,Ki,0.0134,155043513.0,0.0134,7.872895201635192,1,Active
Active,Kd,0.0135,172453002.0,0.0135,7.8696662315049934,1,Active
Active,Ki,0.0135,118116263.0,0.0135,7.8696662315049934,1,Active
Active,IC50,0.0136,162533430.0,0.0136,7.866461091629782,1,Active
Active,Ki,0.0136,155043412.0,0.0136,7.866461091629782,1,Active
Active,IC50,0.0136,142296589.0,0.0136,7.866461091629782,1,Active
Active,Ki,0.0136,89657387.0,0.0136,7.866461091629782,1,Active
Active,Ki,0.0136,89656342.0,0.0136,7.866461091629782,1,Active
Active,Ki,0.0137,117775639.0,0.0137,7.863279432843593,1,Active
Active,Ki,0.0137,155042839.0,0.0137,7.863279432843593,1,Active
Active,Ki,0.0138,155042774.0,0.0138,7.860120913598763,1,Active
Active,IC50,0.0138,169234311.0,0.0138,7.860120913598763,1,Active
Active,IC50,0.0139,146322252.0,0.0139,7.856985199745905,1,Active
Active,IC50,0.01392,168275641.0,0.01392,7.856360764725457,1,Active
Active,IC50,0.014,129046619.0,0.014,7.853871964321762,1,Active
Active,IC50,0.014,146525111.0,0.014,7.853871964321762,1,Active
Active,IC50,0.014,130252674.0,0.014,7.853871964321762,1,Active
Active,IC50,0.014,124081170.0,0.014,7.853871964321762,1,Active
Active,IC50,0.014,76071897.0,0.014,7.853871964321762,1,Active
Active,IC50,0.014,86292801.0,0.014,7.853871964321762,1,Active
Active,IC50,0.014,86293724.0,0.014,7.853871964321762,1,Active
Active,IC50,0.014,153396246.0,0.014,7.853871964321762,1,Active
Active,IC50,0.014,142745887.0,0.014,7.853871964321762,1,Active
Active,IC50,0.014,72203613.0,0.014,7.853871964321762,1,Active
Active,IC50,0.014,86296389.0,0.014,7.853871964321762,1,Active
Active,IC50,0.014,122446081.0,0.014,7.853871964321762,1,Active
Active,IC50,0.014,78428091.0,0.014,7.853871964321762,1,Active
Active,IC50,0.014,122553381.0,0.014,7.853871964321762,1,Active
Active,Ki,0.014,155042867.0,0.014,7.853871964321762,1,Active
Active,IC50,0.014,122553387.0,0.014,7.853871964321762,1,Active
Active,IC50,0.014,139558311.0,0.014,7.853871964321762,1,Active
Active,IC50,0.014,142406246.0,0.014,7.853871964321762,1,Active
Active,IC50,0.014,76070629.0,0.014,7.853871964321762,1,Active
Active,IC50,0.014,126563597.0,0.014,7.853871964321762,1,Active
Active,IC50,0.014,86567185.0,0.014,7.853871964321762,1,Active
Active,IC50,0.014,135276310.0,0.014,7.853871964321762,1,Active
Active,IC50,0.014,135276187.0,0.014,7.853871964321762,1,Active
Active,IC50,0.014,117723309.0,0.014,7.853871964321762,1,Active
Active,Ki,0.014,71812037.0,0.014,7.853871964321762,1,Active
Active,IC50,0.014,146342096.0,0.014,7.853871964321762,1,Active
Active,IC50,0.014,146341976.0,0.014,7.853871964321762,1,Active
Active,Ki,0.014,155043514.0,0.014,7.853871964321762,1,Active
Active,IC50,0.014,121427831.0,0.014,7.853871964321762,1,Active
Active,Ki,0.014,72548735.0,0.014,7.853871964321762,1,Active
Active,Ki,0.014,86581546.0,0.014,7.853871964321762,1,Active
Active,Ki,0.014,155042775.0,0.014,7.853871964321762,1,Active
Active,IC50,0.014,135276339.0,0.014,7.853871964321762,1,Active
Active,IC50,0.014,147807467.0,0.014,7.853871964321762,1,Active
Active,IC50,0.014,122553475.0,0.014,7.853871964321762,1,Active
Active,IC50,0.014,142746015.0,0.014,7.853871964321762,1,Active
Active,IC50,0.014,122553434.0,0.014,7.853871964321762,1,Active
Active,IC50,0.014,129166067.0,0.014,7.853871964321762,1,Active
Active,IC50,0.014,146342033.0,0.014,7.853871964321762,1,Active
Active,IC50,0.014,157789393.0,0.014,7.853871964321762,1,Active
Active,IC50,0.014,147539119.0,0.014,7.853871964321762,1,Active
Active,IC50,0.014,160706436.0,0.014,7.853871964321762,1,Active
Active,Ki,0.014,117775555.0,0.014,7.853871964321762,1,Active
Active,IC50,0.014,165437019.0,0.014,7.853871964321762,1,Active
Active,IC50,0.014,122553469.0,0.014,7.853871964321762,1,Active
Active,Ki,0.014,117772574.0,0.014,7.853871964321762,1,Active
Active,IC50,0.014,142745890.0,0.014,7.853871964321762,1,Active
Active,Ki,0.0141,89657472.0,0.0141,7.85078088734462,1,Active
Active,IC50,0.0142,141507298.0,0.0142,7.847711655616943,1,Active
Active,IC50,0.0143,165437021.0,0.0143,7.844663962534938,1,Active
Active,Ki,0.0143,89656459.0,0.0143,7.844663962534938,1,Active
Active,IC50,0.0143,86281080.0,0.0143,7.844663962534938,1,Active
Active,Ki,0.0143,117775600.0,0.0143,7.844663962534938,1,Active
Active,IC50,0.0144,139341538.0,0.0144,7.841637507904751,1,Active
Active,IC50,0.0144,155564565.0,0.0144,7.841637507904751,1,Active
Active,IC50,0.0144,146322295.0,0.0144,7.841637507904751,1,Active
Active,IC50,0.0144,146479084.0,0.0144,7.841637507904751,1,Active
Active,Ki,0.0145,155042838.0,0.0145,7.838631997765026,1,Active
Active,Ki,0.0145,71615939.0,0.0145,7.838631997765026,1,Active
Active,Ki,0.0145,155043408.0,0.0145,7.838631997765026,1,Active
Active,IC50,0.0145,146478917.0,0.0145,7.838631997765026,1,Active
Active,IC50,0.0145,146322249.0,0.0145,7.838631997765026,1,Active
Active,Ki,0.0148,155513141.0,0.0148,7.8297382846050425,1,Active
Active,Ki,0.0148,155535292.0,0.0148,7.8297382846050425,1,Active
Active,Ki,0.0148,89657607.0,0.0148,7.8297382846050425,1,Active
Active,Ki,0.0148,162495333.0,0.0148,7.8297382846050425,1,Active
Active,IC50,0.0149,156811877.0,0.0149,7.826813731587726,1,Active
Active,Ki,0.015,71760902.0,0.015,7.823908740944319,1,Active
Active,IC50,0.015,91826363.0,0.015,7.823908740944319,1,Active
Active,IC50,0.015,147807466.0,0.015,7.823908740944319,1,Active
Active,IC50,0.015,154675254.0,0.015,7.823908740944319,1,Active
Active,IC50,0.015,121414854.0,0.015,7.823908740944319,1,Active
Active,IC50,0.015,86293539.0,0.015,7.823908740944319,1,Active
Active,Ki,0.015,87054972.0,0.015,7.823908740944319,1,Active
Active,IC50,0.015,135276346.0,0.015,7.823908740944319,1,Active
Active,IC50,0.015,86293369.0,0.015,7.823908740944319,1,Active
Active,IC50,0.015,142746220.0,0.015,7.823908740944319,1,Active
Active,IC50,0.015,76071652.0,0.015,7.823908740944319,1,Active
Active,IC50,0.015,142746113.0,0.015,7.823908740944319,1,Active
Active,IC50,0.015,142745946.0,0.015,7.823908740944319,1,Active
Active,IC50,0.015,86567241.0,0.015,7.823908740944319,1,Active
Active,IC50,0.015,91826393.0,0.015,7.823908740944319,1,Active
Active,IC50,0.015,126564833.0,0.015,7.823908740944319,1,Active
Active,IC50,0.015,86567183.0,0.015,7.823908740944319,1,Active
Active,Kd,0.015,124201823.0,0.015,7.823908740944319,1,Active
Active,IC50,0.015,146342131.0,0.015,7.823908740944319,1,Active
Active,IC50,0.015,76070627.0,0.015,7.823908740944319,1,Active
Active,IC50,0.015,139341527.0,0.015,7.823908740944319,1,Active
Active,Ki,0.015,86582604.0,0.015,7.823908740944319,1,Active
Active,IC50,0.015,86293182.0,0.015,7.823908740944319,1,Active
Active,Ki,0.015,86581840.0,0.015,7.823908740944319,1,Active
Active,IC50,0.015,86567246.0,0.015,7.823908740944319,1,Active
Active,IC50,0.015,142746194.0,0.015,7.823908740944319,1,Active
Active,IC50,0.015,86567247.0,0.015,7.823908740944319,1,Active
Active,IC50,0.015,155926647.0,0.015,7.823908740944319,1,Active
Active,Ki,0.015,117772171.0,0.015,7.823908740944319,1,Active
Active,IC50,0.015,135276236.0,0.015,7.823908740944319,1,Active
Active,IC50,0.015,135276478.0,0.015,7.823908740944319,1,Active
Active,IC50,0.015,117723301.0,0.015,7.823908740944319,1,Active
Active,IC50,0.015,146525020.0,0.015,7.823908740944319,1,Active
Active,Ki,0.015,130345558.0,0.015,7.823908740944319,1,Active
Active,IC50,0.015,118095183.0,0.015,7.823908740944319,1,Active
Active,Ki,0.015,155522638.0,0.015,7.823908740944319,1,Active
Active,Ki,0.015,90387717.0,0.015,7.823908740944319,1,Active
Active,IC50,0.015,86567370.0,0.015,7.823908740944319,1,Active
Active,Kd,0.015,163196284.0,0.015,7.823908740944319,1,Active
Active,IC50,0.015,142745857.0,0.015,7.823908740944319,1,Active
Active,IC50,0.015,118021476.0,0.015,7.823908740944319,1,Active
Active,IC50,0.015,139341576.0,0.015,7.823908740944319,1,Active
Active,IC50,0.015,148236485.0,0.015,7.823908740944319,1,Active
Active,Ki,0.015,155043772.0,0.015,7.823908740944319,1,Active
Active,IC50,0.015,121424096.0,0.015,7.823908740944319,1,Active
Active,IC50,0.015,146314819.0,0.015,7.823908740944319,1,Active
Active,Ki,0.0151,155042836.0,0.0151,7.82102305270683,1,Active
Active,IC50,0.0151,162533429.0,0.0151,7.82102305270683,1,Active
Active,Ki,0.0151,117775636.0,0.0151,7.82102305270683,1,Active
Active,IC50,0.0151,172469793.0,0.0151,7.82102305270683,1,Active
Active,Ki,0.0152,155043883.0,0.0152,7.818156412055227,1,Active
Active,IC50,0.0152,162652686.0,0.0152,7.818156412055227,1,Active
Active,IC50,0.0153,162663327.0,0.0153,7.815308569182401,1,Active
Active,IC50,0.0153,146450779.0,0.0153,7.815308569182401,1,Active
Active,Ki,0.0154,155043636.0,0.0154,7.8124792791635365,1,Active
Active,IC50,0.0154,141507302.0,0.0154,7.8124792791635365,1,Active
Active,IC50,0.0154,155431186.0,0.0154,7.8124792791635365,1,Active
Active,IC50,0.0154,146322233.0,0.0154,7.8124792791635365,1,Active
Active,IC50,0.0155,53318989.0,0.0155,7.809668301829708,1,Active
Active,Ki,0.0155,89657348.0,0.0155,7.809668301829708,1,Active
Active,IC50,0.0155,118889582.0,0.0155,7.809668301829708,1,Active
Active,IC50,0.0155,13953710.0,0.0155,7.809668301829708,1,Active
Active,IC50,0.0155,177380910.0,0.0155,7.809668301829708,1,Active
Active,Ki,0.0155,155043411.0,0.0155,7.809668301829708,1,Active
Active,Ki,0.0155,89657618.0,0.0155,7.809668301829708,1,Active
Active,IC50,0.0155,139341520.0,0.0155,7.809668301829708,1,Active
Active,IC50,0.0157,169234306.0,0.0157,7.804100347590766,1,Active
Active,Ki,0.0158,86581833.0,0.0158,7.801342913045577,1,Active
Active,Ki,0.0158,118340710.0,0.0158,7.801342913045577,1,Active
Active,IC50,0.01585,126648444.0,0.01585,7.79997073344623,1,Active
Active,IC50,0.01585,172449833.0,0.01585,7.79997073344623,1,Active
Active,IC50,0.01585,142553683.0,0.01585,7.79997073344623,1,Active
Active,IC50,0.01585,155099688.0,0.01585,7.79997073344623,1,Active
Active,IC50,0.01585,155119564.0,0.01585,7.79997073344623,1,Active
Active,IC50,0.01585,162666764.0,0.01585,7.79997073344623,1,Active
Active,IC50,0.01585,146434260.0,0.01585,7.79997073344623,1,Active
Active,IC50,0.01585,156020114.0,0.01585,7.79997073344623,1,Active
Active,IC50,0.01585,164609333.0,0.01585,7.79997073344623,1,Active
Active,IC50,0.01585,172465390.0,0.01585,7.79997073344623,1,Active
Active,IC50,0.01585,168298293.0,0.01585,7.79997073344623,1,Active
Active,IC50,0.01585,132185545.0,0.01585,7.79997073344623,1,Active
Active,Ki,0.01585,155511887.0,0.01585,7.79997073344623,1,Active
Active,IC50,0.0159,142296607.0,0.0159,7.798602875679548,1,Active
Active,Ki,0.0159,86581835.0,0.0159,7.798602875679548,1,Active
Active,Ki,0.0159,155547195.0,0.0159,7.798602875679548,1,Active
Active,IC50,0.0159,86282555.0,0.0159,7.798602875679548,1,Active
Active,Ki,0.016,90019266.0,0.016,7.795880017344075,1,Active
Active,Ki,0.016,136387543.0,0.016,7.795880017344075,1,Active
Active,IC50,0.016,142745843.0,0.016,7.795880017344075,1,Active
Active,IC50,0.016,86567363.0,0.016,7.795880017344075,1,Active
Active,IC50,0.016,86567780.0,0.016,7.795880017344075,1,Active
Active,IC50,0.016,86567712.0,0.016,7.795880017344075,1,Active
Active,IC50,0.016,118095232.0,0.016,7.795880017344075,1,Active
Active,IC50,0.016,162533432.0,0.016,7.795880017344075,1,Active
Active,IC50,0.016,135276041.0,0.016,7.795880017344075,1,Active
Active,IC50,0.016,142746074.0,0.016,7.795880017344075,1,Active
Active,IC50,0.016,135276070.0,0.016,7.795880017344075,1,Active
Active,IC50,0.016,172470052.0,0.016,7.795880017344075,1,Active
Active,Ki,0.016,117772331.0,0.016,7.795880017344075,1,Active
Active,IC50,0.016,117723317.0,0.016,7.795880017344075,1,Active
Active,IC50,0.016,135276491.0,0.016,7.795880017344075,1,Active
Active,IC50,0.016,135276238.0,0.016,7.795880017344075,1,Active
Active,IC50,0.016,135276366.0,0.016,7.795880017344075,1,Active
Active,IC50,0.016,142745910.0,0.016,7.795880017344075,1,Active
Active,IC50,0.016,130252504.0,0.016,7.795880017344075,1,Active
Active,IC50,0.016,122553398.0,0.016,7.795880017344075,1,Active
Active,IC50,0.016,142745879.0,0.016,7.795880017344075,1,Active
Active,Ki,0.016,86270929.0,0.016,7.795880017344075,1,Active
Active,IC50,0.016,135276185.0,0.016,7.795880017344075,1,Active
Active,IC50,0.016,142745992.0,0.016,7.795880017344075,1,Active
Active,IC50,0.016,91826370.0,0.016,7.795880017344075,1,Active
Active,IC50,0.016,135276237.0,0.016,7.795880017344075,1,Active
Active,IC50,0.016,126686911.0,0.016,7.795880017344075,1,Active
Active,IC50,0.016,142746189.0,0.016,7.795880017344075,1,Active
Active,IC50,0.016,162675505.0,0.016,7.795880017344075,1,Active
Active,IC50,0.016,118095270.0,0.016,7.795880017344075,1,Active
Active,IC50,0.016,118095187.0,0.016,7.795880017344075,1,Active
Active,Ki,0.016,71616185.0,0.016,7.795880017344075,1,Active
Active,IC50,0.016,135276039.0,0.016,7.795880017344075,1,Active
Active,IC50,0.016,122580640.0,0.016,7.795880017344075,1,Active
Active,IC50,0.016,149038267.0,0.016,7.795880017344075,1,Active
Active,IC50,0.016,142746025.0,0.016,7.795880017344075,1,Active
Active,IC50,0.016,153105981.0,0.016,7.795880017344075,1,Active
Active,Ki,0.016,78323348.0,0.016,7.795880017344075,1,Active
Active,IC50,0.016,122553438.0,0.016,7.795880017344075,1,Active
Active,IC50,0.016,86567367.0,0.016,7.795880017344075,1,Active
Active,IC50,0.016,117891986.0,0.016,7.795880017344075,1,Active
Active,IC50,0.016,117892020.0,0.016,7.795880017344075,1,Active
Active,Ki,0.0161,90387575.0,0.0161,7.79317412396815,1,Active
Active,Ki,0.0161,155043402.0,0.0161,7.79317412396815,1,Active
Active,IC50,0.0162,177380901.0,0.0162,7.790484985457369,1,Active
Active,IC50,0.0162,139341570.0,0.0162,7.790484985457369,1,Active
Active,Ki,0.0164,155043612.0,0.0164,7.785156151952302,1,Active
Active,Ki,0.0165,89656321.0,0.0165,7.782516055786093,1,Active
Active,Ki,0.0165,155042837.0,0.0165,7.782516055786093,1,Active
Active,Ki,0.0165,155042755.0,0.0165,7.782516055786093,1,Active
Active,Ki,0.0166,155043633.0,0.0166,7.779891911959945,1,Active
Active,IC50,0.0166,155530144.0,0.0166,7.779891911959945,1,Active
Active,Ki,0.0167,155043503.0,0.0167,7.777283528852417,1,Active
Active,Ki,0.0167,118340596.0,0.0167,7.777283528852417,1,Active
Active,Ki,0.0167,59190723.0,0.0167,7.777283528852417,1,Active
Active,Ki,0.0169,117776073.0,0.0169,7.772113295386326,1,Active
Active,Ki,0.0169,71617690.0,0.0169,7.772113295386326,1,Active
Active,Ki,0.0169,89657617.0,0.0169,7.772113295386326,1,Active
Active,Ki,0.0169,89656369.0,0.0169,7.772113295386326,1,Active
Active,IC50,0.017,135276097.0,0.017,7.769551078621726,1,Active
Active,IC50,0.017,156471790.0,0.017,7.769551078621726,1,Active
Active,IC50,0.017,137650214.0,0.017,7.769551078621726,1,Active
Active,IC50,0.017,146341898.0,0.017,7.769551078621726,1,Active
Active,Ki,0.017,87054971.0,0.017,7.769551078621726,1,Active
Active,IC50,0.017,142745944.0,0.017,7.769551078621726,1,Active
Active,IC50,0.017,146314795.0,0.017,7.769551078621726,1,Active
Active,IC50,0.017,76070630.0,0.017,7.769551078621726,1,Active
Active,IC50,0.017,86292969.0,0.017,7.769551078621726,1,Active
Active,IC50,0.017,86567122.0,0.017,7.769551078621726,1,Active
Active,IC50,0.017,122553453.0,0.017,7.769551078621726,1,Active
Active,IC50,0.017,117892029.0,0.017,7.769551078621726,1,Active
Active,IC50,0.017,145951928.0,0.017,7.769551078621726,1,Active
Active,Ki,0.017,90387648.0,0.017,7.769551078621726,1,Active
Active,IC50,0.017,122553429.0,0.017,7.769551078621726,1,Active
Active,Kd,0.017,122551830.0,0.017,7.769551078621726,1,Active
Active,Ki,0.017,86581544.0,0.017,7.769551078621726,1,Active
Active,IC50,0.017,145927344.0,0.017,7.769551078621726,1,Active
Active,IC50,0.017,146525010.0,0.017,7.769551078621726,1,Active
Active,Ki,0.017,86287688.0,0.017,7.769551078621726,1,Active
Active,Ki,0.017,145965388.0,0.017,7.769551078621726,1,Active
Active,IC50,0.017,122553401.0,0.017,7.769551078621726,1,Active
Active,Ki,0.017,72548032.0,0.017,7.769551078621726,1,Active
Active,IC50,0.017,148005907.0,0.017,7.769551078621726,1,Active
Active,IC50,0.017,142745972.0,0.017,7.769551078621726,1,Active
Active,IC50,0.017,126673036.0,0.017,7.769551078621726,1,Active
Active,IC50,0.017,118067810.0,0.017,7.769551078621726,1,Active
Active,IC50,0.017,86566980.0,0.017,7.769551078621726,1,Active
Active,IC50,0.017,146524951.0,0.017,7.769551078621726,1,Active
Active,IC50,0.017,135276286.0,0.017,7.769551078621726,1,Active
Active,IC50,0.017,142745950.0,0.017,7.769551078621726,1,Active
Active,IC50,0.017,86294693.0,0.017,7.769551078621726,1,Active
Active,IC50,0.017,146342099.0,0.017,7.769551078621726,1,Active
Active,IC50,0.017,122553452.0,0.017,7.769551078621726,1,Active
Active,IC50,0.017,155457504.0,0.017,7.769551078621726,1,Active
Active,IC50,0.017,146342055.0,0.017,7.769551078621726,1,Active
Active,IC50,0.017,142746241.0,0.017,7.769551078621726,1,Active
Active,IC50,0.017,137648298.0,0.017,7.769551078621726,1,Active
Active,IC50,0.017,90161076.0,0.017,7.769551078621726,1,Active
Active,IC50,0.017,146314865.0,0.017,7.769551078621726,1,Active
Active,IC50,0.017,146342032.0,0.017,7.769551078621726,1,Active
Active,IC50,0.017,86293370.0,0.017,7.769551078621726,1,Active
Active,IC50,0.017,86292781.0,0.017,7.769551078621726,1,Active
Active,IC50,0.017,139558457.0,0.017,7.769551078621726,1,Active
Active,Ki,0.017,90417643.0,0.017,7.769551078621726,1,Active
Active,IC50,0.017,126563611.0,0.017,7.769551078621726,1,Active
Active,Ki,0.017,90387433.0,0.017,7.769551078621726,1,Active
Active,Ki,0.017,90388421.0,0.017,7.769551078621726,1,Active
Active,IC50,0.017,126521354.0,0.017,7.769551078621726,1,Active
Active,IC50,0.017,118095247.0,0.017,7.769551078621726,1,Active
Active,IC50,0.017,57344612.0,0.017,7.769551078621726,1,Active
Active,Ki,0.0171,155043853.0,0.0171,7.767003889607846,1,Active
Active,Ki,0.0171,155042818.0,0.0171,7.767003889607846,1,Active
Active,Ki,0.0171,71616538.0,0.0171,7.767003889607846,1,Active
Active,Ki,0.0171,155043566.0,0.0171,7.767003889607846,1,Active
Active,IC50,0.0172,142296540.0,0.0172,7.764471553092451,1,Active
Active,Ki,0.0173,89655915.0,0.0173,7.761953896871205,1,Active
Active,IC50,0.0173,19704933.0,0.0173,7.761953896871205,1,Active
Active,Ki,0.0173,118116633.0,0.0173,7.761953896871205,1,Active
Active,IC50,0.0174,123131626.0,0.0174,7.7594507517174005,1,Active
Active,IC50,0.0174,142296573.0,0.0174,7.7594507517174005,1,Active
Active,Ki,0.0174,155543134.0,0.0174,7.7594507517174005,1,Active
Active,IC50,0.0174,155518530.0,0.0174,7.7594507517174005,1,Active
Active,Ki,0.0175,87055137.0,0.0175,7.756961951313706,1,Active
Active,Ki,0.0175,132010131.0,0.0175,7.756961951313706,1,Active
Active,Ki,0.0175,87055311.0,0.0175,7.756961951313706,1,Active
Active,IC50,0.0175,86567050.0,0.0175,7.756961951313706,1,Active
Active,Ki,0.0176,118116641.0,0.0176,7.75448733218585,1,Active
Active,Ki,0.0176,155043517.0,0.0176,7.75448733218585,1,Active
Active,IC50,0.0178,177380898.0,0.0178,7.7495799976911055,1,Active
Active,Ki,0.0178,89657626.0,0.0178,7.7495799976911055,1,Active
Active,IC50,0.0179,122186568.0,0.0179,7.747146969020107,1,Active
Active,IC50,0.0179,177382067.0,0.0179,7.747146969020107,1,Active
Active,Ki,0.0179,155042844.0,0.0179,7.747146969020107,1,Active
Active,IC50,0.018,142745867.0,0.018,7.7447274948966935,1,Active
Active,IC50,0.018,117889481.0,0.018,7.7447274948966935,1,Active
Active,Ki,0.018,155515650.0,0.018,7.7447274948966935,1,Active
Active,IC50,0.018,76070733.0,0.018,7.7447274948966935,1,Active
Active,IC50,0.018,117891957.0,0.018,7.7447274948966935,1,Active
Active,IC50,0.018,86567182.0,0.018,7.7447274948966935,1,Active
Active,IC50,0.018,76071649.0,0.018,7.7447274948966935,1,Active
Active,IC50,0.018,142406543.0,0.018,7.7447274948966935,1,Active
Active,IC50,0.018,155457501.0,0.018,7.7447274948966935,1,Active
Active,IC50,0.018,86293181.0,0.018,7.7447274948966935,1,Active
Active,IC50,0.018,126521180.0,0.018,7.7447274948966935,1,Active
Active,IC50,0.018,118067804.0,0.018,7.7447274948966935,1,Active
Active,IC50,0.018,118021799.0,0.018,7.7447274948966935,1,Active
Active,IC50,0.018,156811878.0,0.018,7.7447274948966935,1,Active
Active,IC50,0.018,122553388.0,0.018,7.7447274948966935,1,Active
Active,IC50,0.018,129046595.0,0.018,7.7447274948966935,1,Active
Active,IC50,0.018,146314771.0,0.018,7.7447274948966935,1,Active
Active,IC50,0.018,118095238.0,0.018,7.7447274948966935,1,Active
Active,IC50,0.018,76071898.0,0.018,7.7447274948966935,1,Active
Active,Kd,0.018,166634556.0,0.018,7.7447274948966935,1,Active
Active,IC50,0.018,172463196.0,0.018,7.7447274948966935,1,Active
Active,Ki,0.018,89656368.0,0.018,7.7447274948966935,1,Active
Active,Ki,0.018,71617338.0,0.018,7.7447274948966935,1,Active
Active,IC50,0.018,142745923.0,0.018,7.7447274948966935,1,Active
Active,IC50,0.018,135276477.0,0.018,7.7447274948966935,1,Active
Active,IC50,0.018,142746101.0,0.018,7.7447274948966935,1,Active
Active,IC50,0.018,142746209.0,0.018,7.7447274948966935,1,Active
Active,IC50,0.018,142746068.0,0.018,7.7447274948966935,1,Active
Active,IC50,0.018,135276026.0,0.018,7.7447274948966935,1,Active
Active,Kd,0.018,129182189.0,0.018,7.7447274948966935,1,Active
Active,IC50,0.018,135276281.0,0.018,7.7447274948966935,1,Active
Active,IC50,0.018,155457452.0,0.018,7.7447274948966935,1,Active
Active,IC50,0.018,142746217.0,0.018,7.7447274948966935,1,Active
Active,IC50,0.018,177377433.0,0.018,7.7447274948966935,1,Active
Active,IC50,0.018,86567307.0,0.018,7.7447274948966935,1,Active
Active,IC50,0.018,135276315.0,0.018,7.7447274948966935,1,Active
Active,IC50,0.018,86292800.0,0.018,7.7447274948966935,1,Active
Active,Kd,0.018,163196283.0,0.018,7.7447274948966935,1,Active
Active,IC50,0.018,135276069.0,0.018,7.7447274948966935,1,Active
Active,IC50,0.018,135276188.0,0.018,7.7447274948966935,1,Active
Active,IC50,0.018,156422181.0,0.018,7.7447274948966935,1,Active
Active,IC50,0.0181,123131628.0,0.0181,7.7423214251308154,1,Active
Active,Ki,0.0181,89656492.0,0.0181,7.7423214251308154,1,Active
Active,IC50,0.0181,86280791.0,0.0181,7.7423214251308154,1,Active
Active,Ki,0.0183,90199467.0,0.0183,7.73754891026957,1,Active
Active,IC50,0.0185,146322258.0,0.0185,7.732828271596986,1,Active
Active,IC50,0.0185,86567051.0,0.0185,7.732828271596986,1,Active
Active,Ki,0.0185,90395610.0,0.0185,7.732828271596986,1,Active
Active,Ki,0.0186,155043409.0,0.0186,7.730487055782084,1,Active
Active,IC50,0.0186,164611711.0,0.0186,7.730487055782084,1,Active
Active,IC50,0.0187,155431230.0,0.0187,7.7281583934635005,1,Active
Active,IC50,0.0188,146478923.0,0.0188,7.72584215073632,1,Active
Active,Ki,0.0189,90200532.0,0.0189,7.723538195826756,1,Active
Active,IC50,0.0189,86282419.0,0.0189,7.723538195826756,1,Active
Active,IC50,0.019,117723238.0,0.019,7.721246399047171,1,Active
Active,Kd,0.019,46943432.0,0.019,7.721246399047171,1,Active
Active,IC50,0.019,135276357.0,0.019,7.721246399047171,1,Active
Active,IC50,0.019,162653363.0,0.019,7.721246399047171,1,Active
Active,IC50,0.019,139558267.0,0.019,7.721246399047171,1,Active
Active,IC50,0.019,86280824.0,0.019,7.721246399047171,1,Active
Active,IC50,0.019,142746170.0,0.019,7.721246399047171,1,Active
Active,IC50,0.019,117891927.0,0.019,7.721246399047171,1,Active
Active,IC50,0.019,142406303.0,0.019,7.721246399047171,1,Active
Active,Ki,0.019,117775466.0,0.019,7.721246399047171,1,Active
Active,IC50,0.019,117891966.0,0.019,7.721246399047171,1,Active
Active,IC50,0.019,172468208.0,0.019,7.721246399047171,1,Active
Active,IC50,0.019,146341982.0,0.019,7.721246399047171,1,Active
Active,IC50,0.019,142406453.0,0.019,7.721246399047171,1,Active
Active,IC50,0.019,162664319.0,0.019,7.721246399047171,1,Active
Active,IC50,0.019,86293350.0,0.019,7.721246399047171,1,Active
Active,IC50,0.019,117673814.0,0.019,7.721246399047171,1,Active
Active,Ki,0.019,117775665.0,0.019,7.721246399047171,1,Active
Active,IC50,0.019,135276063.0,0.019,7.721246399047171,1,Active
Active,IC50,0.019,135276455.0,0.019,7.721246399047171,1,Active
Active,IC50,0.019,117720822.0,0.019,7.721246399047171,1,Active
Active,IC50,0.019,148825964.0,0.019,7.721246399047171,1,Active
Active,IC50,0.019,142746164.0,0.019,7.721246399047171,1,Active
Active,IC50,0.019,117723259.0,0.019,7.721246399047171,1,Active
Active,IC50,0.019,117723307.0,0.019,7.721246399047171,1,Active
Active,IC50,0.019,117723294.0,0.019,7.721246399047171,1,Active
Active,Ki,0.0191,89656320.0,0.0191,7.718966632752273,1,Active
Active,IC50,0.0191,162677447.0,0.0191,7.718966632752273,1,Active
Active,Ki,0.0192,89656122.0,0.0192,7.71669877129645,1,Active
Active,IC50,0.0193,101883242.0,0.0193,7.714442690992226,1,Active
Active,IC50,0.0193,156811857.0,0.0193,7.714442690992226,1,Active
Active,Ki,0.0193,89656118.0,0.0193,7.714442690992226,1,Active
Active,Ki,0.0194,155042952.0,0.0194,7.7121982700697735,1,Active
Active,IC50,0.0194,146478909.0,0.0194,7.7121982700697735,1,Active
Active,Ki,0.0195,132010278.0,0.0195,7.709965388637482,1,Active
Active,IC50,0.0195,86566777.0,0.0195,7.709965388637482,1,Active
Active,Ki,0.0197,90395609.0,0.0197,7.7055337738384075,1,Active
Active,IC50,0.0198,155457485.0,0.0198,7.703334809738469,1,Active
Active,Ki,0.0198,155042751.0,0.0198,7.703334809738469,1,Active
Active,Ki,0.0198,155043535.0,0.0198,7.703334809738469,1,Active
Active,Ki,0.0198,89657437.0,0.0198,7.703334809738469,1,Active
Active,IC50,0.01995,172442225.0,0.01995,7.700057099977233,1,Active
Active,IC50,0.01995,164625021.0,0.01995,7.700057099977233,1,Active
Active,IC50,0.01995,135318354.0,0.01995,7.700057099977233,1,Active
Active,IC50,0.01995,162655351.0,0.01995,7.700057099977233,1,Active
Active,IC50,0.01995,146434124.0,0.01995,7.700057099977233,1,Active
Active,IC50,0.01995,155119689.0,0.01995,7.700057099977233,1,Active
Active,IC50,0.01995,164609742.0,0.01995,7.700057099977233,1,Active
Active,IC50,0.01995,164611963.0,0.01995,7.700057099977233,1,Active
Active,IC50,0.01995,138678287.0,0.01995,7.700057099977233,1,Active
Active,IC50,0.01995,126739685.0,0.01995,7.700057099977233,1,Active
Active,IC50,0.01995,168298451.0,0.01995,7.700057099977233,1,Active
Active,IC50,0.01995,168298586.0,0.01995,7.700057099977233,1,Active
Active,IC50,0.01995,164621457.0,0.01995,7.700057099977233,1,Active
Active,IC50,0.01995,164622651.0,0.01995,7.700057099977233,1,Active
Active,IC50,0.01995,155119688.0,0.01995,7.700057099977233,1,Active
Active,IC50,0.01995,131997356.0,0.01995,7.700057099977233,1,Active
Active,IC50,0.01995,132185572.0,0.01995,7.700057099977233,1,Active
Active,IC50,0.01995,138618746.0,0.01995,7.700057099977233,1,Active
Active,IC50,0.01995,168293970.0,0.01995,7.700057099977233,1,Active
Active,IC50,0.01995,132186113.0,0.01995,7.700057099977233,1,Active
Active,IC50,0.02,155545073.0,0.02,7.698970004336019,1,Active
Active,IC50,0.02,142746046.0,0.02,7.698970004336019,1,Active
Active,Kd,0.02,92044400.0,0.02,7.698970004336019,1,Active
Active,IC50,0.02,142746079.0,0.02,7.698970004336019,1,Active
Active,IC50,0.02,91799313.0,0.02,7.698970004336019,1,Active
Active,IC50,0.02,162656301.0,0.02,7.698970004336019,1,Active
Active,IC50,0.02,76072257.0,0.02,7.698970004336019,1,Active
Active,IC50,0.02,135276066.0,0.02,7.698970004336019,1,Active
Active,IC50,0.02,77108173.0,0.02,7.698970004336019,1,Active
Active,IC50,0.02,155550160.0,0.02,7.698970004336019,1,Active
Active,IC50,0.02,135276212.0,0.02,7.698970004336019,1,Active
Active,IC50,0.02,76072374.0,0.02,7.698970004336019,1,Active
Active,IC50,0.02,142745998.0,0.02,7.698970004336019,1,Active
Active,IC50,0.02,86291792.0,0.02,7.698970004336019,1,Active
Active,IC50,0.02,87056019.0,0.02,7.698970004336019,1,Active
Active,Ki,0.02,86581542.0,0.02,7.698970004336019,1,Active
Active,Ki,0.02,155513649.0,0.02,7.698970004336019,1,Active
Active,IC50,0.02,142746211.0,0.02,7.698970004336019,1,Active
Active,IC50,0.02,135567084.0,0.02,7.698970004336019,1,Active
Active,IC50,0.02,162656186.0,0.02,7.698970004336019,1,Active
Active,IC50,0.02,73775438.0,0.02,7.698970004336019,1,Active
Active,IC50,0.02,155017201.0,0.02,7.698970004336019,1,Active
Active,IC50,0.02,78323818.0,0.02,7.698970004336019,1,Active
Active,IC50,0.02,135276118.0,0.02,7.698970004336019,1,Active
Active,IC50,0.02,142746032.0,0.02,7.698970004336019,1,Active
Active,IC50,0.02,86567239.0,0.02,7.698970004336019,1,Active
Active,IC50,0.02,73425805.0,0.02,7.698970004336019,1,Active
Active,IC50,0.02,177377441.0,0.02,7.698970004336019,1,Active
Active,IC50,0.02,86567362.0,0.02,7.698970004336019,1,Active
Active,IC50,0.0201,162533433.0,0.0201,7.696803942579511,1,Active
Active,IC50,0.0202,142296582.0,0.0202,7.694648630553377,1,Active
Active,Ki,0.0203,117772557.0,0.0203,7.692503962086787,1,Active
Active,Ki,0.0203,89656210.0,0.0203,7.692503962086787,1,Active
Active,IC50,0.0204,142296515.0,0.0204,7.690369832574101,1,Active
Active,IC50,0.0205,117723312.0,0.0205,7.688246138944246,1,Active
Active,Ki,0.0205,141718926.0,0.0205,7.688246138944246,1,Active
Active,Ki,0.0207,136502905.0,0.0207,7.684029654543082,1,Active
Active,Ki,0.0207,162495358.0,0.0207,7.684029654543082,1,Active
Active,IC50,0.0209,155517447.0,0.0209,7.679853713888946,1,Active
Active,IC50,0.0209,142296546.0,0.0209,7.679853713888946,1,Active
Active,Ki,0.0209,155043840.0,0.0209,7.679853713888946,1,Active
Active,Ki,0.0209,136236458.0,0.0209,7.679853713888946,1,Active
Active,IC50,0.0209,139341731.0,0.0209,7.679853713888946,1,Active
Active,IC50,0.021,91826390.0,0.021,7.6777807052660805,1,Active
Active,Ki,0.021,117776043.0,0.021,7.6777807052660805,1,Active
Active,IC50,0.021,86567570.0,0.021,7.6777807052660805,1,Active
Active,IC50,0.021,142745995.0,0.021,7.6777807052660805,1,Active
Active,Kd,0.021,166628983.0,0.021,7.6777807052660805,1,Active
Active,IC50,0.021,162646951.0,0.021,7.6777807052660805,1,Active
Active,IC50,0.021,122446098.0,0.021,7.6777807052660805,1,Active
Active,IC50,0.021,142746071.0,0.021,7.6777807052660805,1,Active
Active,Ki,0.021,90388379.0,0.021,7.6777807052660805,1,Active
Active,IC50,0.021,86293560.0,0.021,7.6777807052660805,1,Active
Active,IC50,0.021,146524964.0,0.021,7.6777807052660805,1,Active
Active,IC50,0.021,146342122.0,0.021,7.6777807052660805,1,Active
Active,IC50,0.021,162675218.0,0.021,7.6777807052660805,1,Active
Active,IC50,0.021,139570831.0,0.021,7.6777807052660805,1,Active
Active,IC50,0.021,122553393.0,0.021,7.6777807052660805,1,Active
Active,IC50,0.021,122553435.0,0.021,7.6777807052660805,1,Active
Active,IC50,0.021,142746201.0,0.021,7.6777807052660805,1,Active
Active,IC50,0.021,130311609.0,0.021,7.6777807052660805,1,Active
Active,IC50,0.021,155567638.0,0.021,7.6777807052660805,1,Active
Active,IC50,0.021,142406430.0,0.021,7.6777807052660805,1,Active
Active,IC50,0.021,19704974.0,0.021,7.6777807052660805,1,Active
Active,IC50,0.021,135276482.0,0.021,7.6777807052660805,1,Active
Active,IC50,0.021,142746186.0,0.021,7.6777807052660805,1,Active
Active,IC50,0.021,177377442.0,0.021,7.6777807052660805,1,Active
Active,IC50,0.021,118095246.0,0.021,7.6777807052660805,1,Active
Active,Ki,0.021,170556543.0,0.021,7.6777807052660805,1,Active
Active,IC50,0.021,152894105.0,0.021,7.6777807052660805,1,Active
Active,IC50,0.021,167844898.0,0.021,7.6777807052660805,1,Active
Active,IC50,0.0211,146450780.0,0.0211,7.675717544702307,1,Active
Active,Ki,0.0213,155560764.0,0.0213,7.671620396561263,1,Active
Active,Ki,0.0214,155043088.0,0.0214,7.669586226650809,1,Active
Active,IC50,0.0214,139341545.0,0.0214,7.669586226650809,1,Active
Active,Ki,0.0215,118340530.0,0.0215,7.667561540084394,1,Active
Active,IC50,0.0215,121289043.0,0.0215,7.667561540084394,1,Active
Active,Ki,0.0216,155043567.0,0.0216,7.665546248849069,1,Active
Active,Ki,0.0217,89656429.0,0.0217,7.66354026615147,1,Active
Active,IC50,0.0217,156583301.0,0.0217,7.66354026615147,1,Active
Active,Ki,0.0218,89656437.0,0.0218,7.661543506395395,1,Active
Active,Ki,0.0219,118116422.0,0.0219,7.6595558851598815,1,Active
Active,Ki,0.0219,155042991.0,0.0219,7.6595558851598815,1,Active
Active,IC50,0.022,131698640.0,0.022,7.657577319177793,1,Active
Active,IC50,0.022,118095176.0,0.022,7.657577319177793,1,Active
Active,IC50,0.022,135276218.0,0.022,7.657577319177793,1,Active
Active,IC50,0.022,121276915.0,0.022,7.657577319177793,1,Active
Active,IC50,0.022,135276275.0,0.022,7.657577319177793,1,Active
Active,Ki,0.022,90017358.0,0.022,7.657577319177793,1,Active
Active,IC50,0.022,146525042.0,0.022,7.657577319177793,1,Active
Active,IC50,0.022,146342150.0,0.022,7.657577319177793,1,Active
Active,IC50,0.022,155516968.0,0.022,7.657577319177793,1,Active
Active,Ki,0.022,86581397.0,0.022,7.657577319177793,1,Active
Active,IC50,0.022,135276068.0,0.022,7.657577319177793,1,Active
Active,IC50,0.022,148005906.0,0.022,7.657577319177793,1,Active
Active,IC50,0.022,142746156.0,0.022,7.657577319177793,1,Active
Active,IC50,0.022,142406502.0,0.022,7.657577319177793,1,Active
Active,IC50,0.022,122553456.0,0.022,7.657577319177793,1,Active
Active,IC50,0.022,76071895.0,0.022,7.657577319177793,1,Active
Active,IC50,0.022,91826383.0,0.022,7.657577319177793,1,Active
Active,Kd,0.022,91864635.0,0.022,7.657577319177793,1,Active
Active,IC50,0.022,146342147.0,0.022,7.657577319177793,1,Active
Active,Ki,0.022,170556523.0,0.022,7.657577319177793,1,Active
Active,IC50,0.022,142746117.0,0.022,7.657577319177793,1,Active
Active,IC50,0.022,156775102.0,0.022,7.657577319177793,1,Active
Active,IC50,0.022,135276195.0,0.022,7.657577319177793,1,Active
Active,IC50,0.022,162650323.0,0.022,7.657577319177793,1,Active
Active,IC50,0.022,86281737.0,0.022,7.657577319177793,1,Active
Active,Ki,0.022,155525408.0,0.022,7.657577319177793,1,Active
Active,Kd,0.022,129166019.0,0.022,7.657577319177793,1,Active
Active,IC50,0.022,118067803.0,0.022,7.657577319177793,1,Active
Active,IC50,0.022,117723311.0,0.022,7.657577319177793,1,Active
Active,IC50,0.022,135276446.0,0.022,7.657577319177793,1,Active
Active,IC50,0.0221,156019829.0,0.0221,7.655607726314889,1,Active
Active,Ki,0.0223,89657308.0,0.0223,7.651695136951839,1,Active
Active,IC50,0.0223,142296552.0,0.0223,7.651695136951839,1,Active
Active,Ki,0.0223,87055222.0,0.0223,7.651695136951839,1,Active
Active,Ki,0.0224,89657533.0,0.0224,7.649751981665837,1,Active
Active,Ki,0.0224,155043080.0,0.0224,7.649751981665837,1,Active
Active,Ki,0.0225,89656239.0,0.0225,7.647817481888637,1,Active
Active,Ki,0.0225,90395643.0,0.0225,7.647817481888637,1,Active
Active,IC50,0.0226,155431204.0,0.0226,7.645891560852599,1,Active
Active,Ki,0.0226,118116874.0,0.0226,7.645891560852599,1,Active
Active,IC50,0.0226,156019258.0,0.0226,7.645891560852599,1,Active
Active,IC50,0.0226,117689290.0,0.0226,7.645891560852599,1,Active
Active,Ki,0.0226,89656491.0,0.0226,7.645891560852599,1,Active
Active,Ki,0.0228,89655964.0,0.0228,7.642065152999546,1,Active
Active,Ki,0.0228,162495238.0,0.0228,7.642065152999546,1,Active
Active,IC50,0.023,135276197.0,0.023,7.638272163982407,1,Active
Active,IC50,0.023,117891958.0,0.023,7.638272163982407,1,Active
Active,IC50,0.023,117723253.0,0.023,7.638272163982407,1,Active
Active,IC50,0.023,117723319.0,0.023,7.638272163982407,1,Active
Active,IC50,0.023,117723274.0,0.023,7.638272163982407,1,Active
Active,IC50,0.023,117723281.0,0.023,7.638272163982407,1,Active
Active,IC50,0.023,86293185.0,0.023,7.638272163982407,1,Active
Active,IC50,0.023,135276265.0,0.023,7.638272163982407,1,Active
Active,IC50,0.023,126564831.0,0.023,7.638272163982407,1,Active
Active,IC50,0.023,117892019.0,0.023,7.638272163982407,1,Active
Active,IC50,0.023,86293557.0,0.023,7.638272163982407,1,Active
Active,Ki,0.023,89656486.0,0.023,7.638272163982407,1,Active
Active,IC50,0.023,142745984.0,0.023,7.638272163982407,1,Active
Active,IC50,0.023,122553448.0,0.023,7.638272163982407,1,Active
Active,IC50,0.023,118095248.0,0.023,7.638272163982407,1,Active
Active,IC50,0.023,135276371.0,0.023,7.638272163982407,1,Active
Active,IC50,0.023,77843964.0,0.023,7.638272163982407,1,Active
Active,IC50,0.023,135276309.0,0.023,7.638272163982407,1,Active
Active,IC50,0.023,118095174.0,0.023,7.638272163982407,1,Active
Active,IC50,0.023,142745938.0,0.023,7.638272163982407,1,Active
Active,IC50,0.023,86567368.0,0.023,7.638272163982407,1,Active
Active,IC50,0.023,135276496.0,0.023,7.638272163982407,1,Active
Active,Ki,0.0231,124222789.0,0.0231,7.636388020107856,1,Active
Active,Ki,0.0231,136374371.0,0.0231,7.636388020107856,1,Active
Active,Ki,0.0232,89656162.0,0.0232,7.634512015109101,1,Active
Active,IC50,0.0234,146479038.0,0.0234,7.630784142589857,1,Active
Active,Ki,0.0235,89656412.0,0.0235,7.628932137728263,1,Active
Active,IC50,0.0235,117723263.0,0.0235,7.628932137728263,1,Active
Active,IC50,0.0235,86567311.0,0.0235,7.628932137728263,1,Active
Active,Ki,0.0236,155043852.0,0.0236,7.627087997029894,1,Active
Active,Ki,0.0237,86582296.0,0.0237,7.6252516539898965,1,Active
Active,Ki,0.0237,118116875.0,0.0237,7.6252516539898965,1,Active
Active,Ki,0.0237,89657375.0,0.0237,7.6252516539898965,1,Active
Active,IC50,0.0238,172447129.0,0.0238,7.623423042943488,1,Active
Active,Ki,0.0239,118116581.0,0.0239,7.621602099051862,1,Active
Active,Ki,0.0239,155042804.0,0.0239,7.621602099051862,1,Active
Active,IC50,0.024,86292386.0,0.024,7.619788758288394,1,Active
Active,IC50,0.024,91826315.0,0.024,7.619788758288394,1,Active
Active,IC50,0.024,118095284.0,0.024,7.619788758288394,1,Active
Active,IC50,0.024,146525051.0,0.024,7.619788758288394,1,Active
Active,IC50,0.024,146342089.0,0.024,7.619788758288394,1,Active
Active,IC50,0.024,86293352.0,0.024,7.619788758288394,1,Active
Active,IC50,0.024,122588570.0,0.024,7.619788758288394,1,Active
Active,Ki,0.024,86581395.0,0.024,7.619788758288394,1,Active
Active,IC50,0.024,142745883.0,0.024,7.619788758288394,1,Active
Active,IC50,0.024,146341986.0,0.024,7.619788758288394,1,Active
Active,IC50,0.024,135276234.0,0.024,7.619788758288394,1,Active
Active,IC50,0.024,146525056.0,0.024,7.619788758288394,1,Active
Active,IC50,0.024,86280821.0,0.024,7.619788758288394,1,Active
Active,IC50,0.024,121276912.0,0.024,7.619788758288394,1,Active
Active,IC50,0.024,142406505.0,0.024,7.619788758288394,1,Active
Active,IC50,0.024,86292989.0,0.024,7.619788758288394,1,Active
Active,IC50,0.024,86567123.0,0.024,7.619788758288394,1,Active
Active,IC50,0.024,86282176.0,0.024,7.619788758288394,1,Active
Active,IC50,0.024,86567181.0,0.024,7.619788758288394,1,Active
Active,IC50,0.024,135276138.0,0.024,7.619788758288394,1,Active
Active,IC50,0.024,142745873.0,0.024,7.619788758288394,1,Active
Active,IC50,0.024,118691549.0,0.024,7.619788758288394,1,Active
Active,IC50,0.024,142406701.0,0.024,7.619788758288394,1,Active
Active,IC50,0.024,135276104.0,0.024,7.619788758288394,1,Active
Active,IC50,0.024,142746040.0,0.024,7.619788758288394,1,Active
Active,IC50,0.024,86566978.0,0.024,7.619788758288394,1,Active
Active,IC50,0.024,135276319.0,0.024,7.619788758288394,1,Active
Active,IC50,0.024,142746200.0,0.024,7.619788758288394,1,Active
Active,IC50,0.024,122553461.0,0.024,7.619788758288394,1,Active
Active,Ki,0.0241,71621710.0,0.0241,7.617982957425132,1,Active
Active,Ki,0.0243,155043887.0,0.0243,7.614393726401688,1,Active
Active,IC50,0.02433,155431583.0,0.02433,7.613857891069181,1,Active
Active,Ki,0.0244,132011015.0,0.0244,7.61261017366127,1,Active
Active,IC50,0.0245,122553491.0,0.0245,7.610833915635467,1,Active
Active,IC50,0.0245,86566904.0,0.0245,7.610833915635467,1,Active
Active,IC50,0.0245,126554289.0,0.0245,7.610833915635467,1,Active
Active,IC50,0.0245,117723260.0,0.0245,7.610833915635467,1,Active
Active,IC50,0.0245,117723287.0,0.0245,7.610833915635467,1,Active
Active,Ki,0.0245,89656147.0,0.0245,7.610833915635467,1,Active
Active,Ki,0.0246,118116343.0,0.0246,7.609064892896621,1,Active
Active,Ki,0.0247,155568932.0,0.0247,7.607303046740334,1,Active
Active,Ki,0.0247,155043856.0,0.0247,7.607303046740334,1,Active
Active,IC50,0.0247,86280938.0,0.0247,7.607303046740334,1,Active
Active,Ki,0.0247,132010946.0,0.0247,7.607303046740334,1,Active
Active,IC50,0.0249,156811853.0,0.0249,7.603800652904264,1,Active
Active,IC50,0.025,166595880.0,0.025,7.6020599913279625,1,Active
Active,IC50,0.025,176023833.0,0.025,7.6020599913279625,1,Active
Active,IC50,0.025,166595718.0,0.025,7.6020599913279625,1,Active
Active,IC50,0.025,118938657.0,0.025,7.6020599913279625,1,Active
Active,IC50,0.025,118938640.0,0.025,7.6020599913279625,1,Active
Active,IC50,0.025,166596429.0,0.025,7.6020599913279625,1,Active
Active,IC50,0.025,118938637.0,0.025,7.6020599913279625,1,Active
Active,IC50,0.025,166596543.0,0.025,7.6020599913279625,1,Active
Active,IC50,0.025,166596341.0,0.025,7.6020599913279625,1,Active
Active,IC50,0.025,166595642.0,0.025,7.6020599913279625,1,Active
Active,IC50,0.025,166595565.0,0.025,7.6020599913279625,1,Active
Active,IC50,0.025,166595553.0,0.025,7.6020599913279625,1,Active
Active,IC50,0.025,166596255.0,0.025,7.6020599913279625,1,Active
Active,IC50,0.025,166596452.0,0.025,7.6020599913279625,1,Active
Active,IC50,0.025,118938630.0,0.025,7.6020599913279625,1,Active
Active,IC50,0.025,118938636.0,0.025,7.6020599913279625,1,Active
Active,IC50,0.025,118938633.0,0.025,7.6020599913279625,1,Active
Active,IC50,0.025,118938647.0,0.025,7.6020599913279625,1,Active
Active,IC50,0.025,166595688.0,0.025,7.6020599913279625,1,Active
Active,IC50,0.025,166595844.0,0.025,7.6020599913279625,1,Active
Active,IC50,0.025,155295637.0,0.025,7.6020599913279625,1,Active
Active,IC50,0.025,155295632.0,0.025,7.6020599913279625,1,Active
Active,IC50,0.025,155295634.0,0.025,7.6020599913279625,1,Active
Active,IC50,0.025,86293162.0,0.025,7.6020599913279625,1,Active
Active,IC50,0.025,86293373.0,0.025,7.6020599913279625,1,Active
Active,IC50,0.025,137529595.0,0.025,7.6020599913279625,1,Active
Active,IC50,0.025,91826384.0,0.025,7.6020599913279625,1,Active
Active,IC50,0.025,137529516.0,0.025,7.6020599913279625,1,Active
Active,IC50,0.025,137529545.0,0.025,7.6020599913279625,1,Active
Active,IC50,0.025,137529558.0,0.025,7.6020599913279625,1,Active
Active,IC50,0.025,121422533.0,0.025,7.6020599913279625,1,Active
Active,IC50,0.025,137529527.0,0.025,7.6020599913279625,1,Active
Active,IC50,0.025,172440750.0,0.025,7.6020599913279625,1,Active
Active,IC50,0.025,90411048.0,0.025,7.6020599913279625,1,Active
Active,IC50,0.025,118938643.0,0.025,7.6020599913279625,1,Active
Active,IC50,0.025,118938634.0,0.025,7.6020599913279625,1,Active
Active,IC50,0.025,118938654.0,0.025,7.6020599913279625,1,Active
Active,IC50,0.025,118938642.0,0.025,7.6020599913279625,1,Active
Active,IC50,0.025,118938638.0,0.025,7.6020599913279625,1,Active
Active,IC50,0.025,137529538.0,0.025,7.6020599913279625,1,Active
Active,IC50,0.025,137529540.0,0.025,7.6020599913279625,1,Active
Active,IC50,0.025,167844899.0,0.025,7.6020599913279625,1,Active
Active,IC50,0.025,137529556.0,0.025,7.6020599913279625,1,Active
Active,IC50,0.025,118021821.0,0.025,7.6020599913279625,1,Active
Active,IC50,0.025,137529512.0,0.025,7.6020599913279625,1,Active
Active,IC50,0.025,118938648.0,0.025,7.6020599913279625,1,Active
Active,IC50,0.025,118938656.0,0.025,7.6020599913279625,1,Active
Active,IC50,0.025,118938644.0,0.025,7.6020599913279625,1,Active
Active,IC50,0.025,118938631.0,0.025,7.6020599913279625,1,Active
Active,IC50,0.025,118938651.0,0.025,7.6020599913279625,1,Active
Active,IC50,0.025,118938650.0,0.025,7.6020599913279625,1,Active
Active,IC50,0.025,118938649.0,0.025,7.6020599913279625,1,Active
Active,IC50,0.025,155295633.0,0.025,7.6020599913279625,1,Active
Active,IC50,0.025,155295636.0,0.025,7.6020599913279625,1,Active
Active,IC50,0.025,146342027.0,0.025,7.6020599913279625,1,Active
Active,Ki,0.025,170556551.0,0.025,7.6020599913279625,1,Active
Active,IC50,0.025,137529508.0,0.025,7.6020599913279625,1,Active
Active,IC50,0.025,117673805.0,0.025,7.6020599913279625,1,Active
Active,IC50,0.025,118196371.0,0.025,7.6020599913279625,1,Active
Active,IC50,0.025,117673797.0,0.025,7.6020599913279625,1,Active
Active,IC50,0.025,137529643.0,0.025,7.6020599913279625,1,Active
Active,IC50,0.025,86293184.0,0.025,7.6020599913279625,1,Active
Active,IC50,0.025,118938655.0,0.025,7.6020599913279625,1,Active
Active,IC50,0.025,118938635.0,0.025,7.6020599913279625,1,Active
Active,IC50,0.025,118196587.0,0.025,7.6020599913279625,1,Active
Active,IC50,0.025,121422530.0,0.025,7.6020599913279625,1,Active
Active,IC50,0.025,137529544.0,0.025,7.6020599913279625,1,Active
Active,IC50,0.025,137529536.0,0.025,7.6020599913279625,1,Active
Active,IC50,0.025,137529552.0,0.025,7.6020599913279625,1,Active
Active,IC50,0.025,137529519.0,0.025,7.6020599913279625,1,Active
Active,IC50,0.025,137529509.0,0.025,7.6020599913279625,1,Active
Active,IC50,0.025,137529513.0,0.025,7.6020599913279625,1,Active
Active,IC50,0.025,86282173.0,0.025,7.6020599913279625,1,Active
Active,IC50,0.025,118938646.0,0.025,7.6020599913279625,1,Active
Active,IC50,0.025,155295635.0,0.025,7.6020599913279625,1,Active
Active,IC50,0.025,137529593.0,0.025,7.6020599913279625,1,Active
Active,IC50,0.025,137529551.0,0.025,7.6020599913279625,1,Active
Active,IC50,0.025,118196482.0,0.025,7.6020599913279625,1,Active
Active,IC50,0.025,137529518.0,0.025,7.6020599913279625,1,Active
Active,IC50,0.025,135276213.0,0.025,7.6020599913279625,1,Active
Active,IC50,0.025,118938652.0,0.025,7.6020599913279625,1,Active
Active,IC50,0.025,118938632.0,0.025,7.6020599913279625,1,Active
Active,Kd,0.025,162662325.0,0.025,7.6020599913279625,1,Active
Active,IC50,0.025,137529570.0,0.025,7.6020599913279625,1,Active
Active,IC50,0.025,118201213.0,0.025,7.6020599913279625,1,Active
Active,Ki,0.025,155523190.0,0.025,7.6020599913279625,1,Active
Active,IC50,0.025,118201263.0,0.025,7.6020599913279625,1,Active
Active,IC50,0.025,137529522.0,0.025,7.6020599913279625,1,Active
Active,IC50,0.025,137529608.0,0.025,7.6020599913279625,1,Active
Active,IC50,0.025,118196493.0,0.025,7.6020599913279625,1,Active
Active,IC50,0.025,166596406.0,0.025,7.6020599913279625,1,Active
Active,IC50,0.025,162675982.0,0.025,7.6020599913279625,1,Active
Active,IC50,0.025,118938653.0,0.025,7.6020599913279625,1,Active
Active,IC50,0.025,166595988.0,0.025,7.6020599913279625,1,Active
Active,IC50,0.025,166596100.0,0.025,7.6020599913279625,1,Active
Active,IC50,0.025,70978915.0,0.025,7.6020599913279625,1,Active
Active,IC50,0.025,11577250.0,0.025,7.6020599913279625,1,Active
Active,IC50,0.025,166596415.0,0.025,7.6020599913279625,1,Active
Active,IC50,0.025,157277576.0,0.025,7.6020599913279625,1,Active
Active,IC50,0.025,118095179.0,0.025,7.6020599913279625,1,Active
Active,IC50,0.025,142746054.0,0.025,7.6020599913279625,1,Active
Active,IC50,0.025,166595636.0,0.025,7.6020599913279625,1,Active
Active,IC50,0.025,75201631.0,0.025,7.6020599913279625,1,Active
Active,IC50,0.025,142746028.0,0.025,7.6020599913279625,1,Active
Active,IC50,0.025,135276417.0,0.025,7.6020599913279625,1,Active
Active,IC50,0.025,117723266.0,0.025,7.6020599913279625,1,Active
Active,IC50,0.025,117723276.0,0.025,7.6020599913279625,1,Active
Active,IC50,0.025,137529612.0,0.025,7.6020599913279625,1,Active
Active,IC50,0.025,137529542.0,0.025,7.6020599913279625,1,Active
Active,IC50,0.025,137529514.0,0.025,7.6020599913279625,1,Active
Active,IC50,0.025,137529506.0,0.025,7.6020599913279625,1,Active
Active,IC50,0.025,137529535.0,0.025,7.6020599913279625,1,Active
Active,IC50,0.025,118201206.0,0.025,7.6020599913279625,1,Active
Active,IC50,0.025,86292584.0,0.025,7.6020599913279625,1,Active
Active,IC50,0.025,118201289.0,0.025,7.6020599913279625,1,Active
Active,IC50,0.025,137529559.0,0.025,7.6020599913279625,1,Active
Active,IC50,0.025,121422505.0,0.025,7.6020599913279625,1,Active
Active,IC50,0.025,137529631.0,0.025,7.6020599913279625,1,Active
Active,IC50,0.0251,117689237.0,0.0251,7.600326278518962,1,Active
Active,IC50,0.02512,164613224.0,0.02512,7.599980364934842,1,Active
Active,IC50,0.02512,138678291.0,0.02512,7.599980364934842,1,Active
Active,IC50,0.02512,168298719.0,0.02512,7.599980364934842,1,Active
Active,IC50,0.02512,172449807.0,0.02512,7.599980364934842,1,Active
Active,IC50,0.02512,138533987.0,0.02512,7.599980364934842,1,Active
Active,IC50,0.02512,138533990.0,0.02512,7.599980364934842,1,Active
Active,IC50,0.02512,146434133.0,0.02512,7.599980364934842,1,Active
Active,IC50,0.02512,132185578.0,0.02512,7.599980364934842,1,Active
Active,IC50,0.02512,164620903.0,0.02512,7.599980364934842,1,Active
Active,IC50,0.02512,155119750.0,0.02512,7.599980364934842,1,Active
Active,IC50,0.02512,168299776.0,0.02512,7.599980364934842,1,Active
Active,IC50,0.02512,131987198.0,0.02512,7.599980364934842,1,Active
Active,IC50,0.02512,162664941.0,0.02512,7.599980364934842,1,Active
Active,IC50,0.02512,138533789.0,0.02512,7.599980364934842,1,Active
Active,IC50,0.02512,172451859.0,0.02512,7.599980364934842,1,Active
Active,IC50,0.02512,172446194.0,0.02512,7.599980364934842,1,Active
Active,IC50,0.02512,131987252.0,0.02512,7.599980364934842,1,Active
Active,IC50,0.02512,164622877.0,0.02512,7.599980364934842,1,Active
Active,IC50,0.02512,164628369.0,0.02512,7.599980364934842,1,Active
Active,IC50,0.02512,164612488.0,0.02512,7.599980364934842,1,Active
Active,IC50,0.02512,164613493.0,0.02512,7.599980364934842,1,Active
Active,IC50,0.02512,164609399.0,0.02512,7.599980364934842,1,Active
Active,IC50,0.02512,164612034.0,0.02512,7.599980364934842,1,Active
Active,IC50,0.02512,142740580.0,0.02512,7.599980364934842,1,Active
Active,IC50,0.02512,164627591.0,0.02512,7.599980364934842,1,Active
Active,IC50,0.02512,132185892.0,0.02512,7.599980364934842,1,Active
Active,IC50,0.02512,66571408.0,0.02512,7.599980364934842,1,Active
Active,IC50,0.0253,162659775.0,0.0253,7.596879478824182,1,Active
Active,IC50,0.0254,167844896.0,0.0254,7.5951662833800615,1,Active
Active,IC50,0.0254,146322282.0,0.0254,7.5951662833800615,1,Active
Active,Ki,0.0255,155043531.0,0.0255,7.5934598195660445,1,Active
Active,Ki,0.0257,155042752.0,0.0257,7.590066876668706,1,Active
Active,Ki,0.0257,89657183.0,0.0257,7.590066876668706,1,Active
Active,IC50,0.0258,139341739.0,0.0258,7.58838029403677,1,Active
Active,Ki,0.0259,155042753.0,0.0259,7.586700235918748,1,Active
Active,IC50,0.0259,155565352.0,0.0259,7.586700235918748,1,Active
Active,IC50,0.026,162648154.0,0.026,7.585026652029182,1,Active
Active,IC50,0.026,118095172.0,0.026,7.585026652029182,1,Active
Active,IC50,0.026,118067819.0,0.026,7.585026652029182,1,Active
Active,IC50,0.026,70675736.0,0.026,7.585026652029182,1,Active
Active,IC50,0.026,150200005.0,0.026,7.585026652029182,1,Active
Active,IC50,0.026,142746153.0,0.026,7.585026652029182,1,Active
Active,IC50,0.026,135276210.0,0.026,7.585026652029182,1,Active
Active,IC50,0.026,139558245.0,0.026,7.585026652029182,1,Active
Active,IC50,0.026,57345400.0,0.026,7.585026652029182,1,Active
Active,IC50,0.026,146342138.0,0.026,7.585026652029182,1,Active
Active,IC50,0.026,118095262.0,0.026,7.585026652029182,1,Active
Active,Ki,0.026,137637032.0,0.026,7.585026652029182,1,Active
Active,IC50,0.026,86280968.0,0.026,7.585026652029182,1,Active
Active,IC50,0.026,154634413.0,0.026,7.585026652029182,1,Active
Active,IC50,0.026,86281506.0,0.026,7.585026652029182,1,Active
Active,Ki,0.026,86270831.0,0.026,7.585026652029182,1,Active
Active,Ki,0.026,146011700.0,0.026,7.585026652029182,1,Active
Active,IC50,0.026,86567125.0,0.026,7.585026652029182,1,Active
Active,IC50,0.026,75201878.0,0.026,7.585026652029182,1,Active
Active,IC50,0.026,135276459.0,0.026,7.585026652029182,1,Active
Active,IC50,0.026,146341993.0,0.026,7.585026652029182,1,Active
Active,IC50,0.026,172459284.0,0.026,7.585026652029182,1,Active
Active,IC50,0.026,90161017.0,0.026,7.585026652029182,1,Active
Active,IC50,0.026,177377443.0,0.026,7.585026652029182,1,Active
Active,IC50,0.026,142745961.0,0.026,7.585026652029182,1,Active
Active,IC50,0.0265,86567369.0,0.0265,7.576754126063192,1,Active
Active,IC50,0.0265,86567310.0,0.0265,7.576754126063192,1,Active
Active,Ki,0.0265,132010660.0,0.0265,7.576754126063192,1,Active
Active,Ki,0.0268,86582297.0,0.0268,7.5718652059712115,1,Active
Active,Ki,0.0269,90395725.0,0.0269,7.570247719997592,1,Active
Active,Ki,0.0269,122178997.0,0.0269,7.570247719997592,1,Active
Active,Ki,0.0269,86581989.0,0.0269,7.570247719997592,1,Active
Active,Ki,0.0269,89657540.0,0.0269,7.570247719997592,1,Active
Active,Ki,0.0269,155043081.0,0.0269,7.570247719997592,1,Active
Active,IC50,0.0269,139341729.0,0.0269,7.570247719997592,1,Active
Active,IC50,0.0269,126554288.0,0.0269,7.570247719997592,1,Active
Active,IC50,0.027,146342130.0,0.027,7.568636235841012,1,Active
Active,IC50,0.027,135276074.0,0.027,7.568636235841012,1,Active
Active,IC50,0.027,86566776.0,0.027,7.568636235841012,1,Active
Active,IC50,0.027,135276189.0,0.027,7.568636235841012,1,Active
Active,IC50,0.027,137285011.0,0.027,7.568636235841012,1,Active
Active,IC50,0.027,139558247.0,0.027,7.568636235841012,1,Active
Active,IC50,0.027,142406290.0,0.027,7.568636235841012,1,Active
Active,IC50,0.027,162658071.0,0.027,7.568636235841012,1,Active
Active,IC50,0.027,86567782.0,0.027,7.568636235841012,1,Active
Active,IC50,0.027,167844897.0,0.027,7.568636235841012,1,Active
Active,IC50,0.027,86281380.0,0.027,7.568636235841012,1,Active
Active,IC50,0.027,126693092.0,0.027,7.568636235841012,1,Active
Active,IC50,0.027,146525074.0,0.027,7.568636235841012,1,Active
Active,IC50,0.027,177377430.0,0.027,7.568636235841012,1,Active
Active,IC50,0.027,135276480.0,0.027,7.568636235841012,1,Active
Active,IC50,0.027,91826380.0,0.027,7.568636235841012,1,Active
Active,IC50,0.027,86292783.0,0.027,7.568636235841012,1,Active
Active,Ki,0.027,118277818.0,0.027,7.568636235841012,1,Active
Active,Ki,0.027,90388155.0,0.027,7.568636235841012,1,Active
Active,Kd,0.027,90395743.0,0.027,7.568636235841012,1,Active
Active,IC50,0.027,142745997.0,0.027,7.568636235841012,1,Active
Active,IC50,0.027,135276312.0,0.027,7.568636235841012,1,Active
Active,IC50,0.027,86273096.0,0.027,7.568636235841012,1,Active
Active,IC50,0.027,156027024.0,0.027,7.568636235841012,1,Active
Active,IC50,0.027,6918638.0,0.027,7.568636235841012,1,Active
Active,IC50,0.027,142406752.0,0.027,7.568636235841012,1,Active
Active,IC50,0.027,118067802.0,0.027,7.568636235841012,1,Active
Active,IC50,0.027,164614963.0,0.027,7.568636235841012,1,Active
Active,IC50,0.027,117891977.0,0.027,7.568636235841012,1,Active
Active,IC50,0.027,71532084.0,0.027,7.568636235841012,1,Active
Active,IC50,0.027,86293351.0,0.027,7.568636235841012,1,Active
Active,IC50,0.027,142746237.0,0.027,7.568636235841012,1,Active
Active,IC50,0.027,142745928.0,0.027,7.568636235841012,1,Active
Active,IC50,0.027,86292383.0,0.027,7.568636235841012,1,Active
Active,Ki,0.0271,89657408.0,0.0271,7.567030709125595,1,Active
Active,IC50,0.0271,71300862.0,0.0271,7.567030709125595,1,Active
Active,IC50,0.02722,155431176.0,0.02722,7.565111879132684,1,Active
Active,IC50,0.0273,177382069.0,0.0273,7.5638373529592435,1,Active
Active,IC50,0.0274,122172654.0,0.0274,7.562249437179612,1,Active
Active,IC50,0.0274,142296570.0,0.0274,7.562249437179612,1,Active
Active,IC50,0.0275,155538190.0,0.0275,7.560667306169737,1,Active
Active,IC50,0.0277,118889631.0,0.0277,7.557520230935552,1,Active
Active,Ki,0.0278,87055221.0,0.0278,7.555955204081924,1,Active
Active,IC50,0.0278,169234312.0,0.0278,7.555955204081924,1,Active
Active,Ki,0.0279,89657605.0,0.0279,7.554395796726403,1,Active
Active,Ki,0.0279,155043672.0,0.0279,7.554395796726403,1,Active
Active,Ki,0.0279,155042773.0,0.0279,7.554395796726403,1,Active
Active,IC50,0.028,134137369.0,0.028,7.552841968657781,1,Active
Active,IC50,0.028,130252503.0,0.028,7.552841968657781,1,Active
Active,IC50,0.028,142746070.0,0.028,7.552841968657781,1,Active
Active,IC50,0.028,117723298.0,0.028,7.552841968657781,1,Active
Active,IC50,0.028,142746146.0,0.028,7.552841968657781,1,Active
Active,IC50,0.028,156775110.0,0.028,7.552841968657781,1,Active
Active,IC50,0.028,117723315.0,0.028,7.552841968657781,1,Active
Active,IC50,0.028,86567124.0,0.028,7.552841968657781,1,Active
Active,IC50,0.028,121268847.0,0.028,7.552841968657781,1,Active
Active,Kd,0.028,129165718.0,0.028,7.552841968657781,1,Active
Active,IC50,0.028,156027023.0,0.028,7.552841968657781,1,Active
Active,Ki,0.028,155548743.0,0.028,7.552841968657781,1,Active
Active,IC50,0.028,135276413.0,0.028,7.552841968657781,1,Active
Active,IC50,0.028,146342058.0,0.028,7.552841968657781,1,Active
Active,IC50,0.028,177380908.0,0.028,7.552841968657781,1,Active
Active,IC50,0.028,142746179.0,0.028,7.552841968657781,1,Active
Active,IC50,0.028,139558343.0,0.028,7.552841968657781,1,Active
Active,IC50,0.028,76070628.0,0.028,7.552841968657781,1,Active
Active,IC50,0.028,142406613.0,0.028,7.552841968657781,1,Active
Active,IC50,0.028,145975703.0,0.028,7.552841968657781,1,Active
Active,IC50,0.028,172447163.0,0.028,7.552841968657781,1,Active
Active,IC50,0.028,86293723.0,0.028,7.552841968657781,1,Active
Active,IC50,0.028,142406656.0,0.028,7.552841968657781,1,Active
Active,IC50,0.028,135276044.0,0.028,7.552841968657781,1,Active
Active,IC50,0.028,142406300.0,0.028,7.552841968657781,1,Active
Active,IC50,0.028,126693180.0,0.028,7.552841968657781,1,Active
Active,IC50,0.028,135276128.0,0.028,7.552841968657781,1,Active
Active,Kd,0.028,121342355.0,0.028,7.552841968657781,1,Active
Active,IC50,0.028,86282285.0,0.028,7.552841968657781,1,Active
Active,IC50,0.028,142746044.0,0.028,7.552841968657781,1,Active
Active,Ki,0.0282,118116810.0,0.0282,7.549750891680639,1,Active
Active,IC50,0.0283,122553460.0,0.0283,7.548213564475709,1,Active
Active,Ki,0.0284,118340789.0,0.0284,7.546681659952962,1,Active
Active,IC50,0.0284,139341575.0,0.0284,7.546681659952962,1,Active
Active,IC50,0.0285,86567708.0,0.0285,7.54515513999149,1,Active
Active,Ki,0.0285,117775698.0,0.0285,7.54515513999149,1,Active
Active,IC50,0.0285,155457532.0,0.0285,7.54515513999149,1,Active
Active,Ki,0.0288,155043379.0,0.0288,7.540607512240769,1,Active
Active,Ki,0.0289,118116248.0,0.0289,7.539102157243452,1,Active
Active,IC50,0.029,142406681.0,0.029,7.537602002101044,1,Active
Active,IC50,0.029,135276442.0,0.029,7.537602002101044,1,Active
Active,IC50,0.029,73350913.0,0.029,7.537602002101044,1,Active
Active,IC50,0.029,117723275.0,0.029,7.537602002101044,1,Active
Active,IC50,0.029,166596381.0,0.029,7.537602002101044,1,Active
Active,IC50,0.029,142746208.0,0.029,7.537602002101044,1,Active
Active,IC50,0.029,139558229.0,0.029,7.537602002101044,1,Active
Active,IC50,0.029,91826377.0,0.029,7.537602002101044,1,Active
Active,Ki,0.029,122187525.0,0.029,7.537602002101044,1,Active
Active,IC50,0.029,156822078.0,0.029,7.537602002101044,1,Active
Active,IC50,0.029,146342048.0,0.029,7.537602002101044,1,Active
Active,IC50,0.029,117720823.0,0.029,7.537602002101044,1,Active
Active,IC50,0.029,75201756.0,0.029,7.537602002101044,1,Active
Active,IC50,0.029,126693091.0,0.029,7.537602002101044,1,Active
Active,IC50,0.029,146342170.0,0.029,7.537602002101044,1,Active
Active,IC50,0.029,155547542.0,0.029,7.537602002101044,1,Active
Active,IC50,0.029,156775100.0,0.029,7.537602002101044,1,Active
Active,IC50,0.029,152788303.0,0.029,7.537602002101044,1,Active
Active,IC50,0.029,118095280.0,0.029,7.537602002101044,1,Active
Active,IC50,0.029,156027025.0,0.029,7.537602002101044,1,Active
Active,Kd,0.029,172868983.0,0.029,7.537602002101044,1,Active
Active,IC50,0.029,142406512.0,0.029,7.537602002101044,1,Active
Active,IC50,0.029,91826382.0,0.029,7.537602002101044,1,Active
Active,Kd,0.029,142746158.0,0.029,7.537602002101044,1,Active
Active,IC50,0.0295,66828115.0,0.0295,7.530177984021837,1,Active
Active,IC50,0.0295,122172640.0,0.0295,7.530177984021837,1,Active
Active,IC50,0.0295,54588802.0,0.0295,7.530177984021837,1,Active
Active,IC50,0.0295,129046529.0,0.0295,7.530177984021837,1,Active
Active,IC50,0.02956,168289770.0,0.02956,7.5292955702772115,1,Active
Active,Ki,0.0297,136236450.0,0.0297,7.527243550682788,1,Active
Active,Ki,0.0299,155043885.0,0.0299,7.52432881167557,1,Active
Active,IC50,0.0299,117689440.0,0.0299,7.52432881167557,1,Active
Active,IC50,0.03,86566981.0,0.03,7.522878745280337,1,Active
Active,IC50,0.03,73776677.0,0.03,7.522878745280337,1,Active
Active,IC50,0.03,86292990.0,0.03,7.522878745280337,1,Active
Active,IC50,0.03,78323579.0,0.03,7.522878745280337,1,Active
Active,IC50,0.03,135276511.0,0.03,7.522878745280337,1,Active
Active,IC50,0.03,86567243.0,0.03,7.522878745280337,1,Active
Active,IC50,0.03,172636558.0,0.03,7.522878745280337,1,Active
Active,Ki,0.03,136387525.0,0.03,7.522878745280337,1,Active
Active,IC50,0.03,117891974.0,0.03,7.522878745280337,1,Active
Active,IC50,0.03,142746248.0,0.03,7.522878745280337,1,Active
Active,IC50,0.03,142745979.0,0.03,7.522878745280337,1,Active
Active,IC50,0.03,73774683.0,0.03,7.522878745280337,1,Active
Active,IC50,0.03,142745898.0,0.03,7.522878745280337,1,Active
Active,IC50,0.03,91826396.0,0.03,7.522878745280337,1,Active
Active,IC50,0.03,126563615.0,0.03,7.522878745280337,1,Active
Active,IC50,0.03,129046542.0,0.03,7.522878745280337,1,Active
Active,IC50,0.03,142746195.0,0.03,7.522878745280337,1,Active
Active,IC50,0.03,135276345.0,0.03,7.522878745280337,1,Active
Active,IC50,0.03,118095169.0,0.03,7.522878745280337,1,Active
Active,IC50,0.03,117723292.0,0.03,7.522878745280337,1,Active
Active,IC50,0.03,86566838.0,0.03,7.522878745280337,1,Active
Active,IC50,0.03,121448559.0,0.03,7.522878745280337,1,Active
Active,IC50,0.03,117723250.0,0.03,7.522878745280337,1,Active
Active,IC50,0.03,91826359.0,0.03,7.522878745280337,1,Active
Active,IC50,0.03,155017189.0,0.03,7.522878745280337,1,Active
Active,Kd,0.03,129165972.0,0.03,7.522878745280337,1,Active
Active,IC50,0.03,162656460.0,0.03,7.522878745280337,1,Active
Active,IC50,0.03,76683426.0,0.03,7.522878745280337,1,Active
Active,IC50,0.03,73775293.0,0.03,7.522878745280337,1,Active
Active,IC50,0.03,118095198.0,0.03,7.522878745280337,1,Active
Active,IC50,0.0301,155431366.0,0.0301,7.521433504406157,1,Active
Active,Ki,0.0302,155042851.0,0.0302,7.519993057042849,1,Active
Active,Ki,0.0304,89656149.0,0.0304,7.517126416391246,1,Active
Active,IC50,0.0305,123131636.0,0.0305,7.515700160653214,1,Active
Active,Ki,0.0305,155042776.0,0.0305,7.515700160653214,1,Active
Active,Ki,0.0306,90395622.0,0.0306,7.51427857351842,1,Active
Active,Ki,0.0308,87055054.0,0.0308,7.511449283499555,1,Active
Active,Ki,0.031,168510207.0,0.031,7.508638306165727,1,Active
Active,IC50,0.031,142746175.0,0.031,7.508638306165727,1,Active
Active,IC50,0.031,121427832.0,0.031,7.508638306165727,1,Active
Active,IC50,0.031,135276200.0,0.031,7.508638306165727,1,Active
Active,IC50,0.031,142746111.0,0.031,7.508638306165727,1,Active
Active,IC50,0.031,162661602.0,0.031,7.508638306165727,1,Active
Active,IC50,0.031,135276220.0,0.031,7.508638306165727,1,Active
Active,IC50,0.031,76071653.0,0.031,7.508638306165727,1,Active
Active,IC50,0.031,76070953.0,0.031,7.508638306165727,1,Active
Active,IC50,0.031,86273098.0,0.031,7.508638306165727,1,Active
Active,IC50,0.031,86294100.0,0.031,7.508638306165727,1,Active
Active,IC50,0.031,142745863.0,0.031,7.508638306165727,1,Active
Active,IC50,0.031,142746075.0,0.031,7.508638306165727,1,Active
Active,IC50,0.031,155648321.0,0.031,7.508638306165727,1,Active
Active,IC50,0.031,72695706.0,0.031,7.508638306165727,1,Active
Active,IC50,0.031,146341987.0,0.031,7.508638306165727,1,Active
Active,IC50,0.031,146342031.0,0.031,7.508638306165727,1,Active
Active,IC50,0.031,91826381.0,0.031,7.508638306165727,1,Active
Active,IC50,0.031,135276055.0,0.031,7.508638306165727,1,Active
Active,IC50,0.031,117723285.0,0.031,7.508638306165727,1,Active
Active,IC50,0.031,75201815.0,0.031,7.508638306165727,1,Active
Active,IC50,0.031,122553391.0,0.031,7.508638306165727,1,Active
Active,IC50,0.031,135276401.0,0.031,7.508638306165727,1,Active
Active,IC50,0.031,142406254.0,0.031,7.508638306165727,1,Active
Active,Ki,0.031,118340741.0,0.031,7.508638306165727,1,Active
Active,IC50,0.031,117723232.0,0.031,7.508638306165727,1,Active
Active,IC50,0.031,135276458.0,0.031,7.508638306165727,1,Active
Active,IC50,0.031,139558315.0,0.031,7.508638306165727,1,Active
Active,IC50,0.031,177376992.0,0.031,7.508638306165727,1,Active
Active,Ki,0.0311,155043752.0,0.0311,7.507239610973162,1,Active
Active,IC50,0.0312,122186569.0,0.0312,7.505845405981557,1,Active
Active,IC50,0.0313,142296555.0,0.0313,7.504455662453552,1,Active
Active,IC50,0.0314,126555104.0,0.0314,7.503070351926786,1,Active
Active,Ki,0.0314,89656406.0,0.0314,7.503070351926786,1,Active
Active,IC50,0.0315,86566903.0,0.0315,7.501689446210399,1,Active
Active,IC50,0.0315,86566979.0,0.0315,7.501689446210399,1,Active
Active,IC50,0.03162,138534073.0,0.03162,7.50003813440381,1,Active
Active,IC50,0.03162,142553672.0,0.03162,7.50003813440381,1,Active
Active,IC50,0.03162,164626832.0,0.03162,7.50003813440381,1,Active
Active,IC50,0.03162,134306274.0,0.03162,7.50003813440381,1,Active
Active,IC50,0.03162,164608892.0,0.03162,7.50003813440381,1,Active
Active,IC50,0.03162,132004085.0,0.03162,7.50003813440381,1,Active
Active,IC50,0.03162,131987225.0,0.03162,7.50003813440381,1,Active
Active,IC50,0.03162,172452760.0,0.03162,7.50003813440381,1,Active
Active,IC50,0.03162,131997241.0,0.03162,7.50003813440381,1,Active
Active,IC50,0.03162,168298816.0,0.03162,7.50003813440381,1,Active
Active,IC50,0.03162,168299842.0,0.03162,7.50003813440381,1,Active
Active,IC50,0.03162,66571407.0,0.03162,7.50003813440381,1,Active
Active,IC50,0.03162,172444804.0,0.03162,7.50003813440381,1,Active
Active,IC50,0.03162,164628633.0,0.03162,7.50003813440381,1,Active
Active,IC50,0.03162,153297940.0,0.03162,7.50003813440381,1,Active
Active,IC50,0.03162,138533983.0,0.03162,7.50003813440381,1,Active
Active,IC50,0.03162,66571468.0,0.03162,7.50003813440381,1,Active
Active,IC50,0.03162,164619976.0,0.03162,7.50003813440381,1,Active
Active,IC50,0.03162,164611308.0,0.03162,7.50003813440381,1,Active
Active,IC50,0.03162,138533743.0,0.03162,7.50003813440381,1,Active
Active,IC50,0.03162,131997414.0,0.03162,7.50003813440381,1,Active
Active,IC50,0.03162,164624835.0,0.03162,7.50003813440381,1,Active
Active,IC50,0.03162,146434127.0,0.03162,7.50003813440381,1,Active
Active,IC50,0.03162,146434192.0,0.03162,7.50003813440381,1,Active
Active,IC50,0.03162,165430663.0,0.03162,7.50003813440381,1,Active
Active,IC50,0.03162,164622479.0,0.03162,7.50003813440381,1,Active
Active,IC50,0.03162,164615703.0,0.03162,7.50003813440381,1,Active
Active,IC50,0.03162,164614664.0,0.03162,7.50003813440381,1,Active
Active,IC50,0.03162,134306304.0,0.03162,7.50003813440381,1,Active
Active,Ki,0.0317,155042829.0,0.0317,7.498940737782249,1,Active
Active,Ki,0.0318,155043425.0,0.0318,7.497572880015567,1,Active
Active,IC50,0.032,147845107.0,0.032,7.494850021680094,1,Active
Active,IC50,0.032,86292585.0,0.032,7.494850021680094,1,Active
Active,IC50,0.032,76070737.0,0.032,7.494850021680094,1,Active
Active,IC50,0.032,86292988.0,0.032,7.494850021680094,1,Active
Active,IC50,0.032,137285009.0,0.032,7.494850021680094,1,Active
Active,IC50,0.032,141488030.0,0.032,7.494850021680094,1,Active
Active,IC50,0.032,118067793.0,0.032,7.494850021680094,1,Active
Active,IC50,0.032,122580517.0,0.032,7.494850021680094,1,Active
Active,IC50,0.032,121427830.0,0.032,7.494850021680094,1,Active
Active,IC50,0.032,142746245.0,0.032,7.494850021680094,1,Active
Active,IC50,0.032,168271125.0,0.032,7.494850021680094,1,Active
Active,Kd,0.032,142406415.0,0.032,7.494850021680094,1,Active
Active,IC50,0.032,155457406.0,0.032,7.494850021680094,1,Active
Active,IC50,0.032,75201937.0,0.032,7.494850021680094,1,Active
Active,IC50,0.032,117892018.0,0.032,7.494850021680094,1,Active
Active,IC50,0.032,117723277.0,0.032,7.494850021680094,1,Active
Active,IC50,0.032,126521168.0,0.032,7.494850021680094,1,Active
Active,IC50,0.032,172446010.0,0.032,7.494850021680094,1,Active
Active,IC50,0.032,117891959.0,0.032,7.494850021680094,1,Active
Active,IC50,0.032,135276456.0,0.032,7.494850021680094,1,Active
Active,IC50,0.032,135276027.0,0.032,7.494850021680094,1,Active
Active,IC50,0.032,72695707.0,0.032,7.494850021680094,1,Active
Active,Kd,0.032,142305947.0,0.032,7.494850021680094,1,Active
Active,Ki,0.0321,124222787.0,0.0321,7.493494967595128,1,Active
Active,Ki,0.0321,155043487.0,0.0321,7.493494967595128,1,Active
Active,IC50,0.0325,117723246.0,0.0325,7.488116639021126,1,Active
Active,IC50,0.0325,177382062.0,0.0325,7.488116639021126,1,Active
Active,Ki,0.0326,155043062.0,0.0326,7.486782399932061,1,Active
Active,Ki,0.0326,71616184.0,0.0326,7.486782399932061,1,Active
Active,Ki,0.0327,155043844.0,0.0327,7.485452247339714,1,Active
Active,Ki,0.0327,89657474.0,0.0327,7.485452247339714,1,Active
Active,IC50,0.033,117891979.0,0.033,7.481486060122112,1,Active
Active,IC50,0.033,126673230.0,0.033,7.481486060122112,1,Active
Active,IC50,0.033,121427803.0,0.033,7.481486060122112,1,Active
Active,Ki,0.033,130345614.0,0.033,7.481486060122112,1,Active
Active,IC50,0.033,118067796.0,0.033,7.481486060122112,1,Active
Active,IC50,0.033,118067797.0,0.033,7.481486060122112,1,Active
Active,IC50,0.033,135276479.0,0.033,7.481486060122112,1,Active
Active,IC50,0.033,135276439.0,0.033,7.481486060122112,1,Active
Active,IC50,0.033,68199877.0,0.033,7.481486060122112,1,Active
Active,IC50,0.033,122553444.0,0.033,7.481486060122112,1,Active
Active,IC50,0.033,135743577.0,0.033,7.481486060122112,1,Active
Active,IC50,0.033,142746082.0,0.033,7.481486060122112,1,Active
Active,IC50,0.033,122553408.0,0.033,7.481486060122112,1,Active
Active,IC50,0.033,142745967.0,0.033,7.481486060122112,1,Active
Active,IC50,0.033,146342084.0,0.033,7.481486060122112,1,Active
Active,IC50,0.033,153289441.0,0.033,7.481486060122112,1,Active
Active,IC50,0.033,126686298.0,0.033,7.481486060122112,1,Active
Active,IC50,0.033,135276125.0,0.033,7.481486060122112,1,Active
Active,IC50,0.033,57344635.0,0.033,7.481486060122112,1,Active
Active,IC50,0.033,73347805.0,0.033,7.481486060122112,1,Active
Active,IC50,0.033,118095249.0,0.033,7.481486060122112,1,Active
Active,IC50,0.033,117891983.0,0.033,7.481486060122112,1,Active
Active,Ki,0.0331,155043075.0,0.0331,7.480172006224281,1,Active
Active,IC50,0.0335,117689434.0,0.0335,7.474955192963154,1,Active
Active,IC50,0.0336,117689315.0,0.0336,7.4736607226101555,1,Active
Active,Ki,0.0336,71621849.0,0.0336,7.4736607226101555,1,Active
Active,IC50,0.0339,15978962.0,0.0339,7.4698003017969175,1,Active
Active,IC50,0.034,142745970.0,0.034,7.468521082957745,1,Active
Active,IC50,0.034,163409171.0,0.034,7.468521082957745,1,Active
Active,IC50,0.034,162655368.0,0.034,7.468521082957745,1,Active
Active,IC50,0.034,142745853.0,0.034,7.468521082957745,1,Active
Active,IC50,0.034,142745934.0,0.034,7.468521082957745,1,Active
Active,Ki,0.034,71812100.0,0.034,7.468521082957745,1,Active
Active,IC50,0.034,86293160.0,0.034,7.468521082957745,1,Active
Active,IC50,0.034,155765075.0,0.034,7.468521082957745,1,Active
Active,IC50,0.034,76070736.0,0.034,7.468521082957745,1,Active
Active,IC50,0.034,146525014.0,0.034,7.468521082957745,1,Active
Active,IC50,0.034,139570813.0,0.034,7.468521082957745,1,Active
Active,IC50,0.034,159663390.0,0.034,7.468521082957745,1,Active
Active,Kd,0.034,166635741.0,0.034,7.468521082957745,1,Active
Active,IC50,0.034,86273586.0,0.034,7.468521082957745,1,Active
Active,IC50,0.034,146342065.0,0.034,7.468521082957745,1,Active
Active,IC50,0.034,91826374.0,0.034,7.468521082957745,1,Active
Active,IC50,0.034,135276062.0,0.034,7.468521082957745,1,Active
Active,IC50,0.034,91826368.0,0.034,7.468521082957745,1,Active
Active,IC50,0.034,86567305.0,0.034,7.468521082957745,1,Active
Active,IC50,0.034,146314858.0,0.034,7.468521082957745,1,Active
Active,IC50,0.034,86295676.0,0.034,7.468521082957745,1,Active
Active,IC50,0.034,129046578.0,0.034,7.468521082957745,1,Active
Active,IC50,0.034,135276102.0,0.034,7.468521082957745,1,Active
Active,IC50,0.034,135276256.0,0.034,7.468521082957745,1,Active
Active,IC50,0.034,171351104.0,0.034,7.468521082957745,1,Active
Active,IC50,0.034,117891981.0,0.034,7.468521082957745,1,Active
Active,IC50,0.034,142745909.0,0.034,7.468521082957745,1,Active
Active,Ki,0.034,77843982.0,0.034,7.468521082957745,1,Active
Active,IC50,0.034,142746077.0,0.034,7.468521082957745,1,Active
Active,IC50,0.034,142746132.0,0.034,7.468521082957745,1,Active
Active,IC50,0.034,118095212.0,0.034,7.468521082957745,1,Active
Active,IC50,0.034,176023819.0,0.034,7.468521082957745,1,Active
Active,Ki,0.0342,155042982.0,0.0342,7.465973893943865,1,Active
Active,Ki,0.0343,89656150.0,0.0343,7.464705879957229,1,Active
Active,Ki,0.0344,146011717.0,0.0344,7.46344155742847,1,Active
Active,IC50,0.0345,86567312.0,0.0345,7.462180904926726,1,Active
Active,IC50,0.0346,155279698.0,0.0346,7.460923901207224,1,Active
Active,Ki,0.0346,118116919.0,0.0346,7.460923901207224,1,Active
Active,Ki,0.0348,155533481.0,0.0348,7.458420756053419,1,Active
Active,IC50,0.035,142406524.0,0.035,7.455931955649724,1,Active
Active,IC50,0.035,122580638.0,0.035,7.455931955649724,1,Active
Active,IC50,0.035,162653110.0,0.035,7.455931955649724,1,Active
Active,IC50,0.035,117723304.0,0.035,7.455931955649724,1,Active
Active,IC50,0.035,142745929.0,0.035,7.455931955649724,1,Active
Active,IC50,0.035,135276114.0,0.035,7.455931955649724,1,Active
Active,IC50,0.035,86292588.0,0.035,7.455931955649724,1,Active
Active,IC50,0.035,86567783.0,0.035,7.455931955649724,1,Active
Active,IC50,0.035,142745986.0,0.035,7.455931955649724,1,Active
Active,Kd,0.035,121342333.0,0.035,7.455931955649724,1,Active
Active,IC50,0.035,118067815.0,0.035,7.455931955649724,1,Active
Active,IC50,0.035,90376759.0,0.035,7.455931955649724,1,Active
Active,IC50,0.035,86296101.0,0.035,7.455931955649724,1,Active
Active,IC50,0.035,86566778.0,0.035,7.455931955649724,1,Active
Active,IC50,0.035,142745907.0,0.035,7.455931955649724,1,Active
Active,IC50,0.035,117892001.0,0.035,7.455931955649724,1,Active
Active,IC50,0.035,172445071.0,0.035,7.455931955649724,1,Active
Active,IC50,0.035,142406227.0,0.035,7.455931955649724,1,Active
Active,IC50,0.035,142745869.0,0.035,7.455931955649724,1,Active
Active,IC50,0.035,142745957.0,0.035,7.455931955649724,1,Active
Active,IC50,0.035,154689042.0,0.035,7.455931955649724,1,Active
Active,IC50,0.0351,155558894.0,0.0351,7.454692883534176,1,Active
Active,Ki,0.0352,155043498.0,0.0352,7.453457336521869,1,Active
Active,Ki,0.0357,155042793.0,0.0357,7.447331783887806,1,Active
Active,IC50,0.03572,155431232.0,0.03572,7.447088549783491,1,Active
Active,IC50,0.036,177373901.0,0.036,7.443697499232712,1,Active
Active,IC50,0.036,142406359.0,0.036,7.443697499232712,1,Active
Active,IC50,0.036,118099867.0,0.036,7.443697499232712,1,Active
Active,IC50,0.036,122588641.0,0.036,7.443697499232712,1,Active
Active,IC50,0.036,126693179.0,0.036,7.443697499232712,1,Active
Active,IC50,0.036,135276170.0,0.036,7.443697499232712,1,Active
Active,IC50,0.036,86281106.0,0.036,7.443697499232712,1,Active
Active,IC50,0.036,142745999.0,0.036,7.443697499232712,1,Active
Active,IC50,0.036,122553436.0,0.036,7.443697499232712,1,Active
Active,IC50,0.036,135276080.0,0.036,7.443697499232712,1,Active
Active,IC50,0.036,91826332.0,0.036,7.443697499232712,1,Active
Active,IC50,0.036,137652287.0,0.036,7.443697499232712,1,Active
Active,IC50,0.036,91826329.0,0.036,7.443697499232712,1,Active
Active,IC50,0.036,126563612.0,0.036,7.443697499232712,1,Active
Active,IC50,0.036,117891933.0,0.036,7.443697499232712,1,Active
Active,IC50,0.036,162655000.0,0.036,7.443697499232712,1,Active
Active,Kd,0.036,146342030.0,0.036,7.443697499232712,1,Active
Active,IC50,0.036,142746030.0,0.036,7.443697499232712,1,Active
Active,IC50,0.036,162657414.0,0.036,7.443697499232712,1,Active
Active,Ki,0.036,117775441.0,0.036,7.443697499232712,1,Active
Active,IC50,0.036,117668357.0,0.036,7.443697499232712,1,Active
Active,IC50,0.036,155527824.0,0.036,7.443697499232712,1,Active
Active,IC50,0.036,5352062.0,0.036,7.443697499232712,1,Active
Active,IC50,0.036,156027022.0,0.036,7.443697499232712,1,Active
Active,IC50,0.036,86293559.0,0.036,7.443697499232712,1,Active
Active,IC50,0.036,57344431.0,0.036,7.443697499232712,1,Active
Active,IC50,0.036,142745884.0,0.036,7.443697499232712,1,Active
Active,IC50,0.0362,142296581.0,0.0362,7.441291429466834,1,Active
Active,Ki,0.0365,118116973.0,0.0365,7.437707135543525,1,Active
Active,Ki,0.0365,118116592.0,0.0365,7.437707135543525,1,Active
Active,IC50,0.0366,165437020.0,0.0366,7.436518914605589,1,Active
Active,IC50,0.0366,162654288.0,0.0366,7.436518914605589,1,Active
Active,Ki,0.0369,118116811.0,0.0369,7.432973633840939,1,Active
Active,IC50,0.037,75201685.0,0.037,7.431798275933005,1,Active
Active,Ki,0.037,122187523.0,0.037,7.431798275933005,1,Active
Active,IC50,0.037,75201881.0,0.037,7.431798275933005,1,Active
Active,IC50,0.037,142406731.0,0.037,7.431798275933005,1,Active
Active,IC50,0.037,142406223.0,0.037,7.431798275933005,1,Active
Active,IC50,0.037,146342092.0,0.037,7.431798275933005,1,Active
Active,IC50,0.037,86567365.0,0.037,7.431798275933005,1,Active
Active,IC50,0.037,146525000.0,0.037,7.431798275933005,1,Active
Active,IC50,0.037,155541524.0,0.037,7.431798275933005,1,Active
Active,IC50,0.037,86567364.0,0.037,7.431798275933005,1,Active
Active,IC50,0.037,122553396.0,0.037,7.431798275933005,1,Active
Active,IC50,0.037,139558443.0,0.037,7.431798275933005,1,Active
Active,IC50,0.037,155520501.0,0.037,7.431798275933005,1,Active
Active,IC50,0.037,164618092.0,0.037,7.431798275933005,1,Active
Active,Kd,0.037,52932634.0,0.037,7.431798275933005,1,Active
Active,IC50,0.037,149890321.0,0.037,7.431798275933005,1,Active
Active,IC50,0.037,135276279.0,0.037,7.431798275933005,1,Active
Active,IC50,0.037,126686295.0,0.037,7.431798275933005,1,Active
Active,IC50,0.037,91826378.0,0.037,7.431798275933005,1,Active
Active,IC50,0.037,135120997.0,0.037,7.431798275933005,1,Active
Active,IC50,0.037,86281242.0,0.037,7.431798275933005,1,Active
Active,IC50,0.037,122553427.0,0.037,7.431798275933005,1,Active
Active,Ki,0.037,136387526.0,0.037,7.431798275933005,1,Active
Active,IC50,0.037,76902013.0,0.037,7.431798275933005,1,Active
Active,Ki,0.0371,154663174.0,0.0371,7.430626090384954,1,Active
Active,Ki,0.0375,124222783.0,0.0375,7.425968732272281,1,Active
Active,IC50,0.0375,155530564.0,0.0375,7.425968732272281,1,Active
Active,Ki,0.0376,89656213.0,0.0376,7.424812155072339,1,Active
Active,IC50,0.0377,86282422.0,0.0377,7.423658649794207,1,Active
Active,Ki,0.0378,155042797.0,0.0378,7.422508200162775,1,Active
Active,IC50,0.0379,142296592.0,0.0379,7.421360790031928,1,Active
Active,Ki,0.0379,89657603.0,0.0379,7.421360790031928,1,Active
Active,IC50,0.038,139570821.0,0.038,7.42021640338319,1,Active
Active,IC50,0.038,91826330.0,0.038,7.42021640338319,1,Active
Active,IC50,0.038,142406367.0,0.038,7.42021640338319,1,Active
Active,IC50,0.038,90161075.0,0.038,7.42021640338319,1,Active
Active,IC50,0.038,146341983.0,0.038,7.42021640338319,1,Active
Active,IC50,0.038,137369426.0,0.038,7.42021640338319,1,Active
Active,Ki,0.038,86299084.0,0.038,7.42021640338319,1,Active
Active,IC50,0.038,142746247.0,0.038,7.42021640338319,1,Active
Active,IC50,0.038,135276127.0,0.038,7.42021640338319,1,Active
Active,IC50,0.038,118691573.0,0.038,7.42021640338319,1,Active
Active,IC50,0.038,172458589.0,0.038,7.42021640338319,1,Active
Active,IC50,0.038,142746049.0,0.038,7.42021640338319,1,Active
Active,IC50,0.038,142746120.0,0.038,7.42021640338319,1,Active
Active,IC50,0.038,142406648.0,0.038,7.42021640338319,1,Active
Active,IC50,0.038,142745888.0,0.038,7.42021640338319,1,Active
Active,IC50,0.038,118095200.0,0.038,7.42021640338319,1,Active
Active,Ki,0.038,90388486.0,0.038,7.42021640338319,1,Active
Active,IC50,0.038,117723280.0,0.038,7.42021640338319,1,Active
Active,IC50,0.038,177376990.0,0.038,7.42021640338319,1,Active
Active,IC50,0.038,117723228.0,0.038,7.42021640338319,1,Active
Active,IC50,0.038,75201752.0,0.038,7.42021640338319,1,Active
Active,IC50,0.038,117723230.0,0.038,7.42021640338319,1,Active
Active,IC50,0.038,117723236.0,0.038,7.42021640338319,1,Active
Active,IC50,0.038,117891984.0,0.038,7.42021640338319,1,Active
Active,IC50,0.038,117892024.0,0.038,7.42021640338319,1,Active
Active,IC50,0.038,142746226.0,0.038,7.42021640338319,1,Active
Active,Ki,0.0383,117775760.0,0.0383,7.416801226031377,1,Active
Active,Ki,0.0384,155043516.0,0.0384,7.4156687756324695,1,Active
Active,Ki,0.0384,118116972.0,0.0384,7.4156687756324695,1,Active
Active,Ki,0.0388,118116830.0,0.0388,7.411168274405792,1,Active
Active,Kd,0.0388,177380895.0,0.0388,7.411168274405792,1,Active
Active,IC50,0.03884,155431705.0,0.03884,7.410720778764032,1,Active
Active,Ki,0.0389,118116615.0,0.0389,7.410050398674292,1,Active
Active,Ki,0.039,89656389.0,0.039,7.4089353929735005,1,Active
Active,Ki,0.039,117636887.0,0.039,7.4089353929735005,1,Active
Active,IC50,0.039,86292779.0,0.039,7.4089353929735005,1,Active
Active,IC50,0.039,139558291.0,0.039,7.4089353929735005,1,Active
Active,IC50,0.039,86293540.0,0.039,7.4089353929735005,1,Active
Active,IC50,0.039,91826385.0,0.039,7.4089353929735005,1,Active
Active,IC50,0.039,86567245.0,0.039,7.4089353929735005,1,Active
Active,IC50,0.039,86567308.0,0.039,7.4089353929735005,1,Active
Active,IC50,0.039,86567779.0,0.039,7.4089353929735005,1,Active
Active,IC50,0.039,75201940.0,0.039,7.4089353929735005,1,Active
Active,IC50,0.039,135276483.0,0.039,7.4089353929735005,1,Active
Active,IC50,0.039,142745962.0,0.039,7.4089353929735005,1,Active
Active,IC50,0.039,78426585.0,0.039,7.4089353929735005,1,Active
Active,IC50,0.039,172464876.0,0.039,7.4089353929735005,1,Active
Active,IC50,0.039,142745925.0,0.039,7.4089353929735005,1,Active
Active,IC50,0.039,86277842.0,0.039,7.4089353929735005,1,Active
Active,IC50,0.039,118889446.0,0.039,7.4089353929735005,1,Active
Active,IC50,0.039,142746021.0,0.039,7.4089353929735005,1,Active
Active,IC50,0.03937,155431442.0,0.03937,7.404834585209771,1,Active
Active,IC50,0.0396,148251486.0,0.0396,7.402304814074488,1,Active
Active,IC50,0.0397,86280936.0,0.0397,7.401209493236885,1,Active
Active,IC50,0.03981,164618121.0,0.03981,7.400007822415902,1,Active
Active,IC50,0.03981,71258968.0,0.03981,7.400007822415902,1,Active
Active,IC50,0.03981,162650053.0,0.03981,7.400007822415902,1,Active
Active,IC50,0.03981,132185846.0,0.03981,7.400007822415902,1,Active
Active,IC50,0.03981,138706668.0,0.03981,7.400007822415902,1,Active
Active,IC50,0.03981,132004075.0,0.03981,7.400007822415902,1,Active
Active,IC50,0.03981,132004266.0,0.03981,7.400007822415902,1,Active
Active,IC50,0.03981,164622580.0,0.03981,7.400007822415902,1,Active
Active,IC50,0.03981,66571282.0,0.03981,7.400007822415902,1,Active
Active,Kd,0.03981,134306052.0,0.03981,7.400007822415902,1,Active
Active,IC50,0.03981,142740586.0,0.03981,7.400007822415902,1,Active
Active,IC50,0.03981,142417966.0,0.03981,7.400007822415902,1,Active
Active,IC50,0.03981,156227960.0,0.03981,7.400007822415902,1,Active
Active,IC50,0.03981,164609569.0,0.03981,7.400007822415902,1,Active
Active,IC50,0.03981,155818569.0,0.03981,7.400007822415902,1,Active
Active,IC50,0.03981,134306306.0,0.03981,7.400007822415902,1,Active
Active,IC50,0.03981,153537947.0,0.03981,7.400007822415902,1,Active
Active,IC50,0.03981,162675150.0,0.03981,7.400007822415902,1,Active
Active,IC50,0.03981,132186011.0,0.03981,7.400007822415902,1,Active
Active,IC50,0.03981,168299781.0,0.03981,7.400007822415902,1,Active
Active,IC50,0.03981,138571804.0,0.03981,7.400007822415902,1,Active
Active,IC50,0.03981,132186038.0,0.03981,7.400007822415902,1,Active
Active,IC50,0.03981,132186019.0,0.03981,7.400007822415902,1,Active
Active,IC50,0.04,117891991.0,0.04,7.3979400086720375,1,Active
Active,IC50,0.04,135276397.0,0.04,7.3979400086720375,1,Active
Active,IC50,0.04,142745866.0,0.04,7.3979400086720375,1,Active
Active,IC50,0.04,86343742.0,0.04,7.3979400086720375,1,Active
Active,IC50,0.04,122553385.0,0.04,7.3979400086720375,1,Active
Active,IC50,0.04,135564749.0,0.04,7.3979400086720375,1,Active
Active,IC50,0.04,122553441.0,0.04,7.3979400086720375,1,Active
Active,IC50,0.04,75201880.0,0.04,7.3979400086720375,1,Active
Active,IC50,0.04,137640141.0,0.04,7.3979400086720375,1,Active
Active,Kd,0.04,142746243.0,0.04,7.3979400086720375,1,Active
Active,IC50,0.04,146314794.0,0.04,7.3979400086720375,1,Active
Active,IC50,0.04,142406384.0,0.04,7.3979400086720375,1,Active
Active,IC50,0.04,117723242.0,0.04,7.3979400086720375,1,Active
Active,IC50,0.04,75201938.0,0.04,7.3979400086720375,1,Active
Active,IC50,0.04,91826395.0,0.04,7.3979400086720375,1,Active
Active,IC50,0.04,135276036.0,0.04,7.3979400086720375,1,Active
Active,Ki,0.04,71812038.0,0.04,7.3979400086720375,1,Active
Active,IC50,0.04,142746031.0,0.04,7.3979400086720375,1,Active
Active,IC50,0.04,73774823.0,0.04,7.3979400086720375,1,Active
Active,IC50,0.04,73775440.0,0.04,7.3979400086720375,1,Active
Active,IC50,0.04,117721218.0,0.04,7.3979400086720375,1,Active
Active,IC50,0.04,73775135.0,0.04,7.3979400086720375,1,Active
Active,IC50,0.04,73775439.0,0.04,7.3979400086720375,1,Active
Active,IC50,0.04,146342068.0,0.04,7.3979400086720375,1,Active
Active,IC50,0.04,142746197.0,0.04,7.3979400086720375,1,Active
Active,IC50,0.04,135276342.0,0.04,7.3979400086720375,1,Active
Active,Kd,0.0405,177380891.0,0.0405,7.392544976785332,1,Active
Active,IC50,0.0405,117723286.0,0.0405,7.392544976785332,1,Active
Active,IC50,0.0405,155431418.0,0.0405,7.392544976785332,1,Active
Active,IC50,0.0405,130311636.0,0.0405,7.392544976785332,1,Active
Active,Ki,0.0406,155042810.0,0.0406,7.391473966422806,1,Active
Active,Ki,0.0408,162495251.0,0.0408,7.3893398369101195,1,Active
Active,Ki,0.0409,89656361.0,0.0409,7.388276691992658,1,Active
Active,Ki,0.041,90387291.0,0.041,7.3872161432802645,1,Active
Active,IC50,0.041,177376991.0,0.041,7.3872161432802645,1,Active
Active,IC50,0.041,76071532.0,0.041,7.3872161432802645,1,Active
Active,IC50,0.041,117723310.0,0.041,7.3872161432802645,1,Active
Active,IC50,0.041,76071770.0,0.041,7.3872161432802645,1,Active
Active,IC50,0.041,135120992.0,0.041,7.3872161432802645,1,Active
Active,Ki,0.041,71616297.0,0.041,7.3872161432802645,1,Active
Active,IC50,0.041,142745939.0,0.041,7.3872161432802645,1,Active
Active,IC50,0.041,142746143.0,0.041,7.3872161432802645,1,Active
Active,IC50,0.041,71271629.0,0.041,7.3872161432802645,1,Active
Active,IC50,0.041,118095278.0,0.041,7.3872161432802645,1,Active
Active,IC50,0.041,142745847.0,0.041,7.3872161432802645,1,Active
Active,IC50,0.041,86567429.0,0.041,7.3872161432802645,1,Active
Active,Kd,0.041,177380779.0,0.041,7.3872161432802645,1,Active
Active,IC50,0.041,142745891.0,0.041,7.3872161432802645,1,Active
Active,IC50,0.041,76071533.0,0.041,7.3872161432802645,1,Active
Active,IC50,0.041,135276223.0,0.041,7.3872161432802645,1,Active
Active,IC50,0.041,118691568.0,0.041,7.3872161432802645,1,Active
Active,IC50,0.041,91826360.0,0.041,7.3872161432802645,1,Active
Active,IC50,0.041,139558328.0,0.041,7.3872161432802645,1,Active
Active,IC50,0.041,139558458.0,0.041,7.3872161432802645,1,Active
Active,IC50,0.041,135120989.0,0.041,7.3872161432802645,1,Active
Active,IC50,0.041,142746250.0,0.041,7.3872161432802645,1,Active
Active,IC50,0.0411,168279062.0,0.0411,7.386158178123931,1,Active
Active,IC50,0.0411,169234308.0,0.0411,7.386158178123931,1,Active
Active,Ki,0.0412,90395611.0,0.0412,7.3851027839668655,1,Active
Active,IC50,0.0413,139341735.0,0.0413,7.384049948343598,1,Active
Active,Ki,0.0414,154663168.0,0.0414,7.382999658879101,1,Active
Active,Ki,0.0415,155043360.0,0.0415,7.3819519032879075,1,Active
Active,Ki,0.0415,155559875.0,0.0415,7.3819519032879075,1,Active
Active,Ki,0.0415,155042796.0,0.0415,7.3819519032879075,1,Active
Active,Ki,0.0416,155042784.0,0.0416,7.380906669373257,1,Active
Active,Kd,0.0418,72943187.0,0.0418,7.3788237182249645,1,Active
Active,IC50,0.0418,141488039.0,0.0418,7.3788237182249645,1,Active
Active,IC50,0.0419,139341722.0,0.0419,7.377785977033705,1,Active
Active,IC50,0.042,135276215.0,0.042,7.376750709602099,1,Active
Active,Kd,0.042,129165891.0,0.042,7.376750709602099,1,Active
Active,IC50,0.042,118344751.0,0.042,7.376750709602099,1,Active
Active,IC50,0.042,142406342.0,0.042,7.376750709602099,1,Active
Active,IC50,0.042,91826331.0,0.042,7.376750709602099,1,Active
Active,IC50,0.042,142746129.0,0.042,7.376750709602099,1,Active
Active,IC50,0.042,138374627.0,0.042,7.376750709602099,1,Active
Active,IC50,0.042,73350914.0,0.042,7.376750709602099,1,Active
Active,IC50,0.042,162646302.0,0.042,7.376750709602099,1,Active
Active,IC50,0.042,135276278.0,0.042,7.376750709602099,1,Active
Active,IC50,0.042,139558321.0,0.042,7.376750709602099,1,Active
Active,IC50,0.042,117891975.0,0.042,7.376750709602099,1,Active
Active,IC50,0.042,172447395.0,0.042,7.376750709602099,1,Active
Active,IC50,0.042,122553457.0,0.042,7.376750709602099,1,Active
Active,Ki,0.0425,155042795.0,0.0425,7.371611069949688,1,Active
Active,IC50,0.0425,86567503.0,0.0425,7.371611069949688,1,Active
Active,Ki,0.0426,90395722.0,0.0426,7.370590400897282,1,Active
Active,IC50,0.0427,117689723.0,0.0427,7.369572124974976,1,Active
Active,Ki,0.0428,155043660.0,0.0428,7.368556230986828,1,Active
Active,Ki,0.043,78321451.0,0.043,7.366531544420414,1,Active
Active,Ki,0.043,71812051.0,0.043,7.366531544420414,1,Active
Active,IC50,0.043,142406374.0,0.043,7.366531544420414,1,Active
Active,IC50,0.043,118067795.0,0.043,7.366531544420414,1,Active
Active,IC50,0.043,142746184.0,0.043,7.366531544420414,1,Active
Active,IC50,0.043,139558303.0,0.043,7.366531544420414,1,Active
Active,IC50,0.043,75201817.0,0.043,7.366531544420414,1,Active
Active,IC50,0.043,162717042.0,0.043,7.366531544420414,1,Active
Active,IC50,0.043,142745940.0,0.043,7.366531544420414,1,Active
Active,IC50,0.043,86566907.0,0.043,7.366531544420414,1,Active
Active,IC50,0.043,142406695.0,0.043,7.366531544420414,1,Active
Active,IC50,0.043,122553480.0,0.043,7.366531544420414,1,Active
Active,IC50,0.043,122553428.0,0.043,7.366531544420414,1,Active
Active,IC50,0.043,146524962.0,0.043,7.366531544420414,1,Active
Active,IC50,0.043,86292583.0,0.043,7.366531544420414,1,Active
Active,IC50,0.043,130252505.0,0.043,7.366531544420414,1,Active
Active,IC50,0.0437,155524426.0,0.0437,7.359518563029578,1,Active
Active,Ki,0.0437,155042809.0,0.0437,7.359518563029578,1,Active
Active,IC50,0.044,117891939.0,0.044,7.356547323513812,1,Active
Active,IC50,0.044,86280825.0,0.044,7.356547323513812,1,Active
Active,IC50,0.044,75201939.0,0.044,7.356547323513812,1,Active
Active,Kd,0.044,137347776.0,0.044,7.356547323513812,1,Active
Active,IC50,0.044,157909828.0,0.044,7.356547323513812,1,Active
Active,IC50,0.044,155517232.0,0.044,7.356547323513812,1,Active
Active,IC50,0.044,177376981.0,0.044,7.356547323513812,1,Active
Active,Kd,0.044,177380778.0,0.044,7.356547323513812,1,Active
Active,IC50,0.044,162652058.0,0.044,7.356547323513812,1,Active
Active,IC50,0.044,135276088.0,0.044,7.356547323513812,1,Active
Active,IC50,0.044,142406551.0,0.044,7.356547323513812,1,Active
Active,Ki,0.044,155043076.0,0.044,7.356547323513812,1,Active
Active,Kd,0.044,171355741.0,0.044,7.356547323513812,1,Active
Active,Kd,0.044,171356299.0,0.044,7.356547323513812,1,Active
Active,IC50,0.044,71003542.0,0.044,7.356547323513812,1,Active
Active,IC50,0.044,135276282.0,0.044,7.356547323513812,1,Active
Active,IC50,0.044,146342098.0,0.044,7.356547323513812,1,Active
Active,IC50,0.044,135276211.0,0.044,7.356547323513812,1,Active
Active,IC50,0.044,142745868.0,0.044,7.356547323513812,1,Active
Active,IC50,0.044,177376983.0,0.044,7.356547323513812,1,Active
Active,IC50,0.044,142745976.0,0.044,7.356547323513812,1,Active
Active,Kd,0.044,117625006.0,0.044,7.356547323513812,1,Active
Active,IC50,0.044,86292388.0,0.044,7.356547323513812,1,Active
Active,IC50,0.044,126544231.0,0.044,7.356547323513812,1,Active
Active,IC50,0.044,126693090.0,0.044,7.356547323513812,1,Active
Active,IC50,0.0441,155431212.0,0.0441,7.355561410532161,1,Active
Active,Ki,0.0443,90395630.0,0.0443,7.3535962737769305,1,Active
Active,Ki,0.0444,118116726.0,0.0444,7.35261702988538,1,Active
Active,IC50,0.0445,154689066.0,0.0445,7.351639989019068,1,Active
Active,Ki,0.0445,162495279.0,0.0445,7.351639989019068,1,Active
Active,IC50,0.045,117891971.0,0.045,7.346787486224656,1,Active
Active,IC50,0.045,86567366.0,0.045,7.346787486224656,1,Active
Active,IC50,0.045,86567306.0,0.045,7.346787486224656,1,Active
Active,IC50,0.045,117892007.0,0.045,7.346787486224656,1,Active
Active,IC50,0.045,139558249.0,0.045,7.346787486224656,1,Active
Active,IC50,0.045,76070626.0,0.045,7.346787486224656,1,Active
Active,IC50,0.045,142406369.0,0.045,7.346787486224656,1,Active
Active,Ki,0.045,71812066.0,0.045,7.346787486224656,1,Active
Active,IC50,0.045,91826387.0,0.045,7.346787486224656,1,Active
Active,IC50,0.045,122553476.0,0.045,7.346787486224656,1,Active
Active,IC50,0.045,137628634.0,0.045,7.346787486224656,1,Active
Active,IC50,0.045,139558334.0,0.045,7.346787486224656,1,Active
Active,IC50,0.045,172461967.0,0.045,7.346787486224656,1,Active
Active,IC50,0.045,177376977.0,0.045,7.346787486224656,1,Active
Active,Ki,0.045,155043654.0,0.045,7.346787486224656,1,Active
Active,IC50,0.045,122553484.0,0.045,7.346787486224656,1,Active
Active,Ki,0.0451,155043533.0,0.0451,7.345823458122039,1,Active
Active,Ki,0.0454,162495313.0,0.0454,7.342944147142896,1,Active
Active,IC50,0.04541,168282258.0,0.04541,7.342848498099033,1,Active
Active,Ki,0.0456,124222788.0,0.0456,7.341035157335565,1,Active
Active,IC50,0.046,155539471.0,0.046,7.337242168318426,1,Active
Active,IC50,0.046,135276065.0,0.046,7.337242168318426,1,Active
Active,IC50,0.046,71466420.0,0.046,7.337242168318426,1,Active
Active,IC50,0.046,91826358.0,0.046,7.337242168318426,1,Active
Active,IC50,0.046,91826375.0,0.046,7.337242168318426,1,Active
Active,IC50,0.046,139558309.0,0.046,7.337242168318426,1,Active
Active,Ki,0.046,122187524.0,0.046,7.337242168318426,1,Active
Active,IC50,0.046,121427829.0,0.046,7.337242168318426,1,Active
Active,IC50,0.046,142746242.0,0.046,7.337242168318426,1,Active
Active,IC50,0.046,155535054.0,0.046,7.337242168318426,1,Active
Active,IC50,0.046,142746036.0,0.046,7.337242168318426,1,Active
Active,IC50,0.046,86567240.0,0.046,7.337242168318426,1,Active
Active,IC50,0.046,122553450.0,0.046,7.337242168318426,1,Active
Active,IC50,0.0462,117689344.0,0.0462,7.335358024443875,1,Active
Active,IC50,0.0464,142296567.0,0.0464,7.333482019445119,1,Active
Active,Ki,0.0467,155042831.0,0.0467,7.330683119433888,1,Active
Active,Ki,0.0468,118116414.0,0.0468,7.329754146925876,1,Active
Active,IC50,0.047,142406554.0,0.047,7.327902142064282,1,Active
Active,IC50,0.047,122553400.0,0.047,7.327902142064282,1,Active
Active,IC50,0.047,135276280.0,0.047,7.327902142064282,1,Active
Active,IC50,0.047,86567569.0,0.047,7.327902142064282,1,Active
Active,IC50,0.047,122553489.0,0.047,7.327902142064282,1,Active
Active,IC50,0.047,153388368.0,0.047,7.327902142064282,1,Active
Active,IC50,0.047,142745974.0,0.047,7.327902142064282,1,Active
Active,IC50,0.047,155457640.0,0.047,7.327902142064282,1,Active
Active,IC50,0.047,142745968.0,0.047,7.327902142064282,1,Active
Active,IC50,0.047,86292581.0,0.047,7.327902142064282,1,Active
Active,IC50,0.047,86293538.0,0.047,7.327902142064282,1,Active
Active,IC50,0.047,117891954.0,0.047,7.327902142064282,1,Active
Active,IC50,0.047,155532175.0,0.047,7.327902142064282,1,Active
Active,IC50,0.0471,11973737.0,0.0471,7.326979092871104,1,Active
Active,Ki,0.0473,155517521.0,0.0473,7.325138859262188,1,Active
Active,Ki,0.0474,89657222.0,0.0474,7.324221658325915,1,Active
Active,IC50,0.0476,137490856.0,0.0476,7.3223930472795065,1,Active
Active,Ki,0.0477,118116649.0,0.0477,7.3214816209598865,1,Active
Active,Ki,0.0478,86581834.0,0.0478,7.320572103387881,1,Active
Active,IC50,0.0478,162648080.0,0.0478,7.320572103387881,1,Active
Active,Ki,0.0478,78322398.0,0.0478,7.320572103387881,1,Active
Active,Ki,0.0478,118116379.0,0.0478,7.320572103387881,1,Active
Active,IC50,0.048,155461096.0,0.048,7.318758762624412,1,Active
Active,IC50,0.048,117720811.0,0.048,7.318758762624412,1,Active
Active,IC50,0.048,155546815.0,0.048,7.318758762624412,1,Active
Active,IC50,0.048,57344509.0,0.048,7.318758762624412,1,Active
Active,IC50,0.048,139341539.0,0.048,7.318758762624412,1,Active
Active,IC50,0.048,126685897.0,0.048,7.318758762624412,1,Active
Active,IC50,0.048,135276284.0,0.048,7.318758762624412,1,Active
Active,Ki,0.0481,155043401.0,0.0481,7.317854923626168,1,Active
Active,IC50,0.0483,171351550.0,0.0483,7.316052869248487,1,Active
Active,Ki,0.0483,155042806.0,0.0483,7.316052869248487,1,Active
Active,IC50,0.0484,139341571.0,0.0484,7.315154638355588,1,Active
Active,IC50,0.049,152283810.0,0.049,7.309803919971486,1,Active
Active,IC50,0.049,172868984.0,0.049,7.309803919971486,1,Active
Active,IC50,0.049,118022125.0,0.049,7.309803919971486,1,Active
Active,IC50,0.049,76071771.0,0.049,7.309803919971486,1,Active
Active,IC50,0.049,117891976.0,0.049,7.309803919971486,1,Active
Active,IC50,0.049,86282039.0,0.049,7.309803919971486,1,Active
Active,IC50,0.049,142406343.0,0.049,7.309803919971486,1,Active
Active,IC50,0.049,122588576.0,0.049,7.309803919971486,1,Active
Active,IC50,0.049,142745881.0,0.049,7.309803919971486,1,Active
Active,IC50,0.049,91826355.0,0.049,7.309803919971486,1,Active
Active,IC50,0.049,142746086.0,0.049,7.309803919971486,1,Active
Active,IC50,0.049,118067808.0,0.049,7.309803919971486,1,Active
Active,IC50,0.049,76902201.0,0.049,7.309803919971486,1,Active
Active,IC50,0.049,142746150.0,0.049,7.309803919971486,1,Active
Active,IC50,0.049,142746124.0,0.049,7.309803919971486,1,Active
Active,IC50,0.049,139570833.0,0.049,7.309803919971486,1,Active
Active,IC50,0.049,135276348.0,0.049,7.309803919971486,1,Active
Active,IC50,0.049,117891955.0,0.049,7.309803919971486,1,Active
Active,IC50,0.049,118067820.0,0.049,7.309803919971486,1,Active
Active,IC50,0.049,117891930.0,0.049,7.309803919971486,1,Active
Active,IC50,0.0492,139341749.0,0.0492,7.308034897232639,1,Active
Active,IC50,0.0495,145829182.0,0.0495,7.305394801066432,1,Active
Active,Ki,0.0497,87054896.0,0.0497,7.303643611266668,1,Active
Active,IC50,0.05,90383700.0,0.05,7.301029995663981,1,Active
Active,IC50,0.05,86293353.0,0.05,7.301029995663981,1,Active
Active,IC50,0.05,118644476.0,0.05,7.301029995663981,1,Active
Active,IC50,0.05,118644599.0,0.05,7.301029995663981,1,Active
Active,IC50,0.05,118644709.0,0.05,7.301029995663981,1,Active
Active,IC50,0.05,90375325.0,0.05,7.301029995663981,1,Active
Active,IC50,0.05,90375163.0,0.05,7.301029995663981,1,Active
Active,IC50,0.05,118644603.0,0.05,7.301029995663981,1,Active
Active,IC50,0.05,73775442.0,0.05,7.301029995663981,1,Active
Active,IC50,0.05,90383691.0,0.05,7.301029995663981,1,Active
Active,IC50,0.05,118644598.0,0.05,7.301029995663981,1,Active
Active,IC50,0.05,90383692.0,0.05,7.301029995663981,1,Active
Active,IC50,0.05,90375265.0,0.05,7.301029995663981,1,Active
Active,IC50,0.05,90375058.0,0.05,7.301029995663981,1,Active
Active,IC50,0.05,90376268.0,0.05,7.301029995663981,1,Active
Active,IC50,0.05,118644626.0,0.05,7.301029995663981,1,Active
Active,IC50,0.05,118644596.0,0.05,7.301029995663981,1,Active
Active,IC50,0.05,90375306.0,0.05,7.301029995663981,1,Active
Active,IC50,0.05,90667452.0,0.05,7.301029995663981,1,Active
Active,IC50,0.05,118271093.0,0.05,7.301029995663981,1,Active
Active,IC50,0.05,73775569.0,0.05,7.301029995663981,1,Active
Active,IC50,0.05,73775566.0,0.05,7.301029995663981,1,Active
Active,IC50,0.05,66828107.0,0.05,7.301029995663981,1,Active
Active,IC50,0.05,90376776.0,0.05,7.301029995663981,1,Active
Active,IC50,0.05,170735514.0,0.05,7.301029995663981,1,Active
Active,Kd,0.05,153617032.0,0.05,7.301029995663981,1,Active
Active,IC50,0.05,142746121.0,0.05,7.301029995663981,1,Active
Active,Kd,0.05,52934358.0,0.05,7.301029995663981,1,Active
Active,IC50,0.05,137649726.0,0.05,7.301029995663981,1,Active
Active,IC50,0.05,90375242.0,0.05,7.301029995663981,1,Active
Active,IC50,0.05,90375297.0,0.05,7.301029995663981,1,Active
Active,IC50,0.05,137643908.0,0.05,7.301029995663981,1,Active
Active,IC50,0.05,135276208.0,0.05,7.301029995663981,1,Active
Active,IC50,0.05,155550451.0,0.05,7.301029995663981,1,Active
Active,IC50,0.05,155553336.0,0.05,7.301029995663981,1,Active
Active,Kd,0.05,118121364.0,0.05,7.301029995663981,1,Active
Active,IC50,0.05,118644508.0,0.05,7.301029995663981,1,Active
Active,IC50,0.05,90383584.0,0.05,7.301029995663981,1,Active
Active,IC50,0.05,90375333.0,0.05,7.301029995663981,1,Active
Active,IC50,0.05,90383665.0,0.05,7.301029995663981,1,Active
Active,IC50,0.05,155512300.0,0.05,7.301029995663981,1,Active
Active,IC50,0.05,78426857.0,0.05,7.301029995663981,1,Active
Active,IC50,0.05,118644606.0,0.05,7.301029995663981,1,Active
Active,IC50,0.05,118644706.0,0.05,7.301029995663981,1,Active
Active,IC50,0.05,90383694.0,0.05,7.301029995663981,1,Active
Active,IC50,0.05,126686303.0,0.05,7.301029995663981,1,Active
Active,IC50,0.05,171481798.0,0.05,7.301029995663981,1,Active
Active,Kd,0.05,5325760.0,0.05,7.301029995663981,1,Active
Active,IC50,0.05,176023831.0,0.05,7.301029995663981,1,Active
Active,IC50,0.05,139558301.0,0.05,7.301029995663981,1,Active
Active,IC50,0.05,170735730.0,0.05,7.301029995663981,1,Active
Active,IC50,0.05,170735560.0,0.05,7.301029995663981,1,Active
Active,IC50,0.05,170735532.0,0.05,7.301029995663981,1,Active
Active,IC50,0.05,170735509.0,0.05,7.301029995663981,1,Active
Active,IC50,0.05,170735693.0,0.05,7.301029995663981,1,Active
Active,IC50,0.05,170735410.0,0.05,7.301029995663981,1,Active
Active,IC50,0.05,172467309.0,0.05,7.301029995663981,1,Active
Active,IC50,0.05,159746472.0,0.05,7.301029995663981,1,Active
Active,IC50,0.05,78426586.0,0.05,7.301029995663981,1,Active
Active,IC50,0.05,90383689.0,0.05,7.301029995663981,1,Active
Active,IC50,0.05,90375248.0,0.05,7.301029995663981,1,Active
Active,IC50,0.05,170735402.0,0.05,7.301029995663981,1,Active
Active,IC50,0.05,170735470.0,0.05,7.301029995663981,1,Active
Active,IC50,0.05,146342025.0,0.05,7.301029995663981,1,Active
Active,IC50,0.05,118644566.0,0.05,7.301029995663981,1,Active
Active,IC50,0.05,78427003.0,0.05,7.301029995663981,1,Active
Active,IC50,0.05,90375084.0,0.05,7.301029995663981,1,Active
Active,IC50,0.05,142746004.0,0.05,7.301029995663981,1,Active
Active,IC50,0.05,170735577.0,0.05,7.301029995663981,1,Active
Active,IC50,0.05,170735711.0,0.05,7.301029995663981,1,Active
Active,IC50,0.05,170735559.0,0.05,7.301029995663981,1,Active
Active,IC50,0.05,78427004.0,0.05,7.301029995663981,1,Active
Active,IC50,0.05,170735581.0,0.05,7.301029995663981,1,Active
Active,IC50,0.05,155515173.0,0.05,7.301029995663981,1,Active
Active,IC50,0.05,174178406.0,0.05,7.301029995663981,1,Active
Active,IC50,0.05,118644595.0,0.05,7.301029995663981,1,Active
Active,IC50,0.05,117892002.0,0.05,7.301029995663981,1,Active
Active,IC50,0.05,118021720.0,0.05,7.301029995663981,1,Active
Active,Kd,0.05,175874117.0,0.05,7.301029995663981,1,Active
Active,IC50,0.05,73775295.0,0.05,7.301029995663981,1,Active
Active,Kd,0.05,175874104.0,0.05,7.301029995663981,1,Active
Active,Kd,0.05,175874057.0,0.05,7.301029995663981,1,Active
Active,IC50,0.05,117892026.0,0.05,7.301029995663981,1,Active
Active,IC50,0.0501,154689023.0,0.0501,7.300162274132754,1,Active
Active,Ki,0.0501,146011714.0,0.0501,7.300162274132754,1,Active
Active,IC50,0.05012,91668539.0,0.05012,7.299988937677888,1,Active
Active,Ki,0.05012,155513275.0,0.05012,7.299988937677888,1,Active
Active,IC50,0.05012,164613362.0,0.05012,7.299988937677888,1,Active
Active,IC50,0.05012,164619719.0,0.05012,7.299988937677888,1,Active
Active,IC50,0.05012,145967422.0,0.05012,7.299988937677888,1,Active
Active,IC50,0.05012,145978782.0,0.05012,7.299988937677888,1,Active
Active,IC50,0.05012,162654548.0,0.05012,7.299988937677888,1,Active
Active,IC50,0.05012,162674525.0,0.05012,7.299988937677888,1,Active
Active,IC50,0.05012,137321203.0,0.05012,7.299988937677888,1,Active
Active,IC50,0.05012,135323876.0,0.05012,7.299988937677888,1,Active
Active,IC50,0.05012,155565265.0,0.05012,7.299988937677888,1,Active
Active,IC50,0.05012,164627040.0,0.05012,7.299988937677888,1,Active
Active,IC50,0.05012,162643583.0,0.05012,7.299988937677888,1,Active
Active,IC50,0.05012,138678276.0,0.05012,7.299988937677888,1,Active
Active,IC50,0.05012,164609985.0,0.05012,7.299988937677888,1,Active
Active,IC50,0.05012,155553647.0,0.05012,7.299988937677888,1,Active
Active,IC50,0.05012,132185919.0,0.05012,7.299988937677888,1,Active
Active,IC50,0.05012,164612676.0,0.05012,7.299988937677888,1,Active
Active,IC50,0.05012,148185809.0,0.05012,7.299988937677888,1,Active
Active,IC50,0.05012,138557111.0,0.05012,7.299988937677888,1,Active
Active,IC50,0.05012,138533989.0,0.05012,7.299988937677888,1,Active
Active,IC50,0.05012,90368259.0,0.05012,7.299988937677888,1,Active
Active,Ki,0.0503,148648403.0,0.0503,7.298432014944073,1,Active
Active,IC50,0.0503,139341498.0,0.0503,7.298432014944073,1,Active
Active,Ki,0.0505,155042834.0,0.0505,7.296708621881338,1,Active
Active,IC50,0.0507,117689658.0,0.0507,7.2949920406666635,1,Active
Active,Ki,0.0507,118116344.0,0.0507,7.2949920406666635,1,Active
Active,IC50,0.0509,155431374.0,0.0509,7.293282217663242,1,Active
Active,IC50,0.051,135276307.0,0.051,7.292429823902063,1,Active
Active,Ki,0.051,155042816.0,0.051,7.292429823902063,1,Active
Active,Kd,0.051,129182143.0,0.051,7.292429823902063,1,Active
Active,IC50,0.051,118067798.0,0.051,7.292429823902063,1,Active
Active,IC50,0.051,135276333.0,0.051,7.292429823902063,1,Active
Active,IC50,0.051,118067807.0,0.051,7.292429823902063,1,Active
Active,IC50,0.051,86281905.0,0.051,7.292429823902063,1,Active
Active,IC50,0.051,142746085.0,0.051,7.292429823902063,1,Active
Active,IC50,0.051,142746023.0,0.051,7.292429823902063,1,Active
Active,IC50,0.051,135276306.0,0.051,7.292429823902063,1,Active
Active,IC50,0.051,157700468.0,0.051,7.292429823902063,1,Active
Active,IC50,0.051,75201754.0,0.051,7.292429823902063,1,Active
Active,IC50,0.051,135276115.0,0.051,7.292429823902063,1,Active
Active,IC50,0.051,142745948.0,0.051,7.292429823902063,1,Active
Active,IC50,0.051,137796665.0,0.051,7.292429823902063,1,Active
Active,IC50,0.0514,130311600.0,0.0514,7.289036881004725,1,Active
Active,IC50,0.0517,139341579.0,0.0517,7.286509456906058,1,Active
Active,IC50,0.052,126686294.0,0.052,7.2839966563652006,1,Active
Active,IC50,0.052,142406388.0,0.052,7.2839966563652006,1,Active
Active,IC50,0.052,171354732.0,0.052,7.2839966563652006,1,Active
Active,IC50,0.052,133053976.0,0.052,7.2839966563652006,1,Active
Active,IC50,0.052,172467055.0,0.052,7.2839966563652006,1,Active
Active,IC50,0.052,146525134.0,0.052,7.2839966563652006,1,Active
Active,IC50,0.052,86281772.0,0.052,7.2839966563652006,1,Active
Active,IC50,0.052,135276283.0,0.052,7.2839966563652006,1,Active
Active,IC50,0.052,122553420.0,0.052,7.2839966563652006,1,Active
Active,IC50,0.052,142745893.0,0.052,7.2839966563652006,1,Active
Active,IC50,0.052,139341563.0,0.052,7.2839966563652006,1,Active
Active,IC50,0.052,118095266.0,0.052,7.2839966563652006,1,Active
Active,IC50,0.052,86567502.0,0.052,7.2839966563652006,1,Active
Active,IC50,0.052,57389113.0,0.052,7.2839966563652006,1,Active
Active,IC50,0.052,142746069.0,0.052,7.2839966563652006,1,Active
Active,IC50,0.052,91826367.0,0.052,7.2839966563652006,1,Active
Active,IC50,0.0522,172447097.0,0.0522,7.282329496997738,1,Active
Active,Ki,0.0523,90395718.0,0.0523,7.281498311132726,1,Active
Active,IC50,0.0524,169234324.0,0.0524,7.280668713016273,1,Active
Active,Ki,0.0525,155043540.0,0.0525,7.279840696594043,1,Active
Active,Ki,0.0527,155042764.0,0.0527,7.278189384787454,1,Active
Active,IC50,0.0528,86281872.0,0.0528,7.277366077466188,1,Active
Active,IC50,0.0528,155431210.0,0.0528,7.277366077466188,1,Active
Active,IC50,0.053,172458597.0,0.053,7.275724130399211,1,Active
Active,IC50,0.053,86281904.0,0.053,7.275724130399211,1,Active
Active,IC50,0.053,156775107.0,0.053,7.275724130399211,1,Active
Active,IC50,0.053,126686292.0,0.053,7.275724130399211,1,Active
Active,IC50,0.053,86292387.0,0.053,7.275724130399211,1,Active
Active,Kd,0.053,171343282.0,0.053,7.275724130399211,1,Active
Active,IC50,0.053,172868982.0,0.053,7.275724130399211,1,Active
Active,Ki,0.0531,71617337.0,0.0531,7.274905478918531,1,Active
Active,Ki,0.0532,89656319.0,0.0532,7.274088367704952,1,Active
Active,IC50,0.0534,123131634.0,0.0534,7.272458742971444,1,Active
Active,Ki,0.0536,155043545.0,0.0536,7.27083521030723,1,Active
Active,IC50,0.0537,117689303.0,0.0537,7.270025714300444,1,Active
Active,IC50,0.0538,155528992.0,0.0538,7.269217724333611,1,Active
Active,Ki,0.0539,89656330.0,0.0539,7.268411234813261,1,Active
Active,IC50,0.054,118095225.0,0.054,7.267606240177032,1,Active
Active,IC50,0.054,117891967.0,0.054,7.267606240177032,1,Active
Active,Kd,0.054,166627875.0,0.054,7.267606240177032,1,Active
Active,IC50,0.054,153465911.0,0.054,7.267606240177032,1,Active
Active,IC50,0.054,135276053.0,0.054,7.267606240177032,1,Active
Active,IC50,0.054,118067806.0,0.054,7.267606240177032,1,Active
Active,Ki,0.054,86295201.0,0.054,7.267606240177032,1,Active
Active,IC50,0.054,86281627.0,0.054,7.267606240177032,1,Active
Active,IC50,0.054,122553426.0,0.054,7.267606240177032,1,Active
Active,IC50,0.054,148928582.0,0.054,7.267606240177032,1,Active
Active,IC50,0.054,129046592.0,0.054,7.267606240177032,1,Active
Active,IC50,0.054,135276135.0,0.054,7.267606240177032,1,Active
Active,IC50,0.054,117721105.0,0.054,7.267606240177032,1,Active
Active,Kd,0.054,117602178.0,0.054,7.267606240177032,1,Active
Active,Kd,0.054,137347775.0,0.054,7.267606240177032,1,Active
Active,IC50,0.054,122172638.0,0.054,7.267606240177032,1,Active
Active,IC50,0.054,155516112.0,0.054,7.267606240177032,1,Active
Active,IC50,0.054,86281376.0,0.054,7.267606240177032,1,Active
Active,IC50,0.054,142746110.0,0.054,7.267606240177032,1,Active
Active,Ki,0.0541,118116767.0,0.0541,7.266802734893431,1,Active
Active,IC50,0.0542,59569005.0,0.0542,7.266000713461613,1,Active
Active,Ki,0.0542,118116318.0,0.0542,7.266000713461613,1,Active
Active,IC50,0.05431,168280343.0,0.05431,7.265120197207373,1,Active
Active,Ki,0.0544,147133615.0,0.0544,7.26440110030182,1,Active
Active,Ki,0.0545,86581684.0,0.0545,7.2636034977233574,1,Active
Active,IC50,0.0546,142296521.0,0.0546,7.262807357295262,1,Active
Active,Ki,0.0546,71617694.0,0.0546,7.262807357295262,1,Active
Active,IC50,0.0548,155536305.0,0.0548,7.261219441515631,1,Active
Active,IC50,0.0549,59569000.0,0.0549,7.260427655549908,1,Active
Active,Kd,0.055,155247608.0,0.055,7.259637310505756,1,Active
Active,IC50,0.055,86566837.0,0.055,7.259637310505756,1,Active
Active,Kd,0.055,117602614.0,0.055,7.259637310505756,1,Active
Active,IC50,0.055,154593685.0,0.055,7.259637310505756,1,Active
Active,IC50,0.055,154593727.0,0.055,7.259637310505756,1,Active
Active,IC50,0.055,142746112.0,0.055,7.259637310505756,1,Active
Active,IC50,0.055,138479447.0,0.055,7.259637310505756,1,Active
Active,IC50,0.055,172470715.0,0.055,7.259637310505756,1,Active
Active,Kd,0.055,155234508.0,0.055,7.259637310505756,1,Active
Active,Kd,0.055,155234370.0,0.055,7.259637310505756,1,Active
Active,Kd,0.055,155234265.0,0.055,7.259637310505756,1,Active
Active,IC50,0.055,86292582.0,0.055,7.259637310505756,1,Active
Active,IC50,0.055,91826386.0,0.055,7.259637310505756,1,Active
Active,IC50,0.055,117891968.0,0.055,7.259637310505756,1,Active
Active,IC50,0.055,118067800.0,0.055,7.259637310505756,1,Active
Active,IC50,0.055,172455985.0,0.055,7.259637310505756,1,Active
Active,Kd,0.055,155234476.0,0.055,7.259637310505756,1,Active
Active,Kd,0.055,155234140.0,0.055,7.259637310505756,1,Active
Active,IC50,0.055,118067799.0,0.055,7.259637310505756,1,Active
Active,Kd,0.055,155234453.0,0.055,7.259637310505756,1,Active
Active,IC50,0.055,146342054.0,0.055,7.259637310505756,1,Active
Active,Kd,0.055,155234354.0,0.055,7.259637310505756,1,Active
Active,Kd,0.055,155234233.0,0.055,7.259637310505756,1,Active
Active,Kd,0.055,155234229.0,0.055,7.259637310505756,1,Active
Active,IC50,0.055,142406252.0,0.055,7.259637310505756,1,Active
Active,IC50,0.055,138479305.0,0.055,7.259637310505756,1,Active
Active,Kd,0.055,155234412.0,0.055,7.259637310505756,1,Active
Active,Kd,0.055,155234591.0,0.055,7.259637310505756,1,Active
Active,Kd,0.055,155714537.0,0.055,7.259637310505756,1,Active
Active,Kd,0.055,155234581.0,0.055,7.259637310505756,1,Active
Active,Kd,0.055,155234399.0,0.055,7.259637310505756,1,Active
Active,Kd,0.055,155234582.0,0.055,7.259637310505756,1,Active
Active,Kd,0.055,155233905.0,0.055,7.259637310505756,1,Active
Active,Kd,0.055,155234512.0,0.055,7.259637310505756,1,Active
Active,IC50,0.055,142745894.0,0.055,7.259637310505756,1,Active
Active,IC50,0.055,163322387.0,0.055,7.259637310505756,1,Active
Active,Ki,0.0551,155043762.0,0.0551,7.258848401148215,1,Active
Active,IC50,0.0553,155431638.0,0.0553,7.257274868695301,1,Active
Active,IC50,0.0553,122553423.0,0.0553,7.257274868695301,1,Active
Active,IC50,0.0555,154689056.0,0.0555,7.255707016877324,1,Active
Active,IC50,0.0557,177382066.0,0.0557,7.2541448048262716,1,Active
Active,Ki,0.0559,155043661.0,0.0559,7.252588192113577,1,Active
Active,Ki,0.0559,155043398.0,0.0559,7.252588192113577,1,Active
Active,IC50,0.056,146342051.0,0.056,7.251811972993799,1,Active
Active,IC50,0.056,122553481.0,0.056,7.251811972993799,1,Active
Active,IC50,0.056,135276131.0,0.056,7.251811972993799,1,Active
Active,IC50,0.056,135276336.0,0.056,7.251811972993799,1,Active
Active,Kd,0.056,129165980.0,0.056,7.251811972993799,1,Active
Active,Kd,0.056,129166181.0,0.056,7.251811972993799,1,Active
Active,IC50,0.056,142746087.0,0.056,7.251811972993799,1,Active
Active,Kd,0.056,129165923.0,0.056,7.251811972993799,1,Active
Active,IC50,0.056,86567303.0,0.056,7.251811972993799,1,Active
Active,Kd,0.056,129165794.0,0.056,7.251811972993799,1,Active
Active,IC50,0.056,86343924.0,0.056,7.251811972993799,1,Active
Active,IC50,0.056,162664712.0,0.056,7.251811972993799,1,Active
Active,IC50,0.056,146525008.0,0.056,7.251811972993799,1,Active
Active,IC50,0.056,162651921.0,0.056,7.251811972993799,1,Active
Active,IC50,0.056,135276008.0,0.056,7.251811972993799,1,Active
Active,IC50,0.056,135276024.0,0.056,7.251811972993799,1,Active
Active,IC50,0.056,90320874.0,0.056,7.251811972993799,1,Active
Active,IC50,0.056,135276130.0,0.056,7.251811972993799,1,Active
Active,IC50,0.056,135120993.0,0.056,7.251811972993799,1,Active
Active,IC50,0.056,142746043.0,0.056,7.251811972993799,1,Active
Active,IC50,0.056,86344463.0,0.056,7.251811972993799,1,Active
Active,IC50,0.056,162664759.0,0.056,7.251811972993799,1,Active
Active,IC50,0.056,86566836.0,0.056,7.251811972993799,1,Active
Active,Ki,0.0561,118116608.0,0.0561,7.251037138743839,1,Active
Active,Ki,0.0561,71617335.0,0.0561,7.251037138743839,1,Active
Active,Ki,0.0562,155043361.0,0.0562,7.250263684430939,1,Active
Active,Ki,0.0563,154663166.0,0.0563,7.249491605148654,1,Active
Active,Ki,0.0563,118116916.0,0.0563,7.249491605148654,1,Active
Active,Ki,0.0564,155043771.0,0.0564,7.248720896016658,1,Active
Active,Ki,0.0566,155043033.0,0.0566,7.247183568811728,1,Active
Active,IC50,0.0567,172456858.0,0.0567,7.246416941107094,1,Active
Active,Ki,0.0567,118116965.0,0.0567,7.246416941107094,1,Active
Active,IC50,0.057,146341988.0,0.057,7.2441251443275085,1,Active
Active,IC50,0.057,142746232.0,0.057,7.2441251443275085,1,Active
Active,IC50,0.057,129166183.0,0.057,7.2441251443275085,1,Active
Active,Ki,0.057,145965062.0,0.057,7.2441251443275085,1,Active
Active,IC50,0.057,155548254.0,0.057,7.2441251443275085,1,Active
Active,IC50,0.057,142406456.0,0.057,7.2441251443275085,1,Active
Active,IC50,0.057,172460875.0,0.057,7.2441251443275085,1,Active
Active,IC50,0.057,135276243.0,0.057,7.2441251443275085,1,Active
Active,IC50,0.057,146524990.0,0.057,7.2441251443275085,1,Active
Active,IC50,0.057,172130893.0,0.057,7.2441251443275085,1,Active
Active,IC50,0.057,118691551.0,0.057,7.2441251443275085,1,Active
Active,IC50,0.057,142406270.0,0.057,7.2441251443275085,1,Active
Active,Ki,0.0573,155043579.0,0.0573,7.24184537803261,1,Active
Active,Ki,0.0575,117775414.0,0.0575,7.2403321553103694,1,Active
Active,Ki,0.0579,118116778.0,0.0579,7.2373214362725635,1,Active
Active,IC50,0.058,142746095.0,0.058,7.236572006437063,1,Active
Active,IC50,0.058,135276408.0,0.058,7.236572006437063,1,Active
Active,IC50,0.058,91826366.0,0.058,7.236572006437063,1,Active
Active,IC50,0.058,139341562.0,0.058,7.236572006437063,1,Active
Active,IC50,0.058,86282863.0,0.058,7.236572006437063,1,Active
Active,IC50,0.058,117875351.0,0.058,7.236572006437063,1,Active
Active,IC50,0.058,118067809.0,0.058,7.236572006437063,1,Active
Active,IC50,0.058,135276255.0,0.058,7.236572006437063,1,Active
Active,Ki,0.058,71812089.0,0.058,7.236572006437063,1,Active
Active,IC50,0.058,121334648.0,0.058,7.236572006437063,1,Active
Active,IC50,0.058,142406534.0,0.058,7.236572006437063,1,Active
Active,IC50,0.058,118889504.0,0.058,7.236572006437063,1,Active
Active,Ki,0.058,72549905.0,0.058,7.236572006437063,1,Active
Active,IC50,0.058,86567054.0,0.058,7.236572006437063,1,Active
Active,IC50,0.058,142406688.0,0.058,7.236572006437063,1,Active
Active,IC50,0.058,164627004.0,0.058,7.236572006437063,1,Active
Active,IC50,0.0581,162666510.0,0.0581,7.235823867609669,1,Active
Active,Ki,0.0582,90395738.0,0.0582,7.235077015350112,1,Active
Active,IC50,0.0587,71717163.0,0.0587,7.231361898752386,1,Active
Active,IC50,0.059,176023838.0,0.059,7.229147988357855,1,Active
Active,IC50,0.059,91826361.0,0.059,7.229147988357855,1,Active
Active,IC50,0.059,135276438.0,0.059,7.229147988357855,1,Active
Active,IC50,0.059,67951300.0,0.059,7.229147988357855,1,Active
Active,IC50,0.059,145976646.0,0.059,7.229147988357855,1,Active
Active,IC50,0.059,86566780.0,0.059,7.229147988357855,1,Active
Active,Kd,0.059,129165968.0,0.059,7.229147988357855,1,Active
Active,IC50,0.059,122553463.0,0.059,7.229147988357855,1,Active
Active,IC50,0.059,86293161.0,0.059,7.229147988357855,1,Active
Active,Ki,0.0591,155042853.0,0.0591,7.228412519118745,1,Active
Active,Ki,0.0594,136236448.0,0.0594,7.2262135550188065,1,Active
Active,Ki,0.06,11511524.0,0.06,7.221848749616356,1,Active
Active,IC50,0.06,117892017.0,0.06,7.221848749616356,1,Active
Active,IC50,0.06,122553386.0,0.06,7.221848749616356,1,Active
Active,IC50,0.06,142406472.0,0.06,7.221848749616356,1,Active
Active,IC50,0.06,118732076.0,0.06,7.221848749616356,1,Active
Active,IC50,0.06,172443279.0,0.06,7.221848749616356,1,Active
Active,Kd,0.06,129165758.0,0.06,7.221848749616356,1,Active
Active,Kd,0.06,153617024.0,0.06,7.221848749616356,1,Active
Active,IC50,0.06,142406586.0,0.06,7.221848749616356,1,Active
Active,IC50,0.06,137646256.0,0.06,7.221848749616356,1,Active
Active,IC50,0.06,91809476.0,0.06,7.221848749616356,1,Active
Active,Ki,0.06,155043384.0,0.06,7.221848749616356,1,Active
Active,IC50,0.06,142746174.0,0.06,7.221848749616356,1,Active
Active,IC50,0.06,118079235.0,0.06,7.221848749616356,1,Active
Active,IC50,0.06,86281241.0,0.06,7.221848749616356,1,Active
Active,Ki,0.06,89657536.0,0.06,7.221848749616356,1,Active
Active,IC50,0.06,135276073.0,0.06,7.221848749616356,1,Active
Active,Kd,0.0601,177380897.0,0.0601,7.221125527997261,1,Active
Active,Ki,0.0601,118116399.0,0.0601,7.221125527997261,1,Active
Active,IC50,0.0602,154688905.0,0.0602,7.220403508742176,1,Active
Active,Ki,0.0604,155042754.0,0.0604,7.218963061378869,1,Active
Active,IC50,0.0607,142296575.0,0.0607,7.2168113089247425,1,Active
Active,IC50,0.0608,171364357.0,0.0608,7.216096420727265,1,Active
Active,IC50,0.061,76071531.0,0.061,7.214670164989233,1,Active
Active,IC50,0.061,117723254.0,0.061,7.214670164989233,1,Active
Active,IC50,0.061,177376975.0,0.061,7.214670164989233,1,Active
Active,IC50,0.061,155431420.0,0.061,7.214670164989233,1,Active
Active,IC50,0.061,75201876.0,0.061,7.214670164989233,1,Active
Active,IC50,0.061,142406378.0,0.061,7.214670164989233,1,Active
Active,IC50,0.061,122588620.0,0.061,7.214670164989233,1,Active
Active,IC50,0.061,129046523.0,0.061,7.214670164989233,1,Active
Active,IC50,0.061,172446861.0,0.061,7.214670164989233,1,Active
Active,IC50,0.061,86281240.0,0.061,7.214670164989233,1,Active
Active,IC50,0.061,135276476.0,0.061,7.214670164989233,1,Active
Active,IC50,0.061,142746107.0,0.061,7.214670164989233,1,Active
Active,IC50,0.061,142406514.0,0.061,7.214670164989233,1,Active
Active,IC50,0.061,177376994.0,0.061,7.214670164989233,1,Active
Active,IC50,0.061,153388481.0,0.061,7.214670164989233,1,Active
Active,IC50,0.061,142745945.0,0.061,7.214670164989233,1,Active
Active,IC50,0.061,126686299.0,0.061,7.214670164989233,1,Active
Active,IC50,0.061,155555385.0,0.061,7.214670164989233,1,Active
Active,Ki,0.0616,118116417.0,0.0616,7.210419287835575,1,Active
Active,IC50,0.06179,172460390.0,0.06179,7.209081804785422,1,Active
Active,Ki,0.0618,118116337.0,0.0618,7.209011524911184,1,Active
Active,Ki,0.0619,155043420.0,0.0619,7.208309350979882,1,Active
Active,IC50,0.062,135276331.0,0.062,7.207608310501746,1,Active
Active,IC50,0.062,134579149.0,0.062,7.207608310501746,1,Active
Active,IC50,0.062,117891989.0,0.062,7.207608310501746,1,Active
Active,IC50,0.062,122553496.0,0.062,7.207608310501746,1,Active
Active,IC50,0.062,167439564.0,0.062,7.207608310501746,1,Active
Active,IC50,0.062,155512733.0,0.062,7.207608310501746,1,Active
Active,IC50,0.062,86344278.0,0.062,7.207608310501746,1,Active
Active,IC50,0.062,129046545.0,0.062,7.207608310501746,1,Active
Active,IC50,0.062,86294478.0,0.062,7.207608310501746,1,Active
Active,IC50,0.062,142746168.0,0.062,7.207608310501746,1,Active
Active,IC50,0.062,135276199.0,0.062,7.207608310501746,1,Active
Active,IC50,0.062,162654096.0,0.062,7.207608310501746,1,Active
Active,Ki,0.0623,155042785.0,0.0623,7.20551195334083,1,Active
Active,IC50,0.0623,142296562.0,0.0623,7.20551195334083,1,Active
Active,IC50,0.0624,155431419.0,0.0624,7.204815410317576,1,Active
Active,IC50,0.0625,86343922.0,0.0625,7.204119982655925,1,Active
Active,IC50,0.0628,134511176.0,0.0628,7.202040356262804,1,Active
Active,IC50,0.063,117891949.0,0.063,7.200659450546418,1,Active
Active,IC50,0.063,172455199.0,0.063,7.200659450546418,1,Active
Active,IC50,0.063,91826317.0,0.063,7.200659450546418,1,Active
Active,Ki,0.063,118116438.0,0.063,7.200659450546418,1,Active
Active,IC50,0.063,139558362.0,0.063,7.200659450546418,1,Active
Active,IC50,0.063,118237331.0,0.063,7.200659450546418,1,Active
Active,IC50,0.063,118067816.0,0.063,7.200659450546418,1,Active
Active,IC50,0.063,146341968.0,0.063,7.200659450546418,1,Active
Active,IC50,0.063,117891978.0,0.063,7.200659450546418,1,Active
Active,IC50,0.063,155533055.0,0.063,7.200659450546418,1,Active
Active,IC50,0.063,134578820.0,0.063,7.200659450546418,1,Active
Active,Kd,0.063,155510533.0,0.063,7.200659450546418,1,Active
Active,IC50,0.063,86299394.0,0.063,7.200659450546418,1,Active
Active,IC50,0.063,118889493.0,0.063,7.200659450546418,1,Active
Active,IC50,0.063,142745861.0,0.063,7.200659450546418,1,Active
Active,IC50,0.063,86280823.0,0.063,7.200659450546418,1,Active
Active,IC50,0.063,146342052.0,0.063,7.200659450546418,1,Active
Active,IC50,0.0631,168299231.0,0.0631,7.199970640755866,1,Active
Active,IC50,0.0631,135323976.0,0.0631,7.199970640755866,1,Active
Active,IC50,0.0631,126676126.0,0.0631,7.199970640755866,1,Active
Active,IC50,0.0631,142740595.0,0.0631,7.199970640755866,1,Active
Active,IC50,0.0631,162675285.0,0.0631,7.199970640755866,1,Active
Active,IC50,0.0631,155531658.0,0.0631,7.199970640755866,1,Active
Active,IC50,0.0631,132167418.0,0.0631,7.199970640755866,1,Active
Active,IC50,0.0631,134306289.0,0.0631,7.199970640755866,1,Active
Active,IC50,0.0631,145977365.0,0.0631,7.199970640755866,1,Active
Active,Ki,0.0631,89657539.0,0.0631,7.199970640755866,1,Active
Active,IC50,0.0631,149499863.0,0.0631,7.199970640755866,1,Active
Active,IC50,0.0631,138678286.0,0.0631,7.199970640755866,1,Active
Active,IC50,0.0631,153537959.0,0.0631,7.199970640755866,1,Active
Active,IC50,0.0631,52934277.0,0.0631,7.199970640755866,1,Active
Active,IC50,0.0631,164628635.0,0.0631,7.199970640755866,1,Active
Active,IC50,0.0631,164620279.0,0.0631,7.199970640755866,1,Active
Active,IC50,0.0631,151280401.0,0.0631,7.199970640755866,1,Active
Active,IC50,0.0631,126676006.0,0.0631,7.199970640755866,1,Active
Active,IC50,0.0631,146434232.0,0.0631,7.199970640755866,1,Active
Active,IC50,0.0631,164613140.0,0.0631,7.199970640755866,1,Active
Active,IC50,0.0631,52934042.0,0.0631,7.199970640755866,1,Active
Active,Ki,0.0631,155528627.0,0.0631,7.199970640755866,1,Active
Active,IC50,0.0631,164613053.0,0.0631,7.199970640755866,1,Active
Active,IC50,0.0631,164628666.0,0.0631,7.199970640755866,1,Active
Active,IC50,0.0631,145978854.0,0.0631,7.199970640755866,1,Active
Active,Ki,0.0632,118116605.0,0.0632,7.199282921717614,1,Active
Active,IC50,0.0632,122553443.0,0.0632,7.199282921717614,1,Active
Active,Ki,0.0639,89656474.0,0.0639,7.1944991418416,1,Active
Active,IC50,0.064,142746061.0,0.064,7.1938200260161125,1,Active
Active,IC50,0.064,86567710.0,0.064,7.1938200260161125,1,Active
Active,IC50,0.064,86567242.0,0.064,7.1938200260161125,1,Active
Active,IC50,0.064,72694391.0,0.064,7.1938200260161125,1,Active
Active,IC50,0.064,146525040.0,0.064,7.1938200260161125,1,Active
Active,IC50,0.064,142746183.0,0.064,7.1938200260161125,1,Active
Active,IC50,0.064,75201753.0,0.064,7.1938200260161125,1,Active
Active,IC50,0.064,86293164.0,0.064,7.1938200260161125,1,Active
Active,IC50,0.0642,177382068.0,0.0642,7.192464971931146,1,Active
Active,Ki,0.0643,87055138.0,0.0643,7.191789027075778,1,Active
Active,Kd,0.0644,156619919.0,0.0644,7.1911141326401875,1,Active
Active,Ki,0.0646,71616299.0,0.0646,7.189767482004916,1,Active
Active,IC50,0.065,142406308.0,0.065,7.187086643357144,1,Active
Active,IC50,0.065,118067805.0,0.065,7.187086643357144,1,Active
Active,IC50,0.065,119081692.0,0.065,7.187086643357144,1,Active
Active,IC50,0.065,146314915.0,0.065,7.187086643357144,1,Active
Active,IC50,0.065,70979647.0,0.065,7.187086643357144,1,Active
Active,IC50,0.065,117891956.0,0.065,7.187086643357144,1,Active
Active,IC50,0.065,135276244.0,0.065,7.187086643357144,1,Active
Active,IC50,0.065,117723272.0,0.065,7.187086643357144,1,Active
Active,IC50,0.065,142746123.0,0.065,7.187086643357144,1,Active
Active,IC50,0.0652,86567635.0,0.0652,7.185752404268079,1,Active
Active,Ki,0.0654,155531898.0,0.0654,7.184422251675732,1,Active
Active,Ki,0.0654,155042783.0,0.0654,7.184422251675732,1,Active
Active,Ki,0.0655,118116315.0,0.0655,7.183758700008217,1,Active
Active,IC50,0.0655,155431375.0,0.0655,7.183758700008217,1,Active
Active,Ki,0.0658,176732792.0,0.0658,7.181774106386045,1,Active
Active,Ki,0.066,155526395.0,0.066,7.180456064458131,1,Active
Active,IC50,0.066,118889532.0,0.066,7.180456064458131,1,Active
Active,IC50,0.066,122553454.0,0.066,7.180456064458131,1,Active
Active,IC50,0.066,76070735.0,0.066,7.180456064458131,1,Active
Active,Kd,0.066,129182231.0,0.066,7.180456064458131,1,Active
Active,IC50,0.066,91826371.0,0.066,7.180456064458131,1,Active
Active,Kd,0.066,46843906.0,0.066,7.180456064458131,1,Active
Active,IC50,0.066,86294281.0,0.066,7.180456064458131,1,Active
Active,Kd,0.066,171378403.0,0.066,7.180456064458131,1,Active
Active,IC50,0.066,86292580.0,0.066,7.180456064458131,1,Active
Active,Ki,0.0662,118116468.0,0.0662,7.1791420105603,1,Active
Active,Ki,0.0662,155554114.0,0.0662,7.1791420105603,1,Active
Active,Ki,0.0665,118340653.0,0.0665,7.1771783546968955,1,Active
Active,IC50,0.0666,172451837.0,0.0666,7.176525770829699,1,Active
Active,IC50,0.067,153465800.0,0.067,7.173925197299173,1,Active
Active,IC50,0.067,86292186.0,0.067,7.173925197299173,1,Active
Active,IC50,0.067,129012529.0,0.067,7.173925197299173,1,Active
Active,IC50,0.067,142745987.0,0.067,7.173925197299173,1,Active
Active,IC50,0.067,91826322.0,0.067,7.173925197299173,1,Active
Active,IC50,0.067,91826333.0,0.067,7.173925197299173,1,Active
Active,IC50,0.067,86343743.0,0.067,7.173925197299173,1,Active
Active,IC50,0.067,75201630.0,0.067,7.173925197299173,1,Active
Active,IC50,0.067,155532661.0,0.067,7.173925197299173,1,Active
Active,Ki,0.067,71812036.0,0.067,7.173925197299173,1,Active
Active,IC50,0.067,142745985.0,0.067,7.173925197299173,1,Active
Active,IC50,0.067,86292190.0,0.067,7.173925197299173,1,Active
Active,IC50,0.067,142406406.0,0.067,7.173925197299173,1,Active
Active,Kd,0.067,135126546.0,0.067,7.173925197299173,1,Active
Active,IC50,0.0675,153465860.0,0.0675,7.170696227168975,1,Active
Active,Ki,0.0675,118117060.0,0.0675,7.170696227168975,1,Active
Active,IC50,0.0677,141488038.0,0.0677,7.169411331314856,1,Active
Active,IC50,0.068,129046524.0,0.068,7.167491087293763,1,Active
Active,IC50,0.068,155568681.0,0.068,7.167491087293763,1,Active
Active,IC50,0.068,117891960.0,0.068,7.167491087293763,1,Active
Active,IC50,0.068,117891934.0,0.068,7.167491087293763,1,Active
Active,IC50,0.068,86703242.0,0.068,7.167491087293763,1,Active
Active,Ki,0.068,155552754.0,0.068,7.167491087293763,1,Active
Active,IC50,0.068,135276202.0,0.068,7.167491087293763,1,Active
Active,Ki,0.068,155551427.0,0.068,7.167491087293763,1,Active
Active,Kd,0.068,129165727.0,0.068,7.167491087293763,1,Active
Active,Ki,0.068,71812068.0,0.068,7.167491087293763,1,Active
Active,IC50,0.068,155514540.0,0.068,7.167491087293763,1,Active
Active,IC50,0.068,166595658.0,0.068,7.167491087293763,1,Active
Active,Ki,0.068,71812050.0,0.068,7.167491087293763,1,Active
Active,IC50,0.068,177376986.0,0.068,7.167491087293763,1,Active
Active,IC50,0.068,86292966.0,0.068,7.167491087293763,1,Active
Active,IC50,0.068,91826318.0,0.068,7.167491087293763,1,Active
Active,IC50,0.0683,141507297.0,0.0683,7.165579296318468,1,Active
Active,Ki,0.0684,155529162.0,0.0684,7.164943898279883,1,Active
Active,IC50,0.0685,166167198.0,0.0685,7.164309428507575,1,Active
Active,IC50,0.0685,156014594.0,0.0685,7.164309428507575,1,Active
Active,Ki,0.0686,155042760.0,0.0686,7.163675884293248,1,Active
Active,Ki,0.0688,155557702.0,0.0688,7.162411561764489,1,Active
Active,IC50,0.0688,177380909.0,0.0688,7.162411561764489,1,Active
Active,Ki,0.0689,89656273.0,0.0689,7.161780778092374,1,Active
Active,Kd,0.069,71604307.0,0.069,7.161150909262744,1,Active
Active,IC50,0.069,86567711.0,0.069,7.161150909262744,1,Active
Active,IC50,0.069,135276433.0,0.069,7.161150909262744,1,Active
Active,IC50,0.069,142746215.0,0.069,7.161150909262744,1,Active
Active,IC50,0.069,142746159.0,0.069,7.161150909262744,1,Active
Active,IC50,0.069,118067817.0,0.069,7.161150909262744,1,Active
Active,IC50,0.069,118067814.0,0.069,7.161150909262744,1,Active
Active,IC50,0.069,166634810.0,0.069,7.161150909262744,1,Active
Active,IC50,0.069,142746236.0,0.069,7.161150909262744,1,Active
Active,IC50,0.069,146342066.0,0.069,7.161150909262744,1,Active
Active,Kd,0.069,146035919.0,0.069,7.161150909262744,1,Active
Active,IC50,0.069,76070842.0,0.069,7.161150909262744,1,Active
Active,IC50,0.069,91826379.0,0.069,7.161150909262744,1,Active
Active,Kd,0.069,155525411.0,0.069,7.161150909262744,1,Active
Active,Ki,0.0693,155043558.0,0.0693,7.159266765388193,1,Active
Active,Ki,0.0694,118116390.0,0.0694,7.158640529545145,1,Active
Active,IC50,0.0697,172448644.0,0.0697,7.15676722190199,1,Active
Active,IC50,0.07,155534291.0,0.07,7.154901959985743,1,Active
Active,Ki,0.07,130345485.0,0.07,7.154901959985743,1,Active
Active,Kd,0.07,155714979.0,0.07,7.154901959985743,1,Active
Active,IC50,0.07,122164734.0,0.07,7.154901959985743,1,Active
Active,IC50,0.07,86280820.0,0.07,7.154901959985743,1,Active
Active,IC50,0.07,135121918.0,0.07,7.154901959985743,1,Active
Active,IC50,0.07,117668070.0,0.07,7.154901959985743,1,Active
Active,IC50,0.07,117892021.0,0.07,7.154901959985743,1,Active
Active,IC50,0.07,142746196.0,0.07,7.154901959985743,1,Active
Active,IC50,0.0701,172458955.0,0.0701,7.154281982033341,1,Active
Active,Ki,0.0703,155043841.0,0.0703,7.153044674980176,1,Active
Active,IC50,0.0706,172451849.0,0.0706,7.151195298948196,1,Active
Active,Kd,0.071,129166136.0,0.071,7.1487416512809245,1,Active
Active,IC50,0.071,135276298.0,0.071,7.1487416512809245,1,Active
Active,Ki,0.071,90019789.0,0.071,7.1487416512809245,1,Active
Active,IC50,0.071,155533038.0,0.071,7.1487416512809245,1,Active
Active,Kd,0.071,129165976.0,0.071,7.1487416512809245,1,Active
Active,Ki,0.071,134349020.0,0.071,7.1487416512809245,1,Active
Active,IC50,0.071,121261274.0,0.071,7.1487416512809245,1,Active
Active,Ki,0.071,71812052.0,0.071,7.1487416512809245,1,Active
Active,IC50,0.071,135276321.0,0.071,7.1487416512809245,1,Active
Active,IC50,0.071,91826362.0,0.071,7.1487416512809245,1,Active
Active,IC50,0.0713,155279745.0,0.0713,7.146910470148135,1,Active
Active,IC50,0.0713,139341818.0,0.0713,7.146910470148135,1,Active
Active,Ki,0.0713,118116872.0,0.0713,7.146910470148135,1,Active
Active,Ki,0.0714,118116436.0,0.0714,7.146301788223825,1,Active
Active,IC50,0.0715,86567309.0,0.0715,7.145693958198919,1,Active
Active,IC50,0.072,142745865.0,0.072,7.142667503568731,1,Active
Active,IC50,0.072,75201818.0,0.072,7.142667503568731,1,Active
Active,IC50,0.072,135276035.0,0.072,7.142667503568731,1,Active
Active,IC50,0.072,86566906.0,0.072,7.142667503568731,1,Active
Active,IC50,0.072,73349345.0,0.072,7.142667503568731,1,Active
Active,IC50,0.072,122553449.0,0.072,7.142667503568731,1,Active
Active,IC50,0.072,86293727.0,0.072,7.142667503568731,1,Active
Active,IC50,0.072,117891941.0,0.072,7.142667503568731,1,Active
Active,IC50,0.072,135276500.0,0.072,7.142667503568731,1,Active
Active,Kd,0.072,124182258.0,0.072,7.142667503568731,1,Active
Active,IC50,0.0724,154688881.0,0.0724,7.140261433802853,1,Active
Active,Ki,0.0725,89657225.0,0.0725,7.139661993429007,1,Active
Active,Kd,0.073,155533569.0,0.073,7.136677139879544,1,Active
Active,IC50,0.073,73353867.0,0.073,7.136677139879544,1,Active
Active,Kd,0.073,129166131.0,0.073,7.136677139879544,1,Active
Active,IC50,0.073,155519527.0,0.073,7.136677139879544,1,Active
Active,IC50,0.073,168297822.0,0.073,7.136677139879544,1,Active
Active,IC50,0.073,161501321.0,0.073,7.136677139879544,1,Active
Active,IC50,0.073,142746045.0,0.073,7.136677139879544,1,Active
Active,IC50,0.073,135120996.0,0.073,7.136677139879544,1,Active
Active,IC50,0.073,117892030.0,0.073,7.136677139879544,1,Active
Active,Kd,0.073,162661313.0,0.073,7.136677139879544,1,Active
Active,IC50,0.073,156775108.0,0.073,7.136677139879544,1,Active
Active,IC50,0.073,86293919.0,0.073,7.136677139879544,1,Active
Active,IC50,0.0735,177380896.0,0.0735,7.133712660915805,1,Active
Active,IC50,0.0736,15978964.0,0.0736,7.133122185662501,1,Active
Active,IC50,0.0737,123131635.0,0.0737,7.132532512140949,1,Active
Active,IC50,0.0738,142296560.0,0.0738,7.131943638176958,1,Active
Active,Ki,0.0739,89656224.0,0.0739,7.131355561605174,1,Active
Active,Ki,0.0739,117776009.0,0.0739,7.131355561605174,1,Active
Active,IC50,0.074,71465611.0,0.074,7.130768280269024,1,Active
Active,IC50,0.074,2746.0,0.074,7.130768280269024,1,Active
Active,IC50,0.074,72945554.0,0.074,7.130768280269024,1,Active
Active,IC50,0.074,75201633.0,0.074,7.130768280269024,1,Active
Active,IC50,0.074,177382417.0,0.074,7.130768280269024,1,Active
Active,IC50,0.074,155457407.0,0.074,7.130768280269024,1,Active
Active,IC50,0.074,164628750.0,0.074,7.130768280269024,1,Active
Active,IC50,0.074,76070734.0,0.074,7.130768280269024,1,Active
Active,IC50,0.07412,168293390.0,0.07412,7.13006458935314,1,Active
Active,Ki,0.0747,155549061.0,0.0747,7.126679398184601,1,Active
Active,IC50,0.0748,130311608.0,0.0748,7.126098402135539,1,Active
Active,Ki,0.0748,118116968.0,0.0748,7.126098402135539,1,Active
Active,IC50,0.075,135276450.0,0.075,7.1249387366083,1,Active
Active,IC50,0.075,117891952.0,0.075,7.1249387366083,1,Active
Active,IC50,0.075,166633451.0,0.075,7.1249387366083,1,Active
Active,IC50,0.075,135276168.0,0.075,7.1249387366083,1,Active
Active,IC50,0.075,142406513.0,0.075,7.1249387366083,1,Active
Active,IC50,0.075,122164729.0,0.075,7.1249387366083,1,Active
Active,IC50,0.075,146524998.0,0.075,7.1249387366083,1,Active
Active,IC50,0.075,86280971.0,0.075,7.1249387366083,1,Active
Active,IC50,0.075,142406376.0,0.075,7.1249387366083,1,Active
Active,IC50,0.0753,172460475.0,0.0753,7.123205023799299,1,Active
Active,Ki,0.0753,155042801.0,0.0753,7.123205023799299,1,Active
Active,Ki,0.0754,118116562.0,0.0754,7.122628654130226,1,Active
Active,Ki,0.0756,118116257.0,0.0756,7.121478204498794,1,Active
Active,IC50,0.0759,162655693.0,0.0759,7.11975822410452,1,Active
Active,IC50,0.076,86281378.0,0.076,7.119186407719209,1,Active
Active,IC50,0.076,162654052.0,0.076,7.119186407719209,1,Active
Active,IC50,0.076,177380721.0,0.076,7.119186407719209,1,Active
Active,Kd,0.076,162641035.0,0.076,7.119186407719209,1,Active
Active,IC50,0.076,139341523.0,0.076,7.119186407719209,1,Active
Active,IC50,0.076,155559481.0,0.076,7.119186407719209,1,Active
Active,IC50,0.076,142745870.0,0.076,7.119186407719209,1,Active
Active,IC50,0.076,117689436.0,0.076,7.119186407719209,1,Active
Active,IC50,0.076,132961531.0,0.076,7.119186407719209,1,Active
Active,Ki,0.0762,90200600.0,0.0762,7.1180450286604,1,Active
Active,IC50,0.0767,139341567.0,0.0767,7.115204636051019,1,Active
Active,IC50,0.077,125383342.0,0.077,7.113509274827518,1,Active
Active,IC50,0.077,91826356.0,0.077,7.113509274827518,1,Active
Active,Kd,0.077,129166145.0,0.077,7.113509274827518,1,Active
Active,Ki,0.077,90718189.0,0.077,7.113509274827518,1,Active
Active,Ki,0.077,78319129.0,0.077,7.113509274827518,1,Active
Active,IC50,0.077,142406666.0,0.077,7.113509274827518,1,Active
Active,IC50,0.077,122588627.0,0.077,7.113509274827518,1,Active
Active,Ki,0.077,71812067.0,0.077,7.113509274827518,1,Active
Active,Ki,0.077,136387545.0,0.077,7.113509274827518,1,Active
Active,IC50,0.077,90364429.0,0.077,7.113509274827518,1,Active
Active,IC50,0.077,135276368.0,0.077,7.113509274827518,1,Active
Active,Kd,0.077,10461508.0,0.077,7.113509274827518,1,Active
Active,IC50,0.077,86295882.0,0.077,7.113509274827518,1,Active
Active,IC50,0.0772,59569001.0,0.0772,7.112382699664264,1,Active
Active,IC50,0.0772,139341528.0,0.0772,7.112382699664264,1,Active
Active,Ki,0.0773,89657305.0,0.0773,7.111820506081675,1,Active
Active,IC50,0.0773,162663021.0,0.0773,7.111820506081675,1,Active
Active,Ki,0.0774,124222784.0,0.0774,7.111259039317107,1,Active
Active,Ki,0.0777,118116771.0,0.0777,7.1095789811990855,1,Active
Active,Ki,0.0779,118340714.0,0.0779,7.108462542327436,1,Active
Active,IC50,0.078,117673799.0,0.078,7.107905397309519,1,Active
Active,IC50,0.078,142746253.0,0.078,7.107905397309519,1,Active
Active,IC50,0.078,156775098.0,0.078,7.107905397309519,1,Active
Active,IC50,0.078,86292189.0,0.078,7.107905397309519,1,Active
Active,IC50,0.078,122553382.0,0.078,7.107905397309519,1,Active
Active,IC50,0.078,118691563.0,0.078,7.107905397309519,1,Active
Active,IC50,0.078,135276169.0,0.078,7.107905397309519,1,Active
Active,IC50,0.078,86567638.0,0.078,7.107905397309519,1,Active
Active,IC50,0.078,78325043.0,0.078,7.107905397309519,1,Active
Active,IC50,0.078,135276464.0,0.078,7.107905397309519,1,Active
Active,IC50,0.078,91826351.0,0.078,7.107905397309519,1,Active
Active,IC50,0.078,86567781.0,0.078,7.107905397309519,1,Active
Active,Ki,0.078,118340646.0,0.078,7.107905397309519,1,Active
Active,IC50,0.078,146525117.0,0.078,7.107905397309519,1,Active
Active,Kd,0.078,155567235.0,0.078,7.107905397309519,1,Active
Active,IC50,0.0782,117689298.0,0.0782,7.106793246940152,1,Active
Active,IC50,0.0787,139341556.0,0.0787,7.104025267640935,1,Active
Active,Kd,0.079,129165795.0,0.079,7.102372908709558,1,Active
Active,IC50,0.079,86292586.0,0.079,7.102372908709558,1,Active
Active,IC50,0.079,148293311.0,0.079,7.102372908709558,1,Active
Active,IC50,0.079,142746234.0,0.079,7.102372908709558,1,Active
Active,IC50,0.079,126685894.0,0.079,7.102372908709558,1,Active
Active,IC50,0.079,117689397.0,0.079,7.102372908709558,1,Active
Active,Kd,0.079,129166027.0,0.079,7.102372908709558,1,Active
Active,IC50,0.079,86343923.0,0.079,7.102372908709558,1,Active
Active,IC50,0.079,86282862.0,0.079,7.102372908709558,1,Active
Active,IC50,0.079,118889460.0,0.079,7.102372908709558,1,Active
Active,IC50,0.079,91826334.0,0.079,7.102372908709558,1,Active
Active,Ki,0.0794,118116395.0,0.0794,7.100179497572904,1,Active
Active,IC50,0.07943,132007279.0,0.07943,7.100015437450609,1,Active
Active,IC50,0.07943,164628927.0,0.07943,7.100015437450609,1,Active
Active,IC50,0.07943,155562547.0,0.07943,7.100015437450609,1,Active
Active,IC50,0.07943,145966021.0,0.07943,7.100015437450609,1,Active
Active,IC50,0.07943,134316168.0,0.07943,7.100015437450609,1,Active
Active,IC50,0.07943,142417949.0,0.07943,7.100015437450609,1,Active
Active,IC50,0.07943,126676281.0,0.07943,7.100015437450609,1,Active
Active,IC50,0.07943,1481809.0,0.07943,7.100015437450609,1,Active
Active,IC50,0.07943,168271456.0,0.07943,7.100015437450609,1,Active
Active,IC50,0.07943,164623030.0,0.07943,7.100015437450609,1,Active
Active,IC50,0.07943,168288877.0,0.07943,7.100015437450609,1,Active
Active,IC50,0.07943,138523705.0,0.07943,7.100015437450609,1,Active
Active,IC50,0.07943,126648596.0,0.07943,7.100015437450609,1,Active
Active,IC50,0.07943,164627933.0,0.07943,7.100015437450609,1,Active
Active,IC50,0.07943,156014903.0,0.07943,7.100015437450609,1,Active
Active,IC50,0.07943,126648792.0,0.07943,7.100015437450609,1,Active
Active,IC50,0.07943,164613871.0,0.07943,7.100015437450609,1,Active
Active,IC50,0.07943,164628382.0,0.07943,7.100015437450609,1,Active
Active,IC50,0.07943,132004106.0,0.07943,7.100015437450609,1,Active
Active,IC50,0.07943,162650485.0,0.07943,7.100015437450609,1,Active
Active,IC50,0.07943,155119708.0,0.07943,7.100015437450609,1,Active
Active,IC50,0.07943,129606900.0,0.07943,7.100015437450609,1,Active
Active,IC50,0.07943,168298918.0,0.07943,7.100015437450609,1,Active
Active,IC50,0.08,118270966.0,0.08,7.096910013008056,1,Active
Active,IC50,0.08,73775139.0,0.08,7.096910013008056,1,Active
Active,IC50,0.08,73774973.0,0.08,7.096910013008056,1,Active
Active,Kd,0.08,129166219.0,0.08,7.096910013008056,1,Active
Active,Kd,0.08,155525053.0,0.08,7.096910013008056,1,Active
Active,IC50,0.08,177376969.0,0.08,7.096910013008056,1,Active
Active,IC50,0.08,76683643.0,0.08,7.096910013008056,1,Active
Active,IC50,0.08,146525034.0,0.08,7.096910013008056,1,Active
Active,IC50,0.08,86281628.0,0.08,7.096910013008056,1,Active
Active,IC50,0.08,73775568.0,0.08,7.096910013008056,1,Active
Active,IC50,0.08,139570887.0,0.08,7.096910013008056,1,Active
Active,IC50,0.08,118095197.0,0.08,7.096910013008056,1,Active
Active,IC50,0.08,91826338.0,0.08,7.096910013008056,1,Active
Active,Ki,0.08,90388309.0,0.08,7.096910013008056,1,Active
Active,IC50,0.0803,121448810.0,0.0803,7.095284454721319,1,Active
Active,IC50,0.08054,16008124.0,0.08054,7.093988374728587,1,Active
Active,IC50,0.0806,141507301.0,0.0806,7.09366495819491,1,Active
Active,Ki,0.0806,155524802.0,0.0806,7.09366495819491,1,Active
Active,Ki,0.0809,118117023.0,0.0809,7.092051478387727,1,Active
Active,Kd,0.081,129165784.0,0.081,7.0915149811213505,1,Active
Active,IC50,0.081,86280967.0,0.081,7.0915149811213505,1,Active
Active,IC50,0.081,155534492.0,0.081,7.0915149811213505,1,Active
Active,IC50,0.081,137796657.0,0.081,7.0915149811213505,1,Active
Active,Kd,0.081,145954766.0,0.081,7.0915149811213505,1,Active
Active,IC50,0.081,142746084.0,0.081,7.0915149811213505,1,Active
Active,IC50,0.081,86293918.0,0.081,7.0915149811213505,1,Active
Active,IC50,0.081,139558274.0,0.081,7.0915149811213505,1,Active
Active,Kd,0.081,58009759.0,0.081,7.0915149811213505,1,Active
Active,IC50,0.081,177376970.0,0.081,7.0915149811213505,1,Active
Active,IC50,0.081,142746083.0,0.081,7.0915149811213505,1,Active
Active,Kd,0.081,137333445.0,0.081,7.0915149811213505,1,Active
Active,IC50,0.0813,162656756.0,0.0813,7.089909454405932,1,Active
Active,Ki,0.0813,118116409.0,0.0813,7.089909454405932,1,Active
Active,Ki,0.0817,71616058.0,0.0817,7.087777943467584,1,Active
Active,IC50,0.0817,142296557.0,0.0817,7.087777943467584,1,Active
Active,IC50,0.082,86282864.0,0.082,7.086186147616283,1,Active
Active,IC50,0.082,168295398.0,0.082,7.086186147616283,1,Active
Active,IC50,0.082,153388602.0,0.082,7.086186147616283,1,Active
Active,IC50,0.082,155539142.0,0.082,7.086186147616283,1,Active
Active,IC50,0.082,91826376.0,0.082,7.086186147616283,1,Active
Active,IC50,0.082,91826357.0,0.082,7.086186147616283,1,Active
Active,Kd,0.082,177380911.0,0.082,7.086186147616283,1,Active
Active,Kd,0.082,118021879.0,0.082,7.086186147616283,1,Active
Active,Kd,0.082,134159768.0,0.082,7.086186147616283,1,Active
Active,Ki,0.0822,136374372.0,0.0822,7.0851281824599495,1,Active
Active,IC50,0.0823,171350283.0,0.0823,7.08460016478773,1,Active
Active,IC50,0.0825,139341564.0,0.0825,7.0835460514500745,1,Active
Active,Ki,0.0828,155043082.0,0.0828,7.08196966321512,1,Active
Active,Ki,0.083,78322715.0,0.083,7.080921907623926,1,Active
Active,IC50,0.083,121424081.0,0.083,7.080921907623926,1,Active
Active,IC50,0.083,75201632.0,0.083,7.080921907623926,1,Active
Active,IC50,0.083,162649888.0,0.083,7.080921907623926,1,Active
Active,IC50,0.083,155461040.0,0.083,7.080921907623926,1,Active
Active,IC50,0.083,122553472.0,0.083,7.080921907623926,1,Active
Active,IC50,0.083,75201629.0,0.083,7.080921907623926,1,Active
Active,IC50,0.083,91826373.0,0.083,7.080921907623926,1,Active
Active,IC50,0.0836,139341755.0,0.0836,7.077793722560983,1,Active
Active,IC50,0.0836,166165666.0,0.0836,7.077793722560983,1,Active
Active,IC50,0.08365,168289510.0,0.08365,7.077534054701586,1,Active
Active,Ki,0.0837,155534145.0,0.0837,7.07727454200674,1,Active
Active,IC50,0.084,135126189.0,0.084,7.075720713938118,1,Active
Active,IC50,0.084,137796661.0,0.084,7.075720713938118,1,Active
Active,Ki,0.084,86271751.0,0.084,7.075720713938118,1,Active
Active,IC50,0.084,11260691.0,0.084,7.075720713938118,1,Active
Active,IC50,0.084,86281105.0,0.084,7.075720713938118,1,Active
Active,IC50,0.084,86281629.0,0.084,7.075720713938118,1,Active
Active,IC50,0.0845,117723262.0,0.0845,7.073143291050307,1,Active
Active,IC50,0.0845,117723289.0,0.0845,7.073143291050307,1,Active
Active,Ki,0.0848,136374373.0,0.0848,7.071604147743287,1,Active
Active,IC50,0.08494,155431581.0,0.08494,7.07088774334534,1,Active
Active,IC50,0.085,122553414.0,0.085,7.070581074285707,1,Active
Active,Ki,0.085,118116400.0,0.085,7.070581074285707,1,Active
Active,IC50,0.085,86280972.0,0.085,7.070581074285707,1,Active
Active,IC50,0.085,122553478.0,0.085,7.070581074285707,1,Active
Active,IC50,0.085,86294690.0,0.085,7.070581074285707,1,Active
Active,IC50,0.085,86282040.0,0.085,7.070581074285707,1,Active
Active,IC50,0.085,118095181.0,0.085,7.070581074285707,1,Active
Active,Kd,0.085,129165774.0,0.085,7.070581074285707,1,Active
Active,IC50,0.085,118889453.0,0.085,7.070581074285707,1,Active
Active,Kd,0.085,129165757.0,0.085,7.070581074285707,1,Active
Active,Ki,0.085,135566899.0,0.085,7.070581074285707,1,Active
Active,IC50,0.085,127030726.0,0.085,7.070581074285707,1,Active
Active,IC50,0.085,142406697.0,0.085,7.070581074285707,1,Active
Active,Kd,0.085,147384222.0,0.085,7.070581074285707,1,Active
Active,IC50,0.0852,139341723.0,0.0852,7.0695604052333,1,Active
Active,IC50,0.0853,122553447.0,0.0853,7.069050968832477,1,Active
Active,IC50,0.0854,154688899.0,0.0854,7.068542129310995,1,Active
Active,Kd,0.086,129166055.0,0.086,7.0655015487564325,1,Active
Active,Kd,0.086,155550409.0,0.086,7.0655015487564325,1,Active
Active,IC50,0.086,57344528.0,0.086,7.0655015487564325,1,Active
Active,IC50,0.086,153465820.0,0.086,7.0655015487564325,1,Active
Active,IC50,0.086,86344097.0,0.086,7.0655015487564325,1,Active
Active,IC50,0.086,86567304.0,0.086,7.0655015487564325,1,Active
Active,Ki,0.0863,155043397.0,0.0863,7.06398920428479,1,Active
Active,Ki,0.0864,118116626.0,0.0864,7.063486257521107,1,Active
Active,Ki,0.0864,155043580.0,0.0864,7.063486257521107,1,Active
Active,Ki,0.0869,155043530.0,0.0869,7.060980223551334,1,Active
Active,IC50,0.087,86294691.0,0.087,7.060480747381382,1,Active
Active,IC50,0.087,162650972.0,0.087,7.060480747381382,1,Active
Active,IC50,0.087,145974796.0,0.087,7.060480747381382,1,Active
Active,IC50,0.087,177376972.0,0.087,7.060480747381382,1,Active
Active,IC50,0.087,91826354.0,0.087,7.060480747381382,1,Active
Active,IC50,0.087,160437502.0,0.087,7.060480747381382,1,Active
Active,IC50,0.087,118437927.0,0.087,7.060480747381382,1,Active
Active,IC50,0.087,151157777.0,0.087,7.060480747381382,1,Active
Active,Kd,0.087,129165853.0,0.087,7.060480747381382,1,Active
Active,IC50,0.087,86291793.0,0.087,7.060480747381382,1,Active
Active,IC50,0.0872,166166026.0,0.0872,7.059483515067432,1,Active
Active,IC50,0.0877,145925666.0,0.0877,7.05700040663396,1,Active
Active,IC50,0.088,177376993.0,0.088,7.055517327849831,1,Active
Active,IC50,0.088,86294097.0,0.088,7.055517327849831,1,Active
Active,IC50,0.088,126654258.0,0.088,7.055517327849831,1,Active
Active,IC50,0.088,86280969.0,0.088,7.055517327849831,1,Active
Active,IC50,0.088,122553498.0,0.088,7.055517327849831,1,Active
Active,Kd,0.088,129165694.0,0.088,7.055517327849831,1,Active
Active,IC50,0.0886,172439131.0,0.0886,7.052566278112949,1,Active
Active,Ki,0.0886,155043542.0,0.0886,7.052566278112949,1,Active
Active,IC50,0.089,86293348.0,0.089,7.050609993355087,1,Active
Active,IC50,0.089,142746177.0,0.089,7.050609993355087,1,Active
Active,IC50,0.089,86343741.0,0.089,7.050609993355087,1,Active
Active,IC50,0.089,126686300.0,0.089,7.050609993355087,1,Active
Active,IC50,0.089,147837559.0,0.089,7.050609993355087,1,Active
Active,IC50,0.089,118691570.0,0.089,7.050609993355087,1,Active
Active,IC50,0.089,177376989.0,0.089,7.050609993355087,1,Active
Active,Ki,0.0891,89657379.0,0.0891,7.050122295963125,1,Active
Active,IC50,0.0895,121448812.0,0.0895,7.048176964684088,1,Active
Active,IC50,0.0897,122553445.0,0.0897,7.047207556955907,1,Active
Active,Ki,0.0898,155043493.0,0.0898,7.0467236633326955,1,Active
Active,IC50,0.09,73775294.0,0.09,7.045757490560675,1,Active
Active,IC50,0.09,162674142.0,0.09,7.045757490560675,1,Active
Active,IC50,0.09,86292187.0,0.09,7.045757490560675,1,Active
Active,IC50,0.09,73775292.0,0.09,7.045757490560675,1,Active
Active,IC50,0.09,135120991.0,0.09,7.045757490560675,1,Active
Active,IC50,0.09,86281769.0,0.09,7.045757490560675,1,Active
Active,IC50,0.09,168274064.0,0.09,7.045757490560675,1,Active
Active,IC50,0.09,86281631.0,0.09,7.045757490560675,1,Active
Active,IC50,0.09,135144027.0,0.09,7.045757490560675,1,Active
Active,IC50,0.09,73775567.0,0.09,7.045757490560675,1,Active
Active,IC50,0.09,118270970.0,0.09,7.045757490560675,1,Active
Active,Kd,0.09,177382791.0,0.09,7.045757490560675,1,Active
Active,IC50,0.09,57344520.0,0.09,7.045757490560675,1,Active
Active,IC50,0.09,73774825.0,0.09,7.045757490560675,1,Active
Active,IC50,0.09,147479011.0,0.09,7.045757490560675,1,Active
Active,Ki,0.0904,155042850.0,0.0904,7.043831569524636,1,Active
Active,IC50,0.091,126572491.0,0.091,7.040958607678906,1,Active
Active,IC50,0.091,147888615.0,0.091,7.040958607678906,1,Active
Active,IC50,0.091,91826353.0,0.091,7.040958607678906,1,Active
Active,IC50,0.091,86293541.0,0.091,7.040958607678906,1,Active
Active,Ki,0.091,71812065.0,0.091,7.040958607678906,1,Active
Active,IC50,0.091,135276426.0,0.091,7.040958607678906,1,Active
Active,IC50,0.091,142745892.0,0.091,7.040958607678906,1,Active
Active,IC50,0.091,86344464.0,0.091,7.040958607678906,1,Active
Active,IC50,0.0913,155520065.0,0.0913,7.039529222465701,1,Active
Active,Ki,0.0913,118116640.0,0.0913,7.039529222465701,1,Active
Active,IC50,0.092,155352392.0,0.092,7.036212172654444,1,Active
Active,IC50,0.092,86567244.0,0.092,7.036212172654444,1,Active
Active,IC50,0.092,162670722.0,0.092,7.036212172654444,1,Active
Active,IC50,0.092,86566779.0,0.092,7.036212172654444,1,Active
Active,IC50,0.092,155352347.0,0.092,7.036212172654444,1,Active
Active,IC50,0.092,177376971.0,0.092,7.036212172654444,1,Active
Active,IC50,0.092,166119761.0,0.092,7.036212172654444,1,Active
Active,IC50,0.092,154688890.0,0.092,7.036212172654444,1,Active
Active,IC50,0.092,142746130.0,0.092,7.036212172654444,1,Active
Active,Kd,0.092,129166135.0,0.092,7.036212172654444,1,Active
Active,IC50,0.092,147303866.0,0.092,7.036212172654444,1,Active
Active,IC50,0.092,71291068.0,0.092,7.036212172654444,1,Active
Active,IC50,0.092,155352308.0,0.092,7.036212172654444,1,Active
Active,Ki,0.092,155510893.0,0.092,7.036212172654444,1,Active
Active,IC50,0.092,147881243.0,0.092,7.036212172654444,1,Active
Active,IC50,0.092,16722831.0,0.092,7.036212172654444,1,Active
Active,Ki,0.0921,154663173.0,0.0921,7.035740369803151,1,Active
Active,Ki,0.0924,118116823.0,0.0924,7.0343280287798935,1,Active
Active,Ki,0.0926,155523105.0,0.0926,7.033389013318065,1,Active
Active,IC50,0.0926,139341547.0,0.0926,7.033389013318065,1,Active
Active,Ki,0.0928,118117010.0,0.0928,7.032452023781138,1,Active
Active,IC50,0.093,135143854.0,0.093,7.031517051446065,1,Active
Active,IC50,0.093,146342083.0,0.093,7.031517051446065,1,Active
Active,IC50,0.093,162644200.0,0.093,7.031517051446065,1,Active
Active,IC50,0.093,135126198.0,0.093,7.031517051446065,1,Active
Active,Ki,0.0933,89656251.0,0.0933,7.0301183562535,1,Active
Active,IC50,0.094,134578808.0,0.094,7.026872146400302,1,Active
Active,IC50,0.094,134578821.0,0.094,7.026872146400302,1,Active
Active,IC50,0.094,154491585.0,0.094,7.026872146400302,1,Active
Active,IC50,0.094,145977980.0,0.094,7.026872146400302,1,Active
Active,IC50,0.094,139558195.0,0.094,7.026872146400302,1,Active
Active,IC50,0.094,157289296.0,0.094,7.026872146400302,1,Active
Active,IC50,0.094,57390001.0,0.094,7.026872146400302,1,Active
Active,IC50,0.094,139558466.0,0.094,7.026872146400302,1,Active
Active,IC50,0.094,86281109.0,0.094,7.026872146400302,1,Active
Active,IC50,0.094,162651575.0,0.094,7.026872146400302,1,Active
Active,Ki,0.0944,118116396.0,0.0944,7.025028005701931,1,Active
Active,IC50,0.095,117892004.0,0.095,7.022276394711152,1,Active
Active,IC50,0.095,177373903.0,0.095,7.022276394711152,1,Active
Active,IC50,0.095,155551807.0,0.095,7.022276394711152,1,Active
Active,IC50,0.095,124221563.0,0.095,7.022276394711152,1,Active
Active,IC50,0.095,145972360.0,0.095,7.022276394711152,1,Active
Active,IC50,0.095,91826372.0,0.095,7.022276394711152,1,Active
Active,IC50,0.095,86292382.0,0.095,7.022276394711152,1,Active
Active,IC50,0.095,172130906.0,0.095,7.022276394711152,1,Active
Active,IC50,0.095,86291796.0,0.095,7.022276394711152,1,Active
Active,Kd,0.095,171354938.0,0.095,7.022276394711152,1,Active
Active,IC50,0.095,122553397.0,0.095,7.022276394711152,1,Active
Active,IC50,0.095,177376985.0,0.095,7.022276394711152,1,Active
Active,Kd,0.095,129166122.0,0.095,7.022276394711152,1,Active
Active,Ki,0.0952,155043374.0,0.0952,7.021363051615525,1,Active
Active,IC50,0.0952,155548058.0,0.0952,7.021363051615525,1,Active
Active,IC50,0.0954,172130903.0,0.0954,7.020451625295905,1,Active
Active,IC50,0.0955,155809080.0,0.0955,7.019996628416253,1,Active
Active,IC50,0.09588,20862043.0,0.09588,7.018271974638384,1,Active
Active,IC50,0.096,117891942.0,0.096,7.017728766960431,1,Active
Active,IC50,0.096,142746210.0,0.096,7.017728766960431,1,Active
Active,IC50,0.096,155461033.0,0.096,7.017728766960431,1,Active
Active,IC50,0.096,86294481.0,0.096,7.017728766960431,1,Active
Active,IC50,0.096,135276285.0,0.096,7.017728766960431,1,Active
Active,IC50,0.096,130252506.0,0.096,7.017728766960431,1,Active
Active,Ki,0.0961,136236449.0,0.0961,7.017276612331455,1,Active
Active,IC50,0.09633,20862020.0,0.09633,7.016238439713835,1,Active
Active,Ki,0.0967,118117151.0,0.0967,7.014573525916998,1,Active
Active,Kd,0.097,129165949.0,0.097,7.013228265733755,1,Active
Active,IC50,0.097,135276057.0,0.097,7.013228265733755,1,Active
Active,IC50,0.097,137661063.0,0.097,7.013228265733755,1,Active
Active,IC50,0.097,91826365.0,0.097,7.013228265733755,1,Active
Active,IC50,0.097,177373902.0,0.097,7.013228265733755,1,Active
Active,IC50,0.097,135276317.0,0.097,7.013228265733755,1,Active
Active,IC50,0.097,153507441.0,0.097,7.013228265733755,1,Active
Active,IC50,0.0973,172471712.0,0.0973,7.011887159731648,1,Active
Active,IC50,0.0976,86282694.0,0.0976,7.010550182333308,1,Active
Active,Ki,0.0977,118116905.0,0.0977,7.010105436281227,1,Active
Active,IC50,0.0979,139341591.0,0.0979,7.009217308196862,1,Active
Active,IC50,0.098,86282587.0,0.098,7.008773924307505,1,Active
Active,IC50,0.098,135276032.0,0.098,7.008773924307505,1,Active
Active,IC50,0.098,177377437.0,0.098,7.008773924307505,1,Active
Active,IC50,0.098,177380722.0,0.098,7.008773924307505,1,Active
Active,IC50,0.098,177380738.0,0.098,7.008773924307505,1,Active
Active,IC50,0.098,126572541.0,0.098,7.008773924307505,1,Active
Active,IC50,0.098,142746233.0,0.098,7.008773924307505,1,Active
Active,IC50,0.098,162641712.0,0.098,7.008773924307505,1,Active
Active,IC50,0.098,142746225.0,0.098,7.008773924307505,1,Active
Active,IC50,0.098,162655127.0,0.098,7.008773924307505,1,Active
Active,Ki,0.0981,90387666.0,0.0981,7.008330992620051,1,Active
Active,IC50,0.0985,154689073.0,0.0985,7.006563769502389,1,Active
Active,IC50,0.099,153465772.0,0.099,7.00436480540245,1,Active
Active,IC50,0.099,126582737.0,0.099,7.00436480540245,1,Active
Active,IC50,0.099,177375381.0,0.099,7.00436480540245,1,Active
Active,Ki,0.099,118288047.0,0.099,7.00436480540245,1,Active
Active,IC50,0.099,86567433.0,0.099,7.00436480540245,1,Active
Active,Kd,0.099,129166071.0,0.099,7.00436480540245,1,Active
Active,IC50,0.0991,141507291.0,0.0991,7.003926345514724,1,Active
Active,Ki,0.0992,87054895.0,0.0992,7.0034883278458215,1,Active
Active,IC50,0.09975,168290177.0,0.09975,7.001087095641214,1,Active
Active,IC50,0.0999,142296603.0,0.0999,7.000434511774017,1,Active
Active,IC50,0.1,86299232.0,0.1,7.0,1,Active
Active,IC50,0.1,86299245.0,0.1,7.0,1,Active
Active,IC50,0.1,90409685.0,0.1,7.0,1,Active
Active,IC50,0.1,90438021.0,0.1,7.0,1,Active
Active,IC50,0.1,90409659.0,0.1,7.0,1,Active
Active,IC50,0.1,90409748.0,0.1,7.0,1,Active
Active,IC50,0.1,90409820.0,0.1,7.0,1,Active
Active,IC50,0.1,154584686.0,0.1,7.0,1,Active
Active,IC50,0.1,86299116.0,0.1,7.0,1,Active
Active,IC50,0.1,90409269.0,0.1,7.0,1,Active
Active,IC50,0.1,90409439.0,0.1,7.0,1,Active
Active,IC50,0.1,90410052.0,0.1,7.0,1,Active
Active,IC50,0.1,136963109.0,0.1,7.0,1,Active
Active,IC50,0.1,118159710.0,0.1,7.0,1,Active
Active,IC50,0.1,118159519.0,0.1,7.0,1,Active
Active,IC50,0.1,118159518.0,0.1,7.0,1,Active
Active,IC50,0.1,118159934.0,0.1,7.0,1,Active
Active,IC50,0.1,118159447.0,0.1,7.0,1,Active
Active,IC50,0.1,118177571.0,0.1,7.0,1,Active
Active,IC50,0.1,118159512.0,0.1,7.0,1,Active
Active,IC50,0.1,90410010.0,0.1,7.0,1,Active
Active,IC50,0.1,90409825.0,0.1,7.0,1,Active
Active,IC50,0.1,90409755.0,0.1,7.0,1,Active
Active,IC50,0.1,90409468.0,0.1,7.0,1,Active
Active,IC50,0.1,154584699.0,0.1,7.0,1,Active
Active,IC50,0.1,86299168.0,0.1,7.0,1,Active
Active,IC50,0.1,138374596.0,0.1,7.0,1,Active
Active,IC50,0.1,90409442.0,0.1,7.0,1,Active
Active,IC50,0.1,90409786.0,0.1,7.0,1,Active
Active,IC50,0.1,138374608.0,0.1,7.0,1,Active
Active,IC50,0.1,118159590.0,0.1,7.0,1,Active
Active,IC50,0.1,118159586.0,0.1,7.0,1,Active
Active,IC50,0.1,118159776.0,0.1,7.0,1,Active
Active,IC50,0.1,86299185.0,0.1,7.0,1,Active
Active,IC50,0.1,90409576.0,0.1,7.0,1,Active
Active,IC50,0.1,86299227.0,0.1,7.0,1,Active
Active,IC50,0.1,90409937.0,0.1,7.0,1,Active
Active,IC50,0.1,90410812.0,0.1,7.0,1,Active
Active,IC50,0.1,90409830.0,0.1,7.0,1,Active
Active,IC50,0.1,90409770.0,0.1,7.0,1,Active
Active,IC50,0.1,90409827.0,0.1,7.0,1,Active
Active,IC50,0.1,166594419.0,0.1,7.0,1,Active
Active,IC50,0.1,90409671.0,0.1,7.0,1,Active
Active,IC50,0.1,90410066.0,0.1,7.0,1,Active
Active,IC50,0.1,86299110.0,0.1,7.0,1,Active
Active,IC50,0.1,90409149.0,0.1,7.0,1,Active
Active,IC50,0.1,118159505.0,0.1,7.0,1,Active
Active,IC50,0.1,118159542.0,0.1,7.0,1,Active
Active,IC50,0.1,118159728.0,0.1,7.0,1,Active
Active,IC50,0.1,91810752.0,0.1,7.0,1,Active
Active,IC50,0.1,118159945.0,0.1,7.0,1,Active
Active,IC50,0.1,118159883.0,0.1,7.0,1,Active
Active,IC50,0.1,139538108.0,0.1,7.0,1,Active
Active,IC50,0.1,126648780.0,0.1,7.0,1,Active
Active,IC50,0.1,118159455.0,0.1,7.0,1,Active
Active,IC50,0.1,118159732.0,0.1,7.0,1,Active
Active,IC50,0.1,118159740.0,0.1,7.0,1,Active
Active,IC50,0.1,118159753.0,0.1,7.0,1,Active
Active,IC50,0.1,86299251.0,0.1,7.0,1,Active
Active,IC50,0.1,166594409.0,0.1,7.0,1,Active
Active,IC50,0.1,86299242.0,0.1,7.0,1,Active
Active,IC50,0.1,166594406.0,0.1,7.0,1,Active
Active,IC50,0.1,90409679.0,0.1,7.0,1,Active
Active,IC50,0.1,118159688.0,0.1,7.0,1,Active
Active,IC50,0.1,118159713.0,0.1,7.0,1,Active
Active,IC50,0.1,118159696.0,0.1,7.0,1,Active
Active,IC50,0.1,118159492.0,0.1,7.0,1,Active
Active,IC50,0.1,118159600.0,0.1,7.0,1,Active
Active,IC50,0.1,118159460.0,0.1,7.0,1,Active
Active,IC50,0.1,118159801.0,0.1,7.0,1,Active
Active,IC50,0.1,86299246.0,0.1,7.0,1,Active
Active,IC50,0.1,90410321.0,0.1,7.0,1,Active
Active,IC50,0.1,90438029.0,0.1,7.0,1,Active
Active,IC50,0.1,90410272.0,0.1,7.0,1,Active
Active,IC50,0.1,90409696.0,0.1,7.0,1,Active
Active,IC50,0.1,90409148.0,0.1,7.0,1,Active
Active,IC50,0.1,90410538.0,0.1,7.0,1,Active
Active,IC50,0.1,90409578.0,0.1,7.0,1,Active
Active,IC50,0.1,90438020.0,0.1,7.0,1,Active
Active,IC50,0.1,86299174.0,0.1,7.0,1,Active
Active,IC50,0.1,118177583.0,0.1,7.0,1,Active
Active,IC50,0.1,118159836.0,0.1,7.0,1,Active
Active,IC50,0.1,118159726.0,0.1,7.0,1,Active
Active,IC50,0.1,90409729.0,0.1,7.0,1,Active
Active,IC50,0.1,86299249.0,0.1,7.0,1,Active
Active,IC50,0.1,118159554.0,0.1,7.0,1,Active
Active,IC50,0.1,90410413.0,0.1,7.0,1,Active
Active,IC50,0.1,90409181.0,0.1,7.0,1,Active
Active,IC50,0.1,118159507.0,0.1,7.0,1,Active
Active,IC50,0.1,118177576.0,0.1,7.0,1,Active
Active,IC50,0.1,118159592.0,0.1,7.0,1,Active
Active,IC50,0.1,118159762.0,0.1,7.0,1,Active
Active,IC50,0.1,118159709.0,0.1,7.0,1,Active
Active,IC50,0.1,118159654.0,0.1,7.0,1,Active
Active,IC50,0.1,118159618.0,0.1,7.0,1,Active
Active,IC50,0.1,162663273.0,0.1,7.0,1,Active
Active,IC50,0.1,135323775.0,0.1,7.0,1,Active
Active,IC50,0.1,90409577.0,0.1,7.0,1,Active
Active,IC50,0.1,90408872.0,0.1,7.0,1,Active
Active,IC50,0.1,90408988.0,0.1,7.0,1,Active
Active,IC50,0.1,90438023.0,0.1,7.0,1,Active
Active,IC50,0.1,86299175.0,0.1,7.0,1,Active
Active,IC50,0.1,90410128.0,0.1,7.0,1,Active
Active,IC50,0.1,86299189.0,0.1,7.0,1,Active
Active,IC50,0.1,86299230.0,0.1,7.0,1,Active
Active,IC50,0.1,118159454.0,0.1,7.0,1,Active
Active,IC50,0.1,118159609.0,0.1,7.0,1,Active
Active,IC50,0.1,118159414.0,0.1,7.0,1,Active
Active,IC50,0.1,153297970.0,0.1,7.0,1,Active
Active,IC50,0.1,118159711.0,0.1,7.0,1,Active
Active,IC50,0.1,126648653.0,0.1,7.0,1,Active
Active,IC50,0.1,166594426.0,0.1,7.0,1,Active
Active,IC50,0.1,90408975.0,0.1,7.0,1,Active
Active,IC50,0.1,90409835.0,0.1,7.0,1,Active
Active,IC50,0.1,90409958.0,0.1,7.0,1,Active
Active,IC50,0.1,90409285.0,0.1,7.0,1,Active
Active,IC50,0.1,138374592.0,0.1,7.0,1,Active
Active,IC50,0.1,90409575.0,0.1,7.0,1,Active
Active,IC50,0.1,131734455.0,0.1,7.0,1,Active
Active,IC50,0.1,90409550.0,0.1,7.0,1,Active
Active,IC50,0.1,90409621.0,0.1,7.0,1,Active
Active,IC50,0.1,90410377.0,0.1,7.0,1,Active
Active,IC50,0.1,90409515.0,0.1,7.0,1,Active
Active,IC50,0.1,154584693.0,0.1,7.0,1,Active
Active,IC50,0.1,166594421.0,0.1,7.0,1,Active
Active,IC50,0.1,138374593.0,0.1,7.0,1,Active
Active,IC50,0.1,90409961.0,0.1,7.0,1,Active
Active,IC50,0.1,90409750.0,0.1,7.0,1,Active
Active,IC50,0.1,90409986.0,0.1,7.0,1,Active
Active,IC50,0.1,118467659.0,0.1,7.0,1,Active
Active,IC50,0.1,146012201.0,0.1,7.0,1,Active
Active,IC50,0.1,175682221.0,0.1,7.0,1,Active
Active,IC50,0.1,175682226.0,0.1,7.0,1,Active
Active,IC50,0.1,142745936.0,0.1,7.0,1,Active
Active,IC50,0.1,90409351.0,0.1,7.0,1,Active
Active,IC50,0.1,138374589.0,0.1,7.0,1,Active
Active,IC50,0.1,138374591.0,0.1,7.0,1,Active
Active,IC50,0.1,90409803.0,0.1,7.0,1,Active
Active,IC50,0.1,86299109.0,0.1,7.0,1,Active
Active,IC50,0.1,86298851.0,0.1,7.0,1,Active
Active,IC50,0.1,90410077.0,0.1,7.0,1,Active
Active,IC50,0.1,155921798.0,0.1,7.0,1,Active
Active,IC50,0.1,118467737.0,0.1,7.0,1,Active
Active,IC50,0.1,118467660.0,0.1,7.0,1,Active
Active,IC50,0.1,118467627.0,0.1,7.0,1,Active
Active,IC50,0.1,118467684.0,0.1,7.0,1,Active
Active,IC50,0.1,175682218.0,0.1,7.0,1,Active
Active,IC50,0.1,175682228.0,0.1,7.0,1,Active
Active,IC50,0.1,175682230.0,0.1,7.0,1,Active
Active,IC50,0.1,175682215.0,0.1,7.0,1,Active
Active,IC50,0.1,146012213.0,0.1,7.0,1,Active
Active,IC50,0.1,175682233.0,0.1,7.0,1,Active
Active,IC50,0.1,175682236.0,0.1,7.0,1,Active
Active,IC50,0.1,118467708.0,0.1,7.0,1,Active
Active,IC50,0.1,175682217.0,0.1,7.0,1,Active
Active,IC50,0.1,175682207.0,0.1,7.0,1,Active
Active,IC50,0.1,175682234.0,0.1,7.0,1,Active
Active,IC50,0.1,175682235.0,0.1,7.0,1,Active
Active,IC50,0.1,146012214.0,0.1,7.0,1,Active
Active,IC50,0.1,118467614.0,0.1,7.0,1,Active
Active,IC50,0.1,175682239.0,0.1,7.0,1,Active
Active,IC50,0.1,146012198.0,0.1,7.0,1,Active
Active,IC50,0.1,146012197.0,0.1,7.0,1,Active
Active,IC50,0.1,86567571.0,0.1,7.0,1,Active
Active,IC50,0.1,90409879.0,0.1,7.0,1,Active
Active,IC50,0.1,90409445.0,0.1,7.0,1,Active
Active,IC50,0.1,86299119.0,0.1,7.0,1,Active
Active,IC50,0.1,90409020.0,0.1,7.0,1,Active
Active,IC50,0.1,90409174.0,0.1,7.0,1,Active
Active,IC50,0.1,175682241.0,0.1,7.0,1,Active
Active,IC50,0.1,118467741.0,0.1,7.0,1,Active
Active,IC50,0.1,175682223.0,0.1,7.0,1,Active
Active,IC50,0.1,118467651.0,0.1,7.0,1,Active
Active,IC50,0.1,175682224.0,0.1,7.0,1,Active
Active,IC50,0.1,175682247.0,0.1,7.0,1,Active
Active,IC50,0.1,146012196.0,0.1,7.0,1,Active
Active,IC50,0.1,118467631.0,0.1,7.0,1,Active
Active,IC50,0.1,175682216.0,0.1,7.0,1,Active
Active,IC50,0.1,175682237.0,0.1,7.0,1,Active
Active,IC50,0.1,118467645.0,0.1,7.0,1,Active
Active,IC50,0.1,118467644.0,0.1,7.0,1,Active
Active,IC50,0.1,118467710.0,0.1,7.0,1,Active
Active,IC50,0.1,175682244.0,0.1,7.0,1,Active
Active,IC50,0.1,175682246.0,0.1,7.0,1,Active
Active,IC50,0.1,175682240.0,0.1,7.0,1,Active
Active,IC50,0.1,175682242.0,0.1,7.0,1,Active
Active,IC50,0.1,175682243.0,0.1,7.0,1,Active
Active,IC50,0.1,118467623.0,0.1,7.0,1,Active
Active,IC50,0.1,175682214.0,0.1,7.0,1,Active
Active,IC50,0.1,175682222.0,0.1,7.0,1,Active
Active,IC50,0.1,175682225.0,0.1,7.0,1,Active
Active,IC50,0.1,118467690.0,0.1,7.0,1,Active
Active,IC50,0.1,118467613.0,0.1,7.0,1,Active
Active,IC50,0.1,118467688.0,0.1,7.0,1,Active
Active,IC50,0.1,175682213.0,0.1,7.0,1,Active
Active,IC50,0.1,175682220.0,0.1,7.0,1,Active
Active,IC50,0.1,118467744.0,0.1,7.0,1,Active
Active,IC50,0.1,146012194.0,0.1,7.0,1,Active
Active,IC50,0.1,118467731.0,0.1,7.0,1,Active
Active,IC50,0.1,146012200.0,0.1,7.0,1,Active
Active,IC50,0.1,118467725.0,0.1,7.0,1,Active
Active,IC50,0.1,175682209.0,0.1,7.0,1,Active
Active,IC50,0.1,155921826.0,0.1,7.0,1,Active
Active,IC50,0.1,138752627.0,0.1,7.0,1,Active
Active,IC50,0.1,138752639.0,0.1,7.0,1,Active
Active,IC50,0.1,138752637.0,0.1,7.0,1,Active
Active,IC50,0.1,138752633.0,0.1,7.0,1,Active
Active,IC50,0.1,138752634.0,0.1,7.0,1,Active
Active,IC50,0.1,118467621.0,0.1,7.0,1,Active
Active,IC50,0.1,118467753.0,0.1,7.0,1,Active
Active,IC50,0.1,118467674.0,0.1,7.0,1,Active
Active,IC50,0.1,175682227.0,0.1,7.0,1,Active
Active,IC50,0.1,118467695.0,0.1,7.0,1,Active
Active,IC50,0.1,146012202.0,0.1,7.0,1,Active
Active,IC50,0.1,175682210.0,0.1,7.0,1,Active
Active,IC50,0.1,175682211.0,0.1,7.0,1,Active
Active,IC50,0.1,175682232.0,0.1,7.0,1,Active
Active,IC50,0.1,175682238.0,0.1,7.0,1,Active
Active,IC50,0.1,175682245.0,0.1,7.0,1,Active
Active,IC50,0.1,118467751.0,0.1,7.0,1,Active
Active,IC50,0.1,138752636.0,0.1,7.0,1,Active
Active,IC50,0.1,138752630.0,0.1,7.0,1,Active
Active,IC50,0.1,138752641.0,0.1,7.0,1,Active
Active,IC50,0.1,138752625.0,0.1,7.0,1,Active
Active,IC50,0.1,138752628.0,0.1,7.0,1,Active
Active,IC50,0.1,138752626.0,0.1,7.0,1,Active
Active,IC50,0.1,138752640.0,0.1,7.0,1,Active
Active,IC50,0.1,138752642.0,0.1,7.0,1,Active
Active,IC50,0.1,138752638.0,0.1,7.0,1,Active
Active,IC50,0.1,175682203.0,0.1,7.0,1,Active
Active,IC50,0.1,175682212.0,0.1,7.0,1,Active
Active,IC50,0.1,146012199.0,0.1,7.0,1,Active
Active,IC50,0.1,118467754.0,0.1,7.0,1,Active
Active,IC50,0.1,175682219.0,0.1,7.0,1,Active
Active,IC50,0.1,175682229.0,0.1,7.0,1,Active
Active,IC50,0.1,118467689.0,0.1,7.0,1,Active
Active,IC50,0.1,175682231.0,0.1,7.0,1,Active
Active,IC50,0.1,138752629.0,0.1,7.0,1,Active
Active,IC50,0.1,138752635.0,0.1,7.0,1,Active
Active,IC50,0.1,138752632.0,0.1,7.0,1,Active
Active,IC50,0.1,155921799.0,0.1,7.0,1,Active
Active,IC50,0.1,86299191.0,0.1,7.0,1,Active
Active,IC50,0.1,90409654.0,0.1,7.0,1,Active
Active,IC50,0.1,90409144.0,0.1,7.0,1,Active
Active,IC50,0.1,118467756.0,0.1,7.0,1,Active
Active,IC50,0.1,118467707.0,0.1,7.0,1,Active
Active,IC50,0.1,118467723.0,0.1,7.0,1,Active
Active,IC50,0.1,118467697.0,0.1,7.0,1,Active
Active,IC50,0.1,155921812.0,0.1,7.0,1,Active
Active,IC50,0.1,118467750.0,0.1,7.0,1,Active
Active,IC50,0.1,118467704.0,0.1,7.0,1,Active
Active,IC50,0.1,86299165.0,0.1,7.0,1,Active
Active,IC50,0.1,86299224.0,0.1,7.0,1,Active
Active,IC50,0.1,90410324.0,0.1,7.0,1,Active
Active,IC50,0.1,86299118.0,0.1,7.0,1,Active
Active,IC50,0.1,138374597.0,0.1,7.0,1,Active
Active,IC50,0.1,166594420.0,0.1,7.0,1,Active
Active,IC50,0.1,138374598.0,0.1,7.0,1,Active
Active,IC50,0.1,90409651.0,0.1,7.0,1,Active
Active,IC50,0.1,90409236.0,0.1,7.0,1,Active
Active,IC50,0.1,86281902.0,0.1,7.0,1,Active
Active,IC50,0.1,118467745.0,0.1,7.0,1,Active
Active,IC50,0.1,146012208.0,0.1,7.0,1,Active
Active,IC50,0.1,118467740.0,0.1,7.0,1,Active
Active,IC50,0.1,118467712.0,0.1,7.0,1,Active
Active,IC50,0.1,90409274.0,0.1,7.0,1,Active
Active,IC50,0.1,90409244.0,0.1,7.0,1,Active
Active,IC50,0.1,90409733.0,0.1,7.0,1,Active
Active,IC50,0.1,138374588.0,0.1,7.0,1,Active
Active,IC50,0.1,86298853.0,0.1,7.0,1,Active
Active,IC50,0.1,90410058.0,0.1,7.0,1,Active
Active,IC50,0.1,90409053.0,0.1,7.0,1,Active
Active,IC50,0.1,90409427.0,0.1,7.0,1,Active
Active,IC50,0.1,90410815.0,0.1,7.0,1,Active
Active,IC50,0.1,90409852.0,0.1,7.0,1,Active
Active,IC50,0.1,90409194.0,0.1,7.0,1,Active
Active,IC50,0.1,166177906.0,0.1,7.0,1,Active
Active,IC50,0.1,166177919.0,0.1,7.0,1,Active
Active,IC50,0.1,166177915.0,0.1,7.0,1,Active
Active,IC50,0.1,166177898.0,0.1,7.0,1,Active
Active,IC50,0.1,166177924.0,0.1,7.0,1,Active
Active,IC50,0.1,166177937.0,0.1,7.0,1,Active
Active,IC50,0.1,166177939.0,0.1,7.0,1,Active
Active,IC50,0.1,166177900.0,0.1,7.0,1,Active
Active,IC50,0.1,166177909.0,0.1,7.0,1,Active
Active,IC50,0.1,166177904.0,0.1,7.0,1,Active
Active,IC50,0.1,166177917.0,0.1,7.0,1,Active
Active,IC50,0.1,166177905.0,0.1,7.0,1,Active
Active,IC50,0.1,166177911.0,0.1,7.0,1,Active
Active,IC50,0.1,166177916.0,0.1,7.0,1,Active
Active,IC50,0.1,166177907.0,0.1,7.0,1,Active
Active,IC50,0.1,166177927.0,0.1,7.0,1,Active
Active,IC50,0.1,166177903.0,0.1,7.0,1,Active
Active,IC50,0.1,166177908.0,0.1,7.0,1,Active
Active,IC50,0.1,166177902.0,0.1,7.0,1,Active
Active,IC50,0.1,166177925.0,0.1,7.0,1,Active
Active,IC50,0.1,166177921.0,0.1,7.0,1,Active
Active,IC50,0.1,90408947.0,0.1,7.0,1,Active
Active,IC50,0.1,166177938.0,0.1,7.0,1,Active
Active,IC50,0.1,166177940.0,0.1,7.0,1,Active
Active,IC50,0.1,90409038.0,0.1,7.0,1,Active
Active,IC50,0.1,90409125.0,0.1,7.0,1,Active
Active,IC50,0.1,86299121.0,0.1,7.0,1,Active
Active,IC50,0.1,166177913.0,0.1,7.0,1,Active
Active,IC50,0.1,166177931.0,0.1,7.0,1,Active
Active,IC50,0.1,166177899.0,0.1,7.0,1,Active
Active,IC50,0.1,166177892.0,0.1,7.0,1,Active
Active,IC50,0.1,166177914.0,0.1,7.0,1,Active
Active,IC50,0.1,166177920.0,0.1,7.0,1,Active
Active,IC50,0.1,86282448.0,0.1,7.0,1,Active
Active,IC50,0.1,166177922.0,0.1,7.0,1,Active
Active,IC50,0.1,166177923.0,0.1,7.0,1,Active
Active,IC50,0.1,90408940.0,0.1,7.0,1,Active
Active,IC50,0.1,86299113.0,0.1,7.0,1,Active
Active,IC50,0.1,91826369.0,0.1,7.0,1,Active
Active,IC50,0.1,166177918.0,0.1,7.0,1,Active
Active,IC50,0.1,166177901.0,0.1,7.0,1,Active
Active,IC50,0.1,166177926.0,0.1,7.0,1,Active
Active,IC50,0.1,166177935.0,0.1,7.0,1,Active
Active,IC50,0.1,90408868.0,0.1,7.0,1,Active
Active,IC50,0.1,90409992.0,0.1,7.0,1,Active
Active,IC50,0.1,86299171.0,0.1,7.0,1,Active
Active,IC50,0.1,90410224.0,0.1,7.0,1,Active
Active,Kd,0.1,73353948.0,0.1,7.0,1,Active
Active,IC50,0.1,86299176.0,0.1,7.0,1,Active
Active,IC50,0.1,86299181.0,0.1,7.0,1,Active
Active,IC50,0.1,90410081.0,0.1,7.0,1,Active
Active,IC50,0.1,90410596.0,0.1,7.0,1,Active
Active,IC50,0.1,86299228.0,0.1,7.0,1,Active
Active,IC50,0.1,90409740.0,0.1,7.0,1,Active
Active,IC50,0.1,86299233.0,0.1,7.0,1,Active
Active,IC50,0.1,118159819.0,0.1,7.0,1,Active
Active,IC50,0.1,118159622.0,0.1,7.0,1,Active
Active,IC50,0.1,118159813.0,0.1,7.0,1,Active
Active,IC50,0.1,118159788.0,0.1,7.0,1,Active
Active,IC50,0.1,118159620.0,0.1,7.0,1,Active
Active,IC50,0.1,118467706.0,0.1,7.0,1,Active
Active,IC50,0.1,118467685.0,0.1,7.0,1,Active
Active,IC50,0.1,118467648.0,0.1,7.0,1,Active
Active,IC50,0.1,118467732.0,0.1,7.0,1,Active
Active,IC50,0.1,118467618.0,0.1,7.0,1,Active
Active,IC50,0.1,118467649.0,0.1,7.0,1,Active
Active,IC50,0.1,118467736.0,0.1,7.0,1,Active
Active,IC50,0.1,118467653.0,0.1,7.0,1,Active
Active,IC50,0.1,118467640.0,0.1,7.0,1,Active
Active,IC50,0.1,118467742.0,0.1,7.0,1,Active
Active,IC50,0.1,146012209.0,0.1,7.0,1,Active
Active,IC50,0.1,118467637.0,0.1,7.0,1,Active
Active,IC50,0.1,118467657.0,0.1,7.0,1,Active
Active,IC50,0.1,162533951.0,0.1,7.0,1,Active
Active,IC50,0.1,155921811.0,0.1,7.0,1,Active
Active,IC50,0.1,118472314.0,0.1,7.0,1,Active
Active,IC50,0.1,118467743.0,0.1,7.0,1,Active
Active,IC50,0.1,118467639.0,0.1,7.0,1,Active
Active,IC50,0.1,162533950.0,0.1,7.0,1,Active
Active,IC50,0.1,162533967.0,0.1,7.0,1,Active
Active,IC50,0.1,118467665.0,0.1,7.0,1,Active
Active,IC50,0.1,118467675.0,0.1,7.0,1,Active
Active,IC50,0.1,118467716.0,0.1,7.0,1,Active
Active,IC50,0.1,118467748.0,0.1,7.0,1,Active
Active,IC50,0.1,86299122.0,0.1,7.0,1,Active
Active,IC50,0.1,118467739.0,0.1,7.0,1,Active
Active,IC50,0.1,129185491.0,0.1,7.0,1,Active
Active,IC50,0.1,118467636.0,0.1,7.0,1,Active
Active,IC50,0.1,162533966.0,0.1,7.0,1,Active
Active,IC50,0.1,118467628.0,0.1,7.0,1,Active
Active,IC50,0.1,146012215.0,0.1,7.0,1,Active
Active,IC50,0.1,118467687.0,0.1,7.0,1,Active
Active,IC50,0.1,118467650.0,0.1,7.0,1,Active
Active,IC50,0.1,118467730.0,0.1,7.0,1,Active
Active,IC50,0.1,118467700.0,0.1,7.0,1,Active
Active,IC50,0.1,118159797.0,0.1,7.0,1,Active
Active,IC50,0.1,118159743.0,0.1,7.0,1,Active
Active,IC50,0.1,118159652.0,0.1,7.0,1,Active
Active,IC50,0.1,118159656.0,0.1,7.0,1,Active
Active,IC50,0.1,118159421.0,0.1,7.0,1,Active
Active,IC50,0.1,90410140.0,0.1,7.0,1,Active
Active,IC50,0.1,90410320.0,0.1,7.0,1,Active
Active,IC50,0.1,90409262.0,0.1,7.0,1,Active
Active,IC50,0.1,90410814.0,0.1,7.0,1,Active
Active,IC50,0.1,86299183.0,0.1,7.0,1,Active
Active,IC50,0.1,118467696.0,0.1,7.0,1,Active
Active,IC50,0.1,118467752.0,0.1,7.0,1,Active
Active,IC50,0.1,86298910.0,0.1,7.0,1,Active
Active,IC50,0.1,118159739.0,0.1,7.0,1,Active
Active,IC50,0.1,118159889.0,0.1,7.0,1,Active
Active,IC50,0.1,118159503.0,0.1,7.0,1,Active
Active,IC50,0.1,118159456.0,0.1,7.0,1,Active
Active,IC50,0.1,118159469.0,0.1,7.0,1,Active
Active,IC50,0.1,118159880.0,0.1,7.0,1,Active
Active,IC50,0.1,118467747.0,0.1,7.0,1,Active
Active,IC50,0.1,90409678.0,0.1,7.0,1,Active
Active,IC50,0.1,86299254.0,0.1,7.0,1,Active
Active,IC50,0.1,118159562.0,0.1,7.0,1,Active
Active,IC50,0.1,118159453.0,0.1,7.0,1,Active
Active,IC50,0.1,118159730.0,0.1,7.0,1,Active
Active,IC50,0.1,118159444.0,0.1,7.0,1,Active
Active,IC50,0.1,118159834.0,0.1,7.0,1,Active
Active,IC50,0.1,118159805.0,0.1,7.0,1,Active
Active,IC50,0.1,118159912.0,0.1,7.0,1,Active
Active,IC50,0.1,136963112.0,0.1,7.0,1,Active
Active,IC50,0.1,86299250.0,0.1,7.0,1,Active
Active,IC50,0.1,86299235.0,0.1,7.0,1,Active
Active,IC50,0.1,90409959.0,0.1,7.0,1,Active
Active,IC50,0.1,118159784.0,0.1,7.0,1,Active
Active,IC50,0.1,118159648.0,0.1,7.0,1,Active
Active,IC50,0.1,126572569.0,0.1,7.0,1,Active
Active,IC50,0.1,118159565.0,0.1,7.0,1,Active
Active,IC50,0.1,90409629.0,0.1,7.0,1,Active
Active,IC50,0.1,86299111.0,0.1,7.0,1,Active
Active,IC50,0.1,90409355.0,0.1,7.0,1,Active
Active,IC50,0.1,90409127.0,0.1,7.0,1,Active
Active,IC50,0.1,86299108.0,0.1,7.0,1,Active
Active,IC50,0.1,118159723.0,0.1,7.0,1,Active
Active,IC50,0.1,118159751.0,0.1,7.0,1,Active
Active,IC50,0.1,118159748.0,0.1,7.0,1,Active
Active,IC50,0.1,86299237.0,0.1,7.0,1,Active
Active,IC50,0.1,90411046.0,0.1,7.0,1,Active
Active,IC50,0.1,90410409.0,0.1,7.0,1,Active
Active,IC50,0.1,90409664.0,0.1,7.0,1,Active
Active,IC50,0.1,86299166.0,0.1,7.0,1,Active
Active,IC50,0.1,86299161.0,0.1,7.0,1,Active
Active,IC50,0.1,90409498.0,0.1,7.0,1,Active
Active,IC50,0.1,90409169.0,0.1,7.0,1,Active
Active,IC50,0.1,86299226.0,0.1,7.0,1,Active
Active,IC50,0.1,90409921.0,0.1,7.0,1,Active
Active,IC50,0.1,90409155.0,0.1,7.0,1,Active
Active,IC50,0.1,118159744.0,0.1,7.0,1,Active
Active,IC50,0.1,118177577.0,0.1,7.0,1,Active
Active,IC50,0.1,118159772.0,0.1,7.0,1,Active
Active,IC50,0.1,138961725.0,0.1,7.0,1,Active
Active,IC50,0.1,118177570.0,0.1,7.0,1,Active
Active,IC50,0.1,118159773.0,0.1,7.0,1,Active
Active,IC50,0.1,118159467.0,0.1,7.0,1,Active
Active,IC50,0.1,118159936.0,0.1,7.0,1,Active
Active,IC50,0.1,118159789.0,0.1,7.0,1,Active
Active,IC50,0.1,90409681.0,0.1,7.0,1,Active
Active,IC50,0.1,86299231.0,0.1,7.0,1,Active
Active,IC50,0.1,90409754.0,0.1,7.0,1,Active
Active,IC50,0.1,86299239.0,0.1,7.0,1,Active
Active,IC50,0.1,86299169.0,0.1,7.0,1,Active
Active,IC50,0.1,86299187.0,0.1,7.0,1,Active
Active,IC50,0.1,90408987.0,0.1,7.0,1,Active
Active,IC50,0.1,118159738.0,0.1,7.0,1,Active
Active,IC50,0.1,118159766.0,0.1,7.0,1,Active
Active,IC50,0.1,90409008.0,0.1,7.0,1,Active
Active,IC50,0.1,138374601.0,0.1,7.0,1,Active
Active,IC50,0.1,138374605.0,0.1,7.0,1,Active
Active,IC50,0.1,86299192.0,0.1,7.0,1,Active
Active,IC50,0.1,90442467.0,0.1,7.0,1,Active
Active,IC50,0.1,86299238.0,0.1,7.0,1,Active
Active,IC50,0.1,90409043.0,0.1,7.0,1,Active
Active,IC50,0.1,90409388.0,0.1,7.0,1,Active
Active,IC50,0.1,90409957.0,0.1,7.0,1,Active
Active,IC50,0.1,90410497.0,0.1,7.0,1,Active
Active,IC50,0.1,90410728.0,0.1,7.0,1,Active
Active,IC50,0.1,138374602.0,0.1,7.0,1,Active
Active,IC50,0.1,138374607.0,0.1,7.0,1,Active
Active,IC50,0.1,86299241.0,0.1,7.0,1,Active
Active,IC50,0.1,90410172.0,0.1,7.0,1,Active
Active,IC50,0.1,86299117.0,0.1,7.0,1,Active
Active,IC50,0.1,86299120.0,0.1,7.0,1,Active
Active,IC50,0.1,86299255.0,0.1,7.0,1,Active
Active,IC50,0.1,154584696.0,0.1,7.0,1,Active
Active,IC50,0.1,90409012.0,0.1,7.0,1,Active
Active,IC50,0.1,90410406.0,0.1,7.0,1,Active
Active,IC50,0.1,86299190.0,0.1,7.0,1,Active
Active,IC50,0.1,90410546.0,0.1,7.0,1,Active
Active,IC50,0.1,90410424.0,0.1,7.0,1,Active
Active,IC50,0.1,138374587.0,0.1,7.0,1,Active
Active,IC50,0.1,138374595.0,0.1,7.0,1,Active
Active,IC50,0.1,86299180.0,0.1,7.0,1,Active
Active,IC50,0.1,90408867.0,0.1,7.0,1,Active
Active,IC50,0.1,90409738.0,0.1,7.0,1,Active
Active,IC50,0.1,90409469.0,0.1,7.0,1,Active
Active,IC50,0.1,138374594.0,0.1,7.0,1,Active
Active,IC50,0.1,138374599.0,0.1,7.0,1,Active
Active,IC50,0.1,90408831.0,0.1,7.0,1,Active
Active,IC50,0.1,118159825.0,0.1,7.0,1,Active
Active,IC50,0.1,118159937.0,0.1,7.0,1,Active
Active,IC50,0.1,118159510.0,0.1,7.0,1,Active
Active,IC50,0.1,118159846.0,0.1,7.0,1,Active
Active,IC50,0.1,118159655.0,0.1,7.0,1,Active
Active,IC50,0.1,118159832.0,0.1,7.0,1,Active
Active,IC50,0.1,118159581.0,0.1,7.0,1,Active
Active,IC50,0.1,118159650.0,0.1,7.0,1,Active
Active,IC50,0.1,118159534.0,0.1,7.0,1,Active
Active,IC50,0.1,118159672.0,0.1,7.0,1,Active
Active,IC50,0.1,118159578.0,0.1,7.0,1,Active
Active,IC50,0.1,118159575.0,0.1,7.0,1,Active
Active,IC50,0.1,118159802.0,0.1,7.0,1,Active
Active,IC50,0.1,118159543.0,0.1,7.0,1,Active
Active,IC50,0.1,118159597.0,0.1,7.0,1,Active
Active,IC50,0.1,118159674.0,0.1,7.0,1,Active
Active,IC50,0.1,118159911.0,0.1,7.0,1,Active
Active,IC50,0.1,118159435.0,0.1,7.0,1,Active
Active,IC50,0.1,118159721.0,0.1,7.0,1,Active
Active,IC50,0.1,90409666.0,0.1,7.0,1,Active
Active,IC50,0.1,90409056.0,0.1,7.0,1,Active
Active,IC50,0.1,90409776.0,0.1,7.0,1,Active
Active,IC50,0.1,90409731.0,0.1,7.0,1,Active
Active,IC50,0.1,86299223.0,0.1,7.0,1,Active
Active,IC50,0.1,90409139.0,0.1,7.0,1,Active
Active,IC50,0.1,90409153.0,0.1,7.0,1,Active
Active,IC50,0.1,118159769.0,0.1,7.0,1,Active
Active,IC50,0.1,153313168.0,0.1,7.0,1,Active
Active,IC50,0.1,118159787.0,0.1,7.0,1,Active
Active,IC50,0.1,118159867.0,0.1,7.0,1,Active
Active,IC50,0.1,118159437.0,0.1,7.0,1,Active
Active,IC50,0.1,118159549.0,0.1,7.0,1,Active
Active,IC50,0.1,118159629.0,0.1,7.0,1,Active
Active,IC50,0.1,118159417.0,0.1,7.0,1,Active
Active,IC50,0.1,118159481.0,0.1,7.0,1,Active
Active,IC50,0.1,86299184.0,0.1,7.0,1,Active
Active,IC50,0.1,90409633.0,0.1,7.0,1,Active
Active,IC50,0.1,86299247.0,0.1,7.0,1,Active
Active,IC50,0.1,90409158.0,0.1,7.0,1,Active
Active,IC50,0.1,86299167.0,0.1,7.0,1,Active
Active,IC50,0.1,86299248.0,0.1,7.0,1,Active
Active,IC50,0.1,90409327.0,0.1,7.0,1,Active
Active,IC50,0.1,86299252.0,0.1,7.0,1,Active
Active,IC50,0.1,90409526.0,0.1,7.0,1,Active
Active,IC50,0.1,90409019.0,0.1,7.0,1,Active
Active,IC50,0.1,86299182.0,0.1,7.0,1,Active
Active,IC50,0.1,90409533.0,0.1,7.0,1,Active
Active,IC50,0.1,86299186.0,0.1,7.0,1,Active
Active,IC50,0.1,138374606.0,0.1,7.0,1,Active
Active,IC50,0.1,90408862.0,0.1,7.0,1,Active
Active,IC50,0.1,86299179.0,0.1,7.0,1,Active
Active,IC50,0.1,90409720.0,0.1,7.0,1,Active
Active,IC50,0.1,90410545.0,0.1,7.0,1,Active
Active,IC50,0.1,90410892.0,0.1,7.0,1,Active
Active,IC50,0.1,86299115.0,0.1,7.0,1,Active
Active,IC50,0.1,118159841.0,0.1,7.0,1,Active
Active,IC50,0.1,118159882.0,0.1,7.0,1,Active
Active,IC50,0.1,118159733.0,0.1,7.0,1,Active
Active,IC50,0.1,118159727.0,0.1,7.0,1,Active
Active,IC50,0.1,86299236.0,0.1,7.0,1,Active
Active,IC50,0.1,90409503.0,0.1,7.0,1,Active
Active,IC50,0.1,90409565.0,0.1,7.0,1,Active
Active,IC50,0.1,70980220.0,0.1,7.0,1,Active
Active,IC50,0.1,118159918.0,0.1,7.0,1,Active
Active,IC50,0.1,118159698.0,0.1,7.0,1,Active
Active,IC50,0.1,118159606.0,0.1,7.0,1,Active
Active,IC50,0.1,118159852.0,0.1,7.0,1,Active
Active,IC50,0.1,118159817.0,0.1,7.0,1,Active
Active,IC50,0.1,118159810.0,0.1,7.0,1,Active
Active,IC50,0.1,86299243.0,0.1,7.0,1,Active
Active,IC50,0.1,166594427.0,0.1,7.0,1,Active
Active,IC50,0.1,145972215.0,0.1,7.0,1,Active
Active,Ki,0.1,118137879.0,0.1,7.0,1,Active
Active,IC50,0.1,118159741.0,0.1,7.0,1,Active
Active,IC50,0.1,118159573.0,0.1,7.0,1,Active
Active,IC50,0.1,118159661.0,0.1,7.0,1,Active
Active,IC50,0.1,118159637.0,0.1,7.0,1,Active
Active,IC50,0.1,118159704.0,0.1,7.0,1,Active
Active,IC50,0.1,118159870.0,0.1,7.0,1,Active
Active,IC50,0.1,86298847.0,0.1,7.0,1,Active
Active,IC50,0.1,90410046.0,0.1,7.0,1,Active
Active,IC50,0.1,90409544.0,0.1,7.0,1,Active
Active,IC50,0.1,90409294.0,0.1,7.0,1,Active
Active,IC50,0.1,90409339.0,0.1,7.0,1,Active
Active,IC50,0.1,86299178.0,0.1,7.0,1,Active
Active,IC50,0.1,118159829.0,0.1,7.0,1,Active
Active,IC50,0.1,90409814.0,0.1,7.0,1,Active
Active,Ki,0.1,137657448.0,0.1,7.0,1,Active
Active,IC50,0.1,86299193.0,0.1,7.0,1,Active
Active,IC50,0.1,166594405.0,0.1,7.0,1,Active
Active,IC50,0.1,90409288.0,0.1,7.0,1,Active
Active,IC50,0.1,90410669.0,0.1,7.0,1,Active
Active,IC50,0.1,90410544.0,0.1,7.0,1,Active
Active,IC50,0.1,118467673.0,0.1,7.0,1,Active
Active,IC50,0.1,86299163.0,0.1,7.0,1,Active
Active,IC50,0.1,145866577.0,0.1,7.0,1,Active
Active,IC50,0.1,145866589.0,0.1,7.0,1,Active
Active,IC50,0.1,145866610.0,0.1,7.0,1,Active
Active,IC50,0.1,145866482.0,0.1,7.0,1,Active
Active,IC50,0.1,145866486.0,0.1,7.0,1,Active
Active,IC50,0.1,145866495.0,0.1,7.0,1,Active
Active,IC50,0.1,145866572.0,0.1,7.0,1,Active
Active,IC50,0.1,145866587.0,0.1,7.0,1,Active
Active,IC50,0.1,145866604.0,0.1,7.0,1,Active
Active,IC50,0.1,145866505.0,0.1,7.0,1,Active
Active,IC50,0.1,145866521.0,0.1,7.0,1,Active
Active,IC50,0.1,145866601.0,0.1,7.0,1,Active
Active,IC50,0.1,145866503.0,0.1,7.0,1,Active
Active,IC50,0.1,145866514.0,0.1,7.0,1,Active
Active,IC50,0.1,172636594.0,0.1,7.0,1,Active
Active,IC50,0.1,145866551.0,0.1,7.0,1,Active
Active,IC50,0.1,145866586.0,0.1,7.0,1,Active
Active,IC50,0.1,145866497.0,0.1,7.0,1,Active
Active,IC50,0.1,145866523.0,0.1,7.0,1,Active
Active,IC50,0.1,145866544.0,0.1,7.0,1,Active
Active,IC50,0.1,145866499.0,0.1,7.0,1,Active
Active,IC50,0.1,145866517.0,0.1,7.0,1,Active
Active,IC50,0.1,145866519.0,0.1,7.0,1,Active
Active,IC50,0.1,145866492.0,0.1,7.0,1,Active
Active,IC50,0.1,145866545.0,0.1,7.0,1,Active
Active,IC50,0.1,145866548.0,0.1,7.0,1,Active
Active,IC50,0.1,145866567.0,0.1,7.0,1,Active
Active,IC50,0.1,118093844.0,0.1,7.0,1,Active
Active,IC50,0.1,145866524.0,0.1,7.0,1,Active
Active,IC50,0.1,145866564.0,0.1,7.0,1,Active
Active,IC50,0.1,145866488.0,0.1,7.0,1,Active
Active,IC50,0.1,145866490.0,0.1,7.0,1,Active
Active,IC50,0.1,145866531.0,0.1,7.0,1,Active
Active,IC50,0.1,118093948.0,0.1,7.0,1,Active
Active,IC50,0.1,145866568.0,0.1,7.0,1,Active
Active,IC50,0.1,145866509.0,0.1,7.0,1,Active
Active,IC50,0.1,145866512.0,0.1,7.0,1,Active
Active,IC50,0.1,145866528.0,0.1,7.0,1,Active
Active,IC50,0.1,145866565.0,0.1,7.0,1,Active
Active,IC50,0.1,86294482.0,0.1,7.0,1,Active
Active,IC50,0.1,162533938.0,0.1,7.0,1,Active
Active,IC50,0.1,118093978.0,0.1,7.0,1,Active
Active,IC50,0.1,145866508.0,0.1,7.0,1,Active
Active,IC50,0.1,145866525.0,0.1,7.0,1,Active
Active,IC50,0.1,145866526.0,0.1,7.0,1,Active
Active,IC50,0.1,145866491.0,0.1,7.0,1,Active
Active,IC50,0.1,118467643.0,0.1,7.0,1,Active
Active,IC50,0.1,155921827.0,0.1,7.0,1,Active
Active,IC50,0.1,86299234.0,0.1,7.0,1,Active
Active,IC50,0.1,86299112.0,0.1,7.0,1,Active
Active,IC50,0.1,90409032.0,0.1,7.0,1,Active
Active,IC50,0.1,145866494.0,0.1,7.0,1,Active
Active,IC50,0.1,145866566.0,0.1,7.0,1,Active
Active,IC50,0.1,145866580.0,0.1,7.0,1,Active
Active,IC50,0.1,118079501.0,0.1,7.0,1,Active
Active,IC50,0.1,138374586.0,0.1,7.0,1,Active
Active,IC50,0.1,86299114.0,0.1,7.0,1,Active
Active,IC50,0.1,90408858.0,0.1,7.0,1,Active
Active,IC50,0.1,155921868.0,0.1,7.0,1,Active
Active,IC50,0.1,138374590.0,0.1,7.0,1,Active
Active,IC50,0.1,118467668.0,0.1,7.0,1,Active
Active,IC50,0.1,155921846.0,0.1,7.0,1,Active
Active,IC50,0.1,118467619.0,0.1,7.0,1,Active
Active,IC50,0.1,90409931.0,0.1,7.0,1,Active
Active,IC50,0.1,86298852.0,0.1,7.0,1,Active
Active,IC50,0.1,155921814.0,0.1,7.0,1,Active
Active,IC50,0.1,118467672.0,0.1,7.0,1,Active
Active,IC50,0.1,118467680.0,0.1,7.0,1,Active
Active,IC50,0.1,155921844.0,0.1,7.0,1,Active
Active,IC50,0.1,155921864.0,0.1,7.0,1,Active
Active,IC50,0.1,155921866.0,0.1,7.0,1,Active
Active,IC50,0.1,155921867.0,0.1,7.0,1,Active
Active,IC50,0.1,155921813.0,0.1,7.0,1,Active
Active,IC50,0.1,155921860.0,0.1,7.0,1,Active
Active,IC50,0.1,155921869.0,0.1,7.0,1,Active
Active,IC50,0.1,154584692.0,0.1,7.0,1,Active
Active,IC50,0.1,86299170.0,0.1,7.0,1,Active
Active,IC50,0.1,154584688.0,0.1,7.0,1,Active
Active,IC50,0.1,154584703.0,0.1,7.0,1,Active
Active,IC50,0.1,155921861.0,0.1,7.0,1,Active
Active,IC50,0.1,86299244.0,0.1,7.0,1,Active
Active,Ki,0.1,122187526.0,0.1,7.0,1,Active
Active,IC50,0.1,138374600.0,0.1,7.0,1,Active
Active,IC50,0.1,86299240.0,0.1,7.0,1,Active
Active,IC50,0.1,172636601.0,0.1,7.0,1,Active
Active,IC50,0.1,90408641.0,0.1,7.0,1,Active
Active,IC50,0.1,90408934.0,0.1,7.0,1,Active
Active,IC50,0.1,73775441.0,0.1,7.0,1,Active
Active,IC50,0.1,154584701.0,0.1,7.0,1,Active
Active,IC50,0.1,154584702.0,0.1,7.0,1,Active
Active,IC50,0.1,86299173.0,0.1,7.0,1,Active
Active,IC50,0.1,132006958.0,0.1,7.0,1,Active
Active,IC50,0.1,118288050.0,0.1,7.0,1,Active
Active,IC50,0.1,154584687.0,0.1,7.0,1,Active
Active,IC50,0.1,154584700.0,0.1,7.0,1,Active
Active,IC50,0.1,118159697.0,0.1,7.0,1,Active
Active,IC50,0.1,86299229.0,0.1,7.0,1,Active
Active,IC50,0.1,118159822.0,0.1,7.0,1,Active
Active,IC50,0.1,118159765.0,0.1,7.0,1,Active
Active,IC50,0.1,118159675.0,0.1,7.0,1,Active
Active,IC50,0.1,118159463.0,0.1,7.0,1,Active
Active,IC50,0.1,118159579.0,0.1,7.0,1,Active
Active,IC50,0.1,118159451.0,0.1,7.0,1,Active
Active,IC50,0.1,118159428.0,0.1,7.0,1,Active
Active,IC50,0.1,118159731.0,0.1,7.0,1,Active
Active,IC50,0.1,118159716.0,0.1,7.0,1,Active
Active,IC50,0.1,154584697.0,0.1,7.0,1,Active
Active,IC50,0.1,90410252.0,0.1,7.0,1,Active
Active,IC50,0.1,118159663.0,0.1,7.0,1,Active
Active,IC50,0.1,118159770.0,0.1,7.0,1,Active
Active,IC50,0.1,118159640.0,0.1,7.0,1,Active
Active,IC50,0.1,118159425.0,0.1,7.0,1,Active
Active,IC50,0.1,118159767.0,0.1,7.0,1,Active
Active,IC50,0.1,118159643.0,0.1,7.0,1,Active
Active,IC50,0.1,118159429.0,0.1,7.0,1,Active
Active,IC50,0.1,118159570.0,0.1,7.0,1,Active
Active,IC50,0.1,118159495.0,0.1,7.0,1,Active
Active,IC50,0.1,118159489.0,0.1,7.0,1,Active
Active,IC50,0.1,118159633.0,0.1,7.0,1,Active
Active,IC50,0.1,118159636.0,0.1,7.0,1,Active
Active,IC50,0.1,118159527.0,0.1,7.0,1,Active
Active,IC50,0.1,118159665.0,0.1,7.0,1,Active
Active,IC50,0.1,118159415.0,0.1,7.0,1,Active
Active,IC50,0.1,118159736.0,0.1,7.0,1,Active
Active,IC50,0.1,154584685.0,0.1,7.0,1,Active
Active,IC50,0.1,118159856.0,0.1,7.0,1,Active
Active,IC50,0.1,118159830.0,0.1,7.0,1,Active
Active,IC50,0.1,118159876.0,0.1,7.0,1,Active
Active,IC50,0.1,118159761.0,0.1,7.0,1,Active
Active,IC50,0.1,118159448.0,0.1,7.0,1,Active
Active,IC50,0.1,118177574.0,0.1,7.0,1,Active
Active,IC50,0.1,154584698.0,0.1,7.0,1,Active
Active,IC50,0.1,90409289.0,0.1,7.0,1,Active
Active,IC50,0.1,137110911.0,0.1,7.0,1,Active
Active,IC50,0.1,118159891.0,0.1,7.0,1,Active
Active,IC50,0.1,118177581.0,0.1,7.0,1,Active
Active,IC50,0.1,118159657.0,0.1,7.0,1,Active
Active,IC50,0.1,118159641.0,0.1,7.0,1,Active
Active,IC50,0.1,118159718.0,0.1,7.0,1,Active
Active,IC50,0.1,118159419.0,0.1,7.0,1,Active
Active,IC50,0.1,118159488.0,0.1,7.0,1,Active
Active,IC50,0.1,118159816.0,0.1,7.0,1,Active
Active,IC50,0.1,118159875.0,0.1,7.0,1,Active
Active,IC50,0.1,118177575.0,0.1,7.0,1,Active
Active,IC50,0.1,138106795.0,0.1,7.0,1,Active
Active,IC50,0.1,126563617.0,0.1,7.0,1,Active
Active,IC50,0.1,126563614.0,0.1,7.0,1,Active
Active,IC50,0.1,118159574.0,0.1,7.0,1,Active
Active,IC50,0.1,118159502.0,0.1,7.0,1,Active
Active,IC50,0.1,118159793.0,0.1,7.0,1,Active
Active,IC50,0.1,118159591.0,0.1,7.0,1,Active
Active,IC50,0.1,126563613.0,0.1,7.0,1,Active
Active,IC50,0.1,126563584.0,0.1,7.0,1,Active
Active,IC50,0.1,126563619.0,0.1,7.0,1,Active
Active,IC50,0.1,126564483.0,0.1,7.0,1,Active
Active,IC50,0.1,126563603.0,0.1,7.0,1,Active
Active,IC50,0.1,118159541.0,0.1,7.0,1,Active
Active,IC50,0.1,118159559.0,0.1,7.0,1,Active
Active,IC50,0.1,118159529.0,0.1,7.0,1,Active
Active,IC50,0.1,118159668.0,0.1,7.0,1,Active
Active,IC50,0.1,154584691.0,0.1,7.0,1,Active
Active,IC50,0.1,139410748.0,0.1,7.0,1,Active
Active,IC50,0.1,118159484.0,0.1,7.0,1,Active
Active,IC50,0.1,118159658.0,0.1,7.0,1,Active
Active,IC50,0.1,118159487.0,0.1,7.0,1,Active
Active,IC50,0.1,118159768.0,0.1,7.0,1,Active
Active,IC50,0.1,118159479.0,0.1,7.0,1,Active
Active,IC50,0.1,155235073.0,0.1,7.0,1,Active
Active,IC50,0.1,155714975.0,0.1,7.0,1,Active
Active,IC50,0.1,154700317.0,0.1,7.0,1,Active
Active,IC50,0.1,162663399.0,0.1,7.0,1,Active
Active,IC50,0.1,86299123.0,0.1,7.0,1,Active
Active,IC50,0.1,90411050.0,0.1,7.0,1,Active
Active,IC50,0.1,154584694.0,0.1,7.0,1,Active
Active,IC50,0.1,146434128.0,0.1,7.0,1,Active
Active,IC50,0.1,118660184.0,0.1,7.0,1,Active
Active,IC50,0.1,146434211.0,0.1,7.0,1,Active
Active,IC50,0.1,164613754.0,0.1,7.0,1,Active
Active,IC50,0.1,118159785.0,0.1,7.0,1,Active
Active,IC50,0.1,118159685.0,0.1,7.0,1,Active
Active,IC50,0.1,118159701.0,0.1,7.0,1,Active
Active,IC50,0.1,118159439.0,0.1,7.0,1,Active
Active,IC50,0.1,118159594.0,0.1,7.0,1,Active
Active,IC50,0.1,118159707.0,0.1,7.0,1,Active
Active,IC50,0.1,118159898.0,0.1,7.0,1,Active
Active,IC50,0.1,136963102.0,0.1,7.0,1,Active
Active,IC50,0.1,147447652.0,0.1,7.0,1,Active
Active,IC50,0.1,118159778.0,0.1,7.0,1,Active
Active,IC50,0.1,118159458.0,0.1,7.0,1,Active
Active,IC50,0.1,146012212.0,0.1,7.0,1,Active
Active,IC50,0.1,118159535.0,0.1,7.0,1,Active
Active,IC50,0.1,118159809.0,0.1,7.0,1,Active
Active,IC50,0.1,118467728.0,0.1,7.0,1,Active
Active,IC50,0.1,154700318.0,0.1,7.0,1,Active
Active,IC50,0.1,118159498.0,0.1,7.0,1,Active
Active,IC50,0.1,118159659.0,0.1,7.0,1,Active
Active,IC50,0.1,118159719.0,0.1,7.0,1,Active
Active,IC50,0.1,118177572.0,0.1,7.0,1,Active
Active,IC50,0.1,118159799.0,0.1,7.0,1,Active
Active,IC50,0.1,118159893.0,0.1,7.0,1,Active
Active,IC50,0.1,118159418.0,0.1,7.0,1,Active
Active,IC50,0.1,118159858.0,0.1,7.0,1,Active
Active,IC50,0.1,118159517.0,0.1,7.0,1,Active
Active,IC50,0.1,118159433.0,0.1,7.0,1,Active
Active,IC50,0.1,118159839.0,0.1,7.0,1,Active
Active,IC50,0.1,118159897.0,0.1,7.0,1,Active
Active,IC50,0.1,118159780.0,0.1,7.0,1,Active
Active,IC50,0.1,118159782.0,0.1,7.0,1,Active
Active,IC50,0.1,118159749.0,0.1,7.0,1,Active
Active,IC50,0.1,118159548.0,0.1,7.0,1,Active
Active,IC50,0.1,118159854.0,0.1,7.0,1,Active
Active,IC50,0.1,118159851.0,0.1,7.0,1,Active
Active,IC50,0.1,118159890.0,0.1,7.0,1,Active
Active,IC50,0.1,118159539.0,0.1,7.0,1,Active
Active,IC50,0.1,118159910.0,0.1,7.0,1,Active
Active,IC50,0.1,118159589.0,0.1,7.0,1,Active
Active,IC50,0.1,118159473.0,0.1,7.0,1,Active
Active,IC50,0.1,118159757.0,0.1,7.0,1,Active
Active,IC50,0.1,118159557.0,0.1,7.0,1,Active
Active,IC50,0.1,118159613.0,0.1,7.0,1,Active
Active,IC50,0.1,146012204.0,0.1,7.0,1,Active
Active,IC50,0.1,118159588.0,0.1,7.0,1,Active
Active,IC50,0.1,118159666.0,0.1,7.0,1,Active
Active,IC50,0.1,170081627.0,0.1,7.0,1,Active
Active,IC50,0.1,118159501.0,0.1,7.0,1,Active
Active,IC50,0.1,172460627.0,0.1,7.0,1,Active
Active,IC50,0.1,118159791.0,0.1,7.0,1,Active
Active,IC50,0.1,118159693.0,0.1,7.0,1,Active
Active,IC50,0.1,118467733.0,0.1,7.0,1,Active
Active,IC50,0.1,146012207.0,0.1,7.0,1,Active
Active,IC50,0.1,146012205.0,0.1,7.0,1,Active
Active,IC50,0.1,146012211.0,0.1,7.0,1,Active
Active,IC50,0.1,146012203.0,0.1,7.0,1,Active
Active,IC50,0.1,118467694.0,0.1,7.0,1,Active
Active,IC50,0.1,118467635.0,0.1,7.0,1,Active
Active,IC50,0.1,146012210.0,0.1,7.0,1,Active
Active,IC50,0.1,154700319.0,0.1,7.0,1,Active
Active,IC50,0.1,146012206.0,0.1,7.0,1,Active
Active,IC50,0.1,118476553.0,0.1,7.0,1,Active
Active,IC50,0.1,118159705.0,0.1,7.0,1,Active
Active,IC50,0.1,118159465.0,0.1,7.0,1,Active
Active,IC50,0.1,118177582.0,0.1,7.0,1,Active
Active,IC50,0.1,118159508.0,0.1,7.0,1,Active
Active,IC50,0.1,118437921.0,0.1,7.0,1,Active
Active,IC50,0.1,145829181.0,0.1,7.0,1,Active
Active,IC50,0.1,145965372.0,0.1,7.0,1,Active
Active,IC50,0.1,86344101.0,0.1,7.0,1,Active
Active,IC50,0.1,145974979.0,0.1,7.0,1,Active
Active,IC50,0.1,145966038.0,0.1,7.0,1,Active
Active,IC50,0.1,90409787.0,0.1,7.0,1,Active
Active,IC50,0.1,118159596.0,0.1,7.0,1,Active
Active,IC50,0.1,118177584.0,0.1,7.0,1,Active
Active,IC50,0.1,86343921.0,0.1,7.0,1,Active
Active,IC50,0.1,138752631.0,0.1,7.0,1,Active
Active,IC50,0.1,86299125.0,0.1,7.0,1,Active
Active,IC50,0.1,86299253.0,0.1,7.0,1,Active
Active,IC50,0.1,86299177.0,0.1,7.0,1,Active
Active,IC50,0.1,168474915.0,0.1,7.0,1,Active
Active,IC50,0.1,168474916.0,0.1,7.0,1,Active
Active,IC50,0.1,118159525.0,0.1,7.0,1,Active
Active,IC50,0.1,90409156.0,0.1,7.0,1,Active
Active,IC50,0.1,132185548.0,0.1,7.0,1,Active
Active,IC50,0.1,132167406.0,0.1,7.0,1,Active
Active,IC50,0.1,130311558.0,0.1,7.0,1,Active
Active,IC50,0.1,146012195.0,0.1,7.0,1,Active
Active,IC50,0.1,166594402.0,0.1,7.0,1,Active
Active,IC50,0.1,118079293.0,0.1,7.0,1,Active
Active,IC50,0.1,166594414.0,0.1,7.0,1,Active
Active,IC50,0.1,166594411.0,0.1,7.0,1,Active
Active,IC50,0.1,166594423.0,0.1,7.0,1,Active
Active,IC50,0.1,118159438.0,0.1,7.0,1,Active
Active,IC50,0.1,166594415.0,0.1,7.0,1,Active
Active,IC50,0.1,166594410.0,0.1,7.0,1,Active
Active,IC50,0.1,90409730.0,0.1,7.0,1,Active
Active,IC50,0.1,166594408.0,0.1,7.0,1,Active
Active,IC50,0.1,118159635.0,0.1,7.0,1,Active
Active,IC50,0.1,19704956.0,0.1,7.0,1,Active
Active,IC50,0.1,155562553.0,0.1,7.0,1,Active
Active,IC50,0.1,153313169.0,0.1,7.0,1,Active
Active,IC50,0.1,166594403.0,0.1,7.0,1,Active
Active,IC50,0.1,118159509.0,0.1,7.0,1,Active
Active,IC50,0.1,90409819.0,0.1,7.0,1,Active
Active,IC50,0.1,71258916.0,0.1,7.0,1,Active
Active,IC50,0.1,155191591.0,0.1,7.0,1,Active
Active,IC50,0.1,155191656.0,0.1,7.0,1,Active
Active,IC50,0.1,155191713.0,0.1,7.0,1,Active
Active,IC50,0.1,162654889.0,0.1,7.0,1,Active
Active,IC50,0.1,162664076.0,0.1,7.0,1,Active
Active,IC50,0.1,118732082.0,0.1,7.0,1,Active
Active,IC50,0.1,118159886.0,0.1,7.0,1,Active
Active,IC50,0.1,136985508.0,0.1,7.0,1,Active
Active,IC50,0.1,175682206.0,0.1,7.0,1,Active
Active,IC50,0.1,175682205.0,0.1,7.0,1,Active
Active,IC50,0.1,134828588.0,0.1,7.0,1,Active
Unspecified,IC50,0.1,141531706.0,0.1,7.0,1,Active
Active,IC50,0.1,175682208.0,0.1,7.0,1,Active
Active,IC50,0.1,175682204.0,0.1,7.0,1,Active
Active,IC50,0.1,118177578.0,0.1,7.0,1,Active
Active,IC50,0.1,162396660.0,0.1,7.0,1,Active
Active,IC50,0.1,166594413.0,0.1,7.0,1,Active
Active,IC50,0.1,126648941.0,0.1,7.0,1,Active
Active,IC50,0.1,139538081.0,0.1,7.0,1,Active
Active,Kd,0.1,164616684.0,0.1,7.0,1,Active
Active,IC50,0.1,131987177.0,0.1,7.0,1,Active
Active,IC50,0.1,118159646.0,0.1,7.0,1,Active
Active,IC50,0.1,90667455.0,0.1,7.0,1,Active
Active,IC50,0.1,134316142.0,0.1,7.0,1,Active
Active,IC50,0.1,154584695.0,0.1,7.0,1,Active
Active,IC50,0.1,145866612.0,0.1,7.0,1,Active
Active,IC50,0.1,162646171.0,0.1,7.0,1,Active
Active,IC50,0.1,162657966.0,0.1,7.0,1,Active
Active,IC50,0.1,162653360.0,0.1,7.0,1,Active
Active,IC50,0.1,162651060.0,0.1,7.0,1,Active
Active,IC50,0.1,162652589.0,0.1,7.0,1,Active
Active,IC50,0.1,145866530.0,0.1,7.0,1,Active
Active,IC50,0.1,145866543.0,0.1,7.0,1,Active
Active,IC50,0.1,145866597.0,0.1,7.0,1,Active
Active,IC50,0.1,145866614.0,0.1,7.0,1,Active
Active,IC50,0.1,145866527.0,0.1,7.0,1,Active
Active,IC50,0.1,145866546.0,0.1,7.0,1,Active
Active,IC50,0.1,145866547.0,0.1,7.0,1,Active
Active,IC50,0.1,145866487.0,0.1,7.0,1,Active
Active,IC50,0.1,145866489.0,0.1,7.0,1,Active
Active,IC50,0.1,145866496.0,0.1,7.0,1,Active
Active,IC50,0.1,145866485.0,0.1,7.0,1,Active
Active,IC50,0.1,145866501.0,0.1,7.0,1,Active
Active,IC50,0.1,145866537.0,0.1,7.0,1,Active
Active,IC50,0.1,145866538.0,0.1,7.0,1,Active
Active,IC50,0.1,145866559.0,0.1,7.0,1,Active
Active,IC50,0.1,145866498.0,0.1,7.0,1,Active
Active,IC50,0.1,145866507.0,0.1,7.0,1,Active
Active,IC50,0.1,145866529.0,0.1,7.0,1,Active
Active,IC50,0.1,145866562.0,0.1,7.0,1,Active
Active,IC50,0.1,145866599.0,0.1,7.0,1,Active
Active,IC50,0.1,118093932.0,0.1,7.0,1,Active
Active,IC50,0.1,145866483.0,0.1,7.0,1,Active
Active,IC50,0.1,145866484.0,0.1,7.0,1,Active
Active,IC50,0.1,145866518.0,0.1,7.0,1,Active
Active,IC50,0.1,145866500.0,0.1,7.0,1,Active
Active,IC50,0.1,145866502.0,0.1,7.0,1,Active
Active,IC50,0.1,145866532.0,0.1,7.0,1,Active
Active,IC50,0.1,145866574.0,0.1,7.0,1,Active
Active,IC50,0.1,145866576.0,0.1,7.0,1,Active
Active,IC50,0.1,145866591.0,0.1,7.0,1,Active
Active,IC50,0.1,145866595.0,0.1,7.0,1,Active
Active,IC50,0.1,145866608.0,0.1,7.0,1,Active
Active,IC50,0.1,118093793.0,0.1,7.0,1,Active
Active,IC50,0.1,145866578.0,0.1,7.0,1,Active
Active,IC50,0.1,145866593.0,0.1,7.0,1,Active
Active,IC50,0.1,145866606.0,0.1,7.0,1,Active
Active,IC50,0.1,145866549.0,0.1,7.0,1,Active
Active,IC50,0.1,145866553.0,0.1,7.0,1,Active
Active,IC50,0.1,145866588.0,0.1,7.0,1,Active
Active,IC50,0.1,145866600.0,0.1,7.0,1,Active
Active,IC50,0.1,145866605.0,0.1,7.0,1,Active
Active,IC50,0.1,145866493.0,0.1,7.0,1,Active
Unspecified,IC50,0.1,141531707.0,0.1,7.0,1,Active
Active,IC50,0.1004,146322225.0,0.1004,6.998266287190999,1,Active
Active,IC50,0.10053,168278576.0,0.10053,6.997704317445066,1,Active
Active,Ki,0.101,89657525.0,0.101,6.995678626217357,1,Active
Active,IC50,0.101,594190.0,0.101,6.995678626217357,1,Active
Active,IC50,0.101,154688897.0,0.101,6.995678626217357,1,Active
Active,IC50,0.1016,155431641.0,0.1016,6.9931062920521,1,Active
Active,IC50,0.102,168269352.0,0.102,6.991399828238082,1,Active
Active,IC50,0.102,117891973.0,0.102,6.991399828238082,1,Active
Active,IC50,0.102,117891963.0,0.102,6.991399828238082,1,Active
Active,Ki,0.102,149201098.0,0.102,6.991399828238082,1,Active
Active,IC50,0.1026,171345042.0,0.1026,6.988852639224202,1,Active
Active,IC50,0.103,86343920.0,0.103,6.987162775294828,1,Active
Active,IC50,0.103,117891945.0,0.103,6.987162775294828,1,Active
Active,IC50,0.103,117891953.0,0.103,6.987162775294828,1,Active
Active,IC50,0.103,155431584.0,0.103,6.987162775294828,1,Active
Active,IC50,0.103,155457559.0,0.103,6.987162775294828,1,Active
Active,IC50,0.103,155457831.0,0.103,6.987162775294828,1,Active
Active,IC50,0.103,155457511.0,0.103,6.987162775294828,1,Active
Active,Ki,0.103,123740373.0,0.103,6.987162775294828,1,Active
Active,IC50,0.104,145964543.0,0.104,6.982966660701219,1,Active
Active,IC50,0.104,117723297.0,0.104,6.982966660701219,1,Active
Active,IC50,0.105,148054138.0,0.105,6.978810700930062,1,Active
Active,IC50,0.105,117891992.0,0.105,6.978810700930062,1,Active
Active,IC50,0.105,177380725.0,0.105,6.978810700930062,1,Active
Active,Ki,0.105,154663167.0,0.105,6.978810700930062,1,Active
Active,IC50,0.105,164613593.0,0.105,6.978810700930062,1,Active
Active,IC50,0.105,153465910.0,0.105,6.978810700930062,1,Active
Active,IC50,0.105,75201816.0,0.105,6.978810700930062,1,Active
Active,IC50,0.105,75201686.0,0.105,6.978810700930062,1,Active
Active,IC50,0.106,139341590.0,0.106,6.97469413473523,1,Active
Active,IC50,0.1067,155550228.0,0.1067,6.97183558057553,1,Active
Active,IC50,0.107,168295363.0,0.107,6.97061622231479,1,Active
Active,IC50,0.107,155541564.0,0.107,6.97061622231479,1,Active
Active,IC50,0.107,145972845.0,0.107,6.97061622231479,1,Active
Active,IC50,0.107,145965219.0,0.107,6.97061622231479,1,Active
Active,IC50,0.1075,145966026.0,0.1075,6.968591535748375,1,Active
Active,IC50,0.1078,19704996.0,0.1078,6.96738123914928,1,Active
Active,IC50,0.108,123131633.0,0.108,6.966576244513051,1,Active
Active,IC50,0.108,156775103.0,0.108,6.966576244513051,1,Active
Active,IC50,0.108,117892011.0,0.108,6.966576244513051,1,Active
Active,Ki,0.108,118116260.0,0.108,6.966576244513051,1,Active
Active,IC50,0.109,11283298.0,0.109,6.962573502059376,1,Active
Active,Ki,0.109,155539966.0,0.109,6.962573502059376,1,Active
Active,IC50,0.109,124221562.0,0.109,6.962573502059376,1,Active
Active,IC50,0.109,117892027.0,0.109,6.962573502059376,1,Active
Active,IC50,0.109,122553402.0,0.109,6.962573502059376,1,Active
Active,IC50,0.109,153465754.0,0.109,6.962573502059376,1,Active
Active,Ki,0.11,137648257.0,0.11,6.958607314841775,1,Active
Active,IC50,0.11,86567567.0,0.11,6.958607314841775,1,Active
Active,Kd,0.11,129182256.0,0.11,6.958607314841775,1,Active
Active,IC50,0.11,122553413.0,0.11,6.958607314841775,1,Active
Active,IC50,0.11,137796653.0,0.11,6.958607314841775,1,Active
Active,IC50,0.11,126587554.0,0.11,6.958607314841775,1,Active
Active,IC50,0.11,118889560.0,0.11,6.958607314841775,1,Active
Active,IC50,0.11,155538358.0,0.11,6.958607314841775,1,Active
Active,IC50,0.11,156016820.0,0.11,6.958607314841775,1,Active
Active,IC50,0.11,118270408.0,0.11,6.958607314841775,1,Active
Active,IC50,0.11,118889439.0,0.11,6.958607314841775,1,Active
Active,Kd,0.11,129165729.0,0.11,6.958607314841775,1,Active
Active,Ki,0.11,90019850.0,0.11,6.958607314841775,1,Active
Active,IC50,0.11,122553440.0,0.11,6.958607314841775,1,Active
Active,IC50,0.11,91826397.0,0.11,6.958607314841775,1,Active
Active,IC50,0.11,118889366.0,0.11,6.958607314841775,1,Active
Active,Ki,0.11,118116589.0,0.11,6.958607314841775,1,Active
Active,IC50,0.11,121424073.0,0.11,6.958607314841775,1,Active
Active,IC50,0.11,155352363.0,0.11,6.958607314841775,1,Active
Active,Kd,0.11,129165870.0,0.11,6.958607314841775,1,Active
Active,IC50,0.11,129046605.0,0.11,6.958607314841775,1,Active
Active,IC50,0.11,145954129.0,0.11,6.958607314841775,1,Active
Active,IC50,0.11,91826337.0,0.11,6.958607314841775,1,Active
Active,IC50,0.11,166119758.0,0.11,6.958607314841775,1,Active
Active,IC50,0.11,118437931.0,0.11,6.958607314841775,1,Active
Active,Kd,0.11,129165687.0,0.11,6.958607314841775,1,Active
Active,IC50,0.11,118437971.0,0.11,6.958607314841775,1,Active
Active,IC50,0.11,86282035.0,0.11,6.958607314841775,1,Active
Active,IC50,0.11,86281767.0,0.11,6.958607314841775,1,Active
Active,IC50,0.11,86294279.0,0.11,6.958607314841775,1,Active
Active,IC50,0.11,153388559.0,0.11,6.958607314841775,1,Active
Active,IC50,0.11,139341537.0,0.11,6.958607314841775,1,Active
Active,IC50,0.11,86280822.0,0.11,6.958607314841775,1,Active
Active,IC50,0.11,86281107.0,0.11,6.958607314841775,1,Active
Active,IC50,0.11,137796655.0,0.11,6.958607314841775,1,Active
Active,IC50,0.11,86343546.0,0.11,6.958607314841775,1,Active
Active,IC50,0.11,137796656.0,0.11,6.958607314841775,1,Active
Active,IC50,0.11,135120994.0,0.11,6.958607314841775,1,Active
Active,IC50,0.11,86292589.0,0.11,6.958607314841775,1,Active
Active,IC50,0.111,86282559.0,0.111,6.954677021213342,1,Active
Active,Ki,0.112,71616541.0,0.112,6.950781977329818,1,Active
Active,Ki,0.112,118116587.0,0.112,6.950781977329818,1,Active
Active,IC50,0.112,154689015.0,0.112,6.950781977329818,1,Active
Active,IC50,0.112,172442928.0,0.112,6.950781977329818,1,Active
Active,IC50,0.1124,172447378.0,0.1124,6.949233688766958,1,Active
Active,IC50,0.113,177376984.0,0.113,6.94692155651658,1,Active
Active,IC50,0.113,155539828.0,0.113,6.94692155651658,1,Active
Active,IC50,0.113,15978961.0,0.113,6.94692155651658,1,Active
Active,Ki,0.114,78322399.0,0.114,6.943095148663527,1,Active
Active,IC50,0.114,162662428.0,0.114,6.943095148663527,1,Active
Active,IC50,0.114,168294648.0,0.114,6.943095148663527,1,Active
Active,Ki,0.114,155043611.0,0.114,6.943095148663527,1,Active
Active,IC50,0.114,139558432.0,0.114,6.943095148663527,1,Active
Active,Ki,0.114,118116301.0,0.114,6.943095148663527,1,Active
Active,IC50,0.114,139341554.0,0.114,6.943095148663527,1,Active
Active,IC50,0.115,162668432.0,0.115,6.939302159646388,1,Active
Active,Ki,0.115,118116793.0,0.115,6.939302159646388,1,Active
Active,Ki,0.115,155043541.0,0.115,6.939302159646388,1,Active
Active,IC50,0.1158,172464870.0,0.1158,6.936291440608582,1,Active
Active,Ki,0.116,90388035.0,0.116,6.935542010773082,1,Active
Active,Ki,0.116,155043568.0,0.116,6.935542010773082,1,Active
Active,Ki,0.116,155043404.0,0.116,6.935542010773082,1,Active
Active,Ki,0.116,162495349.0,0.116,6.935542010773082,1,Active
Active,IC50,0.116,168292095.0,0.116,6.935542010773082,1,Active
Active,IC50,0.1164,59569003.0,0.1164,6.934047019686131,1,Active
Active,IC50,0.117,139341553.0,0.117,6.931814138253838,1,Active
Active,IC50,0.117,86567506.0,0.117,6.931814138253838,1,Active
Active,IC50,0.117,139341738.0,0.117,6.931814138253838,1,Active
Active,IC50,0.117,126685932.0,0.117,6.931814138253838,1,Active
Active,IC50,0.117,117892010.0,0.117,6.931814138253838,1,Active
Active,IC50,0.117,75201635.0,0.117,6.931814138253838,1,Active
Active,IC50,0.117,123131629.0,0.117,6.931814138253838,1,Active
Active,IC50,0.1174,155431199.0,0.1174,6.930331903088405,1,Active
Active,IC50,0.118,117892009.0,0.118,6.928117992693875,1,Active
Active,IC50,0.1182,141507303.0,0.1182,6.927382523454764,1,Active
Active,IC50,0.119,139341501.0,0.119,6.924453038607469,1,Active
Active,Kd,0.119,162648411.0,0.119,6.924453038607469,1,Active
Active,IC50,0.119,117892022.0,0.119,6.924453038607469,1,Active
Active,IC50,0.119,146525091.0,0.119,6.924453038607469,1,Active
Active,IC50,0.1195,162655674.0,0.1195,6.922632094715843,1,Active
Active,IC50,0.1198,19704928.0,0.1198,6.921543181946707,1,Active
Active,Kd,0.12,129166043.0,0.12,6.920818753952375,1,Active
Active,IC50,0.12,126685895.0,0.12,6.920818753952375,1,Active
Active,IC50,0.12,117891994.0,0.12,6.920818753952375,1,Active
Active,Kd,0.12,129165999.0,0.12,6.920818753952375,1,Active
Active,IC50,0.12,86281377.0,0.12,6.920818753952375,1,Active
Active,IC50,0.12,86281244.0,0.12,6.920818753952375,1,Active
Active,IC50,0.12,122553412.0,0.12,6.920818753952375,1,Active
Active,IC50,0.12,122553392.0,0.12,6.920818753952375,1,Active
Active,IC50,0.12,86281243.0,0.12,6.920818753952375,1,Active
Active,IC50,0.12,86292385.0,0.12,6.920818753952375,1,Active
Active,IC50,0.12,86282036.0,0.12,6.920818753952375,1,Active
Active,IC50,0.12,145961203.0,0.12,6.920818753952375,1,Active
Active,Ki,0.12,90028262.0,0.12,6.920818753952375,1,Active
Active,IC50,0.12,118889618.0,0.12,6.920818753952375,1,Active
Active,IC50,0.12,117723313.0,0.12,6.920818753952375,1,Active
Active,IC50,0.12,118095186.0,0.12,6.920818753952375,1,Active
Active,IC50,0.12,86281901.0,0.12,6.920818753952375,1,Active
Active,IC50,0.12,86294282.0,0.12,6.920818753952375,1,Active
Active,Kd,0.12,25015677.0,0.12,6.920818753952375,1,Active
Active,IC50,0.12,135120988.0,0.12,6.920818753952375,1,Active
Active,IC50,0.12,86291998.0,0.12,6.920818753952375,1,Active
Active,IC50,0.12,122553477.0,0.12,6.920818753952375,1,Active
Active,Kd,0.12,155522472.0,0.12,6.920818753952375,1,Active
Active,IC50,0.12,86282041.0,0.12,6.920818753952375,1,Active
Active,IC50,0.12,86294483.0,0.12,6.920818753952375,1,Active
Active,IC50,0.12,86292191.0,0.12,6.920818753952375,1,Active
Active,IC50,0.12,127034598.0,0.12,6.920818753952375,1,Active
Active,IC50,0.12,86567568.0,0.12,6.920818753952375,1,Active
Active,IC50,0.12,137631627.0,0.12,6.920818753952375,1,Active
Active,IC50,0.12,86567634.0,0.12,6.920818753952375,1,Active
Active,IC50,0.12,86566905.0,0.12,6.920818753952375,1,Active
Active,IC50,0.12,16722832.0,0.12,6.920818753952375,1,Active
Active,Ki,0.12,86287687.0,0.12,6.920818753952375,1,Active
Active,IC50,0.12,146525047.0,0.12,6.920818753952375,1,Active
Active,Kd,0.12,171355961.0,0.12,6.920818753952375,1,Active
Active,IC50,0.12,118732072.0,0.12,6.920818753952375,1,Active
Active,IC50,0.121,122553473.0,0.121,6.91721462968355,1,Active
Active,IC50,0.121,168278464.0,0.121,6.91721462968355,1,Active
Active,Ki,0.121,89657556.0,0.121,6.91721462968355,1,Active
Active,IC50,0.121,124221567.0,0.121,6.91721462968355,1,Active
Active,IC50,0.1212,118987505.0,0.1212,6.916497380169733,1,Active
Active,IC50,0.122,122588656.0,0.122,6.913640169325252,1,Active
Active,IC50,0.122,172450649.0,0.122,6.913640169325252,1,Active
Active,IC50,0.122,153465861.0,0.122,6.913640169325252,1,Active
Active,IC50,0.122,118067813.0,0.122,6.913640169325252,1,Active
Active,IC50,0.1222,177380737.0,0.1222,6.912928794093465,1,Active
Active,IC50,0.123,139558220.0,0.123,6.910094888560602,1,Active
Active,IC50,0.123,118067818.0,0.123,6.910094888560602,1,Active
Active,IC50,0.123,118067811.0,0.123,6.910094888560602,1,Active
Active,IC50,0.123,153465728.0,0.123,6.910094888560602,1,Active
Active,IC50,0.123,177376978.0,0.123,6.910094888560602,1,Active
Active,Kd,0.123,162665883.0,0.123,6.910094888560602,1,Active
Active,IC50,0.1235,15978963.0,0.1235,6.9083330424043154,1,Active
Active,IC50,0.124,139341540.0,0.124,6.906578314837765,1,Active
Active,Kd,0.124,1192817.0,0.124,6.906578314837765,1,Active
Active,IC50,0.124,172470760.0,0.124,6.906578314837765,1,Active
Active,IC50,0.1245,142296543.0,0.1245,6.904830648568245,1,Active
Active,IC50,0.125,134457889.0,0.125,6.903089986991944,1,Active
Active,Ki,0.125,89657619.0,0.125,6.903089986991944,1,Active
Active,IC50,0.1251,117689239.0,0.1251,6.90274269030658,1,Active
Active,IC50,0.1255,142296524.0,0.1255,6.901356274182943,1,Active
Active,IC50,0.12589,126648572.0,0.12589,6.900008766455316,1,Active
Active,IC50,0.12589,126648895.0,0.12589,6.900008766455316,1,Active
Active,IC50,0.12589,135341827.0,0.12589,6.900008766455316,1,Active
Active,IC50,0.12589,126675974.0,0.12589,6.900008766455316,1,Active
Active,IC50,0.12589,164618105.0,0.12589,6.900008766455316,1,Active
Active,IC50,0.12589,164614079.0,0.12589,6.900008766455316,1,Active
Active,IC50,0.12589,147449651.0,0.12589,6.900008766455316,1,Active
Active,IC50,0.12589,164616391.0,0.12589,6.900008766455316,1,Active
Active,IC50,0.12589,146822183.0,0.12589,6.900008766455316,1,Active
Active,IC50,0.12589,149962244.0,0.12589,6.900008766455316,1,Active
Active,IC50,0.12589,156014278.0,0.12589,6.900008766455316,1,Active
Active,IC50,0.12589,131987176.0,0.12589,6.900008766455316,1,Active
Active,IC50,0.12589,164612127.0,0.12589,6.900008766455316,1,Active
Active,IC50,0.12589,155818571.0,0.12589,6.900008766455316,1,Active
Active,IC50,0.12589,164618820.0,0.12589,6.900008766455316,1,Active
Active,IC50,0.12589,126648589.0,0.12589,6.900008766455316,1,Active
Active,IC50,0.12589,134306284.0,0.12589,6.900008766455316,1,Active
Active,IC50,0.12589,129022870.0,0.12589,6.900008766455316,1,Active
Active,IC50,0.12589,155526096.0,0.12589,6.900008766455316,1,Active
Active,IC50,0.12589,122180560.0,0.12589,6.900008766455316,1,Active
Active,IC50,0.12589,145971415.0,0.12589,6.900008766455316,1,Active
Active,IC50,0.12589,164622185.0,0.12589,6.900008766455316,1,Active
Active,IC50,0.12589,145965402.0,0.12589,6.900008766455316,1,Active
Active,IC50,0.12589,131988817.0,0.12589,6.900008766455316,1,Active
Active,IC50,0.12589,134306292.0,0.12589,6.900008766455316,1,Active
Active,IC50,0.12589,153297976.0,0.12589,6.900008766455316,1,Active
Active,IC50,0.12589,162650028.0,0.12589,6.900008766455316,1,Active
Active,IC50,0.12589,164614619.0,0.12589,6.900008766455316,1,Active
Active,IC50,0.126,76070631.0,0.126,6.899629454882437,1,Active
Active,IC50,0.127,176023839.0,0.127,6.896196279044043,1,Active
Active,Ki,0.127,118116921.0,0.127,6.896196279044043,1,Active
Active,IC50,0.127,152051716.0,0.127,6.896196279044043,1,Active
Active,Kd,0.127,155541119.0,0.127,6.896196279044043,1,Active
Active,IC50,0.128,153465843.0,0.128,6.892790030352131,1,Active
Active,IC50,0.128,117891987.0,0.128,6.892790030352131,1,Active
Active,IC50,0.128,139341532.0,0.128,6.892790030352131,1,Active
Active,Ki,0.128,118116908.0,0.128,6.892790030352131,1,Active
Active,IC50,0.128,117891944.0,0.128,6.892790030352131,1,Active
Active,Ki,0.128,155531097.0,0.128,6.892790030352131,1,Active
Active,Ki,0.128,118116926.0,0.128,6.892790030352131,1,Active
Active,IC50,0.1281,172468828.0,0.1281,6.892450870255313,1,Active
Active,IC50,0.129,129046530.0,0.129,6.889410289700751,1,Active
Active,IC50,0.129,176023834.0,0.129,6.889410289700751,1,Active
Active,IC50,0.129,166139349.0,0.129,6.889410289700751,1,Active
Active,IC50,0.13,171349797.0,0.13,6.886056647693163,1,Active
Active,IC50,0.13,171355702.0,0.13,6.886056647693163,1,Active
Active,IC50,0.13,16722836.0,0.13,6.886056647693163,1,Active
Active,IC50,0.13,163184874.0,0.13,6.886056647693163,1,Active
Active,IC50,0.13,155352452.0,0.13,6.886056647693163,1,Active
Active,IC50,0.13,146037608.0,0.13,6.886056647693163,1,Active
Active,IC50,0.13,86292587.0,0.13,6.886056647693163,1,Active
Active,IC50,0.13,91826350.0,0.13,6.886056647693163,1,Active
Active,IC50,0.13,126582693.0,0.13,6.886056647693163,1,Active
Active,Kd,0.13,155519748.0,0.13,6.886056647693163,1,Active
Active,IC50,0.13,86291794.0,0.13,6.886056647693163,1,Active
Active,IC50,0.13,118889622.0,0.13,6.886056647693163,1,Active
Active,IC50,0.13,86293371.0,0.13,6.886056647693163,1,Active
Active,IC50,0.13,73774682.0,0.13,6.886056647693163,1,Active
Active,Kd,0.13,129166040.0,0.13,6.886056647693163,1,Active
Active,IC50,0.13,86293915.0,0.13,6.886056647693163,1,Active
Active,IC50,0.13,86292188.0,0.13,6.886056647693163,1,Active
Active,IC50,0.13,121414853.0,0.13,6.886056647693163,1,Active
Active,IC50,0.13,137649215.0,0.13,6.886056647693163,1,Active
Active,IC50,0.13,86566835.0,0.13,6.886056647693163,1,Active
Active,Kd,0.13,121342342.0,0.13,6.886056647693163,1,Active
Active,IC50,0.13,118889397.0,0.13,6.886056647693163,1,Active
Active,IC50,0.13,86293916.0,0.13,6.886056647693163,1,Active
Active,Kd,0.13,145987068.0,0.13,6.886056647693163,1,Active
Active,Kd,0.13,118352301.0,0.13,6.886056647693163,1,Active
Active,IC50,0.13,118021930.0,0.13,6.886056647693163,1,Active
Active,IC50,0.13,91826348.0,0.13,6.886056647693163,1,Active
Active,IC50,0.13,118889466.0,0.13,6.886056647693163,1,Active
Active,IC50,0.13,118271001.0,0.13,6.886056647693163,1,Active
Active,IC50,0.13,73775822.0,0.13,6.886056647693163,1,Active
Active,IC50,0.13,73776816.0,0.13,6.886056647693163,1,Active
Active,IC50,0.13,153465913.0,0.13,6.886056647693163,1,Active
Active,IC50,0.13,86281375.0,0.13,6.886056647693163,1,Active
Active,IC50,0.13,117891988.0,0.13,6.886056647693163,1,Active
Active,IC50,0.1303,117689407.0,0.1303,6.885055584287415,1,Active
Active,IC50,0.131,90383582.0,0.131,6.882728704344236,1,Active
Active,Ki,0.131,118116729.0,0.131,6.882728704344236,1,Active
Active,IC50,0.131,134578814.0,0.131,6.882728704344236,1,Active
Active,IC50,0.131,122553430.0,0.131,6.882728704344236,1,Active
Active,IC50,0.131,168284412.0,0.131,6.882728704344236,1,Active
Active,IC50,0.131,177376988.0,0.131,6.882728704344236,1,Active
Active,IC50,0.131,155279691.0,0.131,6.882728704344236,1,Active
Active,IC50,0.132,162717041.0,0.132,6.87942606879415,1,Active
Active,IC50,0.1322,141507290.0,0.1322,6.878768544850378,1,Active
Active,IC50,0.133,117892032.0,0.133,6.876148359032914,1,Active
Active,IC50,0.1336,141507289.0,0.1336,6.874193541860473,1,Active
Active,IC50,0.134,139341577.0,0.134,6.872895201635192,1,Active
Active,IC50,0.134,121424083.0,0.134,6.872895201635192,1,Active
Active,IC50,0.134,146524944.0,0.134,6.872895201635192,1,Active
Active,IC50,0.134,172457274.0,0.134,6.872895201635192,1,Active
Active,IC50,0.134,126686305.0,0.134,6.872895201635192,1,Active
Active,Ki,0.135,118116499.0,0.135,6.8696662315049934,1,Active
Active,IC50,0.135,122362584.0,0.135,6.8696662315049934,1,Active
Active,IC50,0.1351,141507304.0,0.1351,6.869344650977969,1,Active
Active,IC50,0.136,117892033.0,0.136,6.866461091629782,1,Active
Active,Ki,0.136,71616183.0,0.136,6.866461091629782,1,Active
Active,IC50,0.137,172464443.0,0.137,6.863279432843593,1,Active
Active,Kd,0.137,105539860.0,0.137,6.863279432843593,1,Active
Active,IC50,0.138,172451769.0,0.138,6.860120913598763,1,Active
Active,IC50,0.138,135126213.0,0.138,6.860120913598763,1,Active
Active,Ki,0.138,154663171.0,0.138,6.860120913598763,1,Active
Active,IC50,0.138,172441468.0,0.138,6.860120913598763,1,Active
Active,IC50,0.138,172462285.0,0.138,6.860120913598763,1,Active
Active,IC50,0.138,139341536.0,0.138,6.860120913598763,1,Active
Active,IC50,0.1384,141507296.0,0.1384,6.858863909879261,1,Active
Active,Ki,0.139,90395727.0,0.139,6.856985199745905,1,Active
Active,Ki,0.139,155043423.0,0.139,6.856985199745905,1,Active
Active,IC50,0.1395,154688983.0,0.1395,6.855425792390384,1,Active
Active,IC50,0.14,118889461.0,0.14,6.853871964321762,1,Active
Active,IC50,0.14,91826336.0,0.14,6.853871964321762,1,Active
Active,IC50,0.14,91826364.0,0.14,6.853871964321762,1,Active
Active,IC50,0.14,155551648.0,0.14,6.853871964321762,1,Active
Active,Kd,0.14,129165993.0,0.14,6.853871964321762,1,Active
Active,IC50,0.14,126572419.0,0.14,6.853871964321762,1,Active
Active,IC50,0.14,155519897.0,0.14,6.853871964321762,1,Active
Active,IC50,0.14,91826346.0,0.14,6.853871964321762,1,Active
Active,IC50,0.14,172868981.0,0.14,6.853871964321762,1,Active
Active,IC50,0.14,118732078.0,0.14,6.853871964321762,1,Active
Active,Kd,0.14,129166068.0,0.14,6.853871964321762,1,Active
Active,Ki,0.14,170556520.0,0.14,6.853871964321762,1,Active
Active,IC50,0.14,86294096.0,0.14,6.853871964321762,1,Active
Active,IC50,0.14,78322539.0,0.14,6.853871964321762,1,Active
Active,IC50,0.14,86282037.0,0.14,6.853871964321762,1,Active
Active,IC50,0.14,122553466.0,0.14,6.853871964321762,1,Active
Active,IC50,0.14,156018355.0,0.14,6.853871964321762,1,Active
Active,IC50,0.14,126673039.0,0.14,6.853871964321762,1,Active
Active,IC50,0.14,75201814.0,0.14,6.853871964321762,1,Active
Active,IC50,0.14,137653223.0,0.14,6.853871964321762,1,Active
Active,Ki,0.14,72549215.0,0.14,6.853871964321762,1,Active
Active,IC50,0.14,86294099.0,0.14,6.853871964321762,1,Active
Active,IC50,0.14,91826352.0,0.14,6.853871964321762,1,Active
Active,IC50,0.14,86292968.0,0.14,6.853871964321762,1,Active
Active,IC50,0.14,86344281.0,0.14,6.853871964321762,1,Active
Active,Ki,0.14,137653484.0,0.14,6.853871964321762,1,Active
Active,IC50,0.14,86281108.0,0.14,6.853871964321762,1,Active
Active,IC50,0.14,86292001.0,0.14,6.853871964321762,1,Active
Active,IC50,0.14,86567504.0,0.14,6.853871964321762,1,Active
Active,IC50,0.14,91826298.0,0.14,6.853871964321762,1,Active
Active,IC50,0.141,177373897.0,0.141,6.85078088734462,1,Active
Active,IC50,0.141,155546975.0,0.141,6.85078088734462,1,Active
Active,Ki,0.141,89656378.0,0.141,6.85078088734462,1,Active
Active,Ki,0.142,155042791.0,0.142,6.847711655616943,1,Active
Active,IC50,0.142,146322241.0,0.142,6.847711655616943,1,Active
Active,IC50,0.142,146525123.0,0.142,6.847711655616943,1,Active
Active,IC50,0.142,152904685.0,0.142,6.847711655616943,1,Active
Active,IC50,0.143,153465761.0,0.143,6.844663962534939,1,Active
Active,IC50,0.1437,141507294.0,0.1437,6.842543231865775,1,Active
Active,IC50,0.144,139571045.0,0.144,6.841637507904751,1,Active
Active,IC50,0.145,155457740.0,0.145,6.838631997765026,1,Active
Active,IC50,0.145,130311599.0,0.145,6.838631997765026,1,Active
Active,IC50,0.145,153465731.0,0.145,6.838631997765026,1,Active
Active,IC50,0.145,117894042.0,0.145,6.838631997765026,1,Active
Active,Ki,0.145,89656115.0,0.145,6.838631997765026,1,Active
Active,IC50,0.145,139571031.0,0.145,6.838631997765026,1,Active
Active,IC50,0.146,155431415.0,0.146,6.835647144215563,1,Active
Active,IC50,0.1468,59569004.0,0.1468,6.833273944419949,1,Active
Active,IC50,0.147,164854251.0,0.147,6.8326826652518236,1,Active
Active,Ki,0.147,155043497.0,0.147,6.8326826652518236,1,Active
Active,Ki,0.147,155543334.0,0.147,6.8326826652518236,1,Active
Active,IC50,0.147,172450293.0,0.147,6.8326826652518236,1,Active
Active,IC50,0.148,117689648.0,0.148,6.8297382846050425,1,Active
Active,Ki,0.148,71616540.0,0.148,6.8297382846050425,1,Active
Active,IC50,0.148,117891969.0,0.148,6.8297382846050425,1,Active
Active,Ki,0.148,155043422.0,0.148,6.8297382846050425,1,Active
Active,Ki,0.148,71812048.0,0.148,6.8297382846050425,1,Active
Active,IC50,0.149,153465832.0,0.149,6.826813731587726,1,Active
Active,IC50,0.1498,177380220.0,0.1498,6.824488186636552,1,Active
Active,IC50,0.15,117673796.0,0.15,6.823908740944319,1,Active
Active,IC50,0.15,155557175.0,0.15,6.823908740944319,1,Active
Active,IC50,0.15,91826345.0,0.15,6.823908740944319,1,Active
Active,IC50,0.15,118889410.0,0.15,6.823908740944319,1,Active
Active,IC50,0.15,145959505.0,0.15,6.823908740944319,1,Active
Active,IC50,0.15,86294098.0,0.15,6.823908740944319,1,Active
Active,IC50,0.15,86293914.0,0.15,6.823908740944319,1,Active
Active,IC50,0.15,118288035.0,0.15,6.823908740944319,1,Active
Active,IC50,0.15,118889496.0,0.15,6.823908740944319,1,Active
Active,IC50,0.15,118021984.0,0.15,6.823908740944319,1,Active
Active,Ki,0.15,135566900.0,0.15,6.823908740944319,1,Active
Active,IC50,0.15,177377436.0,0.15,6.823908740944319,1,Active
Active,IC50,0.15,118889451.0,0.15,6.823908740944319,1,Active
Active,IC50,0.15,177377434.0,0.15,6.823908740944319,1,Active
Active,IC50,0.15,122553409.0,0.15,6.823908740944319,1,Active
Active,IC50,0.15,86294280.0,0.15,6.823908740944319,1,Active
Active,IC50,0.15,86567636.0,0.15,6.823908740944319,1,Active
Active,Ki,0.15,118117149.0,0.15,6.823908740944319,1,Active
Active,IC50,0.15,141414551.0,0.15,6.823908740944319,1,Active
Active,IC50,0.15,134159771.0,0.15,6.823908740944319,1,Active
Active,Ki,0.15,136387567.0,0.15,6.823908740944319,1,Active
Active,IC50,0.15,118169070.0,0.15,6.823908740944319,1,Active
Active,Kd,0.15,155804451.0,0.15,6.823908740944319,1,Active
Active,IC50,0.15,154701104.0,0.15,6.823908740944319,1,Active
Active,IC50,0.15,86282865.0,0.15,6.823908740944319,1,Active
Active,IC50,0.15,91826347.0,0.15,6.823908740944319,1,Active
Active,Kd,0.15,129166001.0,0.15,6.823908740944319,1,Active
Active,Kd,0.15,129166094.0,0.15,6.823908740944319,1,Active
Active,IC50,0.15,137796659.0,0.15,6.823908740944319,1,Active
Active,IC50,0.15,86281379.0,0.15,6.823908740944319,1,Active
Active,IC50,0.151,168296210.0,0.151,6.82102305270683,1,Active
Active,IC50,0.151,122164735.0,0.151,6.82102305270683,1,Active
Active,Ki,0.151,162495369.0,0.151,6.82102305270683,1,Active
Active,Ki,0.151,71812097.0,0.151,6.82102305270683,1,Active
Active,Ki,0.152,136502891.0,0.152,6.818156412055227,1,Active
Active,Ki,0.152,145988169.0,0.152,6.818156412055227,1,Active
Active,IC50,0.152,162647135.0,0.152,6.818156412055227,1,Active
Active,IC50,0.152,153465767.0,0.152,6.818156412055227,1,Active
Active,IC50,0.1525,142296605.0,0.1525,6.816730156317195,1,Active
Active,IC50,0.1528,20862023.0,0.1528,6.815876645760329,1,Active
Active,IC50,0.153,176023837.0,0.153,6.815308569182402,1,Active
Active,IC50,0.153,159575269.0,0.153,6.815308569182402,1,Active
Active,Ki,0.153,89657266.0,0.153,6.815308569182402,1,Active
Active,Ki,0.153,155043079.0,0.153,6.815308569182402,1,Active
Active,IC50,0.153,139558231.0,0.153,6.815308569182402,1,Active
Active,IC50,0.154,122553433.0,0.154,6.8124792791635365,1,Active
Active,IC50,0.154,164854259.0,0.154,6.8124792791635365,1,Active
Active,IC50,0.154,160999301.0,0.154,6.8124792791635365,1,Active
Active,IC50,0.1546,172445589.0,0.1546,6.810790510417694,1,Active
Active,IC50,0.155,162658957.0,0.155,6.809668301829708,1,Active
Active,Ki,0.155,118116632.0,0.155,6.809668301829708,1,Active
Active,Ki,0.155,89657637.0,0.155,6.809668301829708,1,Active
Active,IC50,0.155,177376995.0,0.155,6.809668301829708,1,Active
Active,IC50,0.155,139558380.0,0.155,6.809668301829708,1,Active
Active,Kd,0.155,162661287.0,0.155,6.809668301829708,1,Active
Active,IC50,0.155,155560213.0,0.155,6.809668301829708,1,Active
Active,IC50,0.1554,172452065.0,0.1554,6.808548985535104,1,Active
Active,IC50,0.156,161473877.0,0.156,6.806875401645538,1,Active
Active,IC50,0.156,153465844.0,0.156,6.806875401645538,1,Active
Active,IC50,0.156,177376974.0,0.156,6.806875401645538,1,Active
Active,Ki,0.156,86582446.0,0.156,6.806875401645538,1,Active
Active,IC50,0.1562,161181295.0,0.1562,6.806318970458719,1,Active
Active,IC50,0.1563,168355533.0,0.1563,6.806041021980813,1,Active
Active,Ki,0.157,89656034.0,0.157,6.804100347590766,1,Active
Active,IC50,0.157,177376979.0,0.157,6.804100347590766,1,Active
Active,IC50,0.157,118067812.0,0.157,6.804100347590766,1,Active
Active,IC50,0.157,172460925.0,0.157,6.804100347590766,1,Active
Active,IC50,0.157,168296881.0,0.157,6.804100347590766,1,Active
Active,IC50,0.158,148257127.0,0.158,6.801342913045577,1,Active
Active,Ki,0.158,89657395.0,0.158,6.801342913045577,1,Active
Active,IC50,0.158,123131639.0,0.158,6.801342913045577,1,Active
Active,Ki,0.158,86581839.0,0.158,6.801342913045577,1,Active
Active,IC50,0.15849,168270203.0,0.15849,6.799998134593398,1,Active
Active,IC50,0.15849,168282914.0,0.15849,6.799998134593398,1,Active
Active,IC50,0.15849,168277357.0,0.15849,6.799998134593398,1,Active
Active,IC50,0.15849,165430661.0,0.15849,6.799998134593398,1,Active
Active,IC50,0.15849,162664047.0,0.15849,6.799998134593398,1,Active
Active,IC50,0.15849,168298137.0,0.15849,6.799998134593398,1,Active
Active,IC50,0.15849,142418177.0,0.15849,6.799998134593398,1,Active
Active,IC50,0.15849,148056097.0,0.15849,6.799998134593398,1,Active
Active,IC50,0.15849,172470722.0,0.15849,6.799998134593398,1,Active
Active,IC50,0.15849,164618127.0,0.15849,6.799998134593398,1,Active
Active,IC50,0.15849,153297983.0,0.15849,6.799998134593398,1,Active
Active,IC50,0.15849,145976398.0,0.15849,6.799998134593398,1,Active
Active,IC50,0.15849,145976805.0,0.15849,6.799998134593398,1,Active
Active,IC50,0.15849,76310219.0,0.15849,6.799998134593398,1,Active
Active,IC50,0.15849,145970508.0,0.15849,6.799998134593398,1,Active
Active,IC50,0.15849,126648586.0,0.15849,6.799998134593398,1,Active
Active,IC50,0.15849,126648777.0,0.15849,6.799998134593398,1,Active
Active,IC50,0.15849,164617592.0,0.15849,6.799998134593398,1,Active
Active,IC50,0.15849,142418113.0,0.15849,6.799998134593398,1,Active
Active,IC50,0.15849,168281822.0,0.15849,6.799998134593398,1,Active
Active,IC50,0.15849,155559855.0,0.15849,6.799998134593398,1,Active
Active,IC50,0.15849,155526401.0,0.15849,6.799998134593398,1,Active
Active,IC50,0.15849,131987264.0,0.15849,6.799998134593398,1,Active
Active,IC50,0.15849,131987186.0,0.15849,6.799998134593398,1,Active
Active,IC50,0.15849,52934039.0,0.15849,6.799998134593398,1,Active
Active,IC50,0.15849,164620534.0,0.15849,6.799998134593398,1,Active
Active,IC50,0.15849,162655390.0,0.15849,6.799998134593398,1,Active
Active,IC50,0.15849,164621078.0,0.15849,6.799998134593398,1,Active
Active,IC50,0.15849,71259047.0,0.15849,6.799998134593398,1,Active
Active,IC50,0.159,139558418.0,0.159,6.798602875679548,1,Active
Active,Kd,0.159,147442946.0,0.159,6.798602875679548,1,Active
Active,IC50,0.16,134579156.0,0.16,6.795880017344075,1,Active
Active,IC50,0.16,91826335.0,0.16,6.795880017344075,1,Active
Active,IC50,0.16,121414852.0,0.16,6.795880017344075,1,Active
Active,IC50,0.16,117891980.0,0.16,6.795880017344075,1,Active
Active,IC50,0.16,156018904.0,0.16,6.795880017344075,1,Active
Active,IC50,0.16,118889450.0,0.16,6.795880017344075,1,Active
Active,IC50,0.16,118889525.0,0.16,6.795880017344075,1,Active
Active,IC50,0.16,122164730.0,0.16,6.795880017344075,1,Active
Active,Kd,0.16,52670832.0,0.16,6.795880017344075,1,Active
Active,Ki,0.16,137639306.0,0.16,6.795880017344075,1,Active
Active,IC50,0.16,137639443.0,0.16,6.795880017344075,1,Active
Active,Kd,0.16,162672143.0,0.16,6.795880017344075,1,Active
Active,IC50,0.16,118437928.0,0.16,6.795880017344075,1,Active
Active,IC50,0.16,86280970.0,0.16,6.795880017344075,1,Active
Active,IC50,0.16,134159766.0,0.16,6.795880017344075,1,Active
Active,IC50,0.16,135120998.0,0.16,6.795880017344075,1,Active
Active,IC50,0.1605,162657768.0,0.1605,6.794524963259109,1,Active
Active,IC50,0.161,155461223.0,0.161,6.79317412396815,1,Active
Active,Ki,0.161,71812033.0,0.161,6.79317412396815,1,Active
Active,IC50,0.161,139341578.0,0.161,6.79317412396815,1,Active
Active,IC50,0.161,121424079.0,0.161,6.79317412396815,1,Active
Active,IC50,0.162,153465796.0,0.162,6.790484985457369,1,Active
Active,IC50,0.162,154634417.0,0.162,6.790484985457369,1,Active
Active,IC50,0.162,155561005.0,0.162,6.790484985457369,1,Active
Active,IC50,0.163,139524511.0,0.163,6.787812395596042,1,Active
Active,IC50,0.163,117891970.0,0.163,6.787812395596042,1,Active
Active,IC50,0.163,177376967.0,0.163,6.787812395596042,1,Active
Active,IC50,0.1637,155518033.0,0.1637,6.785951320588058,1,Active
Active,IC50,0.164,172455925.0,0.164,6.785156151952302,1,Active
Active,Ki,0.164,139208209.0,0.164,6.785156151952302,1,Active
Active,IC50,0.1648,172456035.0,0.1648,6.783042792638903,1,Active
Active,IC50,0.165,162646337.0,0.165,6.782516055786093,1,Active
Active,IC50,0.16596,145925690.0,0.16596,6.779996573843064,1,Active
Active,IC50,0.16596,145962174.0,0.16596,6.779996573843064,1,Active
Active,IC50,0.166,177376982.0,0.166,6.779891911959945,1,Active
Active,IC50,0.166,86567637.0,0.166,6.779891911959945,1,Active
Active,IC50,0.166,117891985.0,0.166,6.779891911959945,1,Active
Active,IC50,0.1671,155520236.0,0.1671,6.777023550106609,1,Active
Active,IC50,0.1678,162649886.0,0.1678,6.775208043507319,1,Active
Active,IC50,0.168,145976831.0,0.168,6.774690718274137,1,Active
Active,IC50,0.168,145967434.0,0.168,6.774690718274137,1,Active
Active,Ki,0.168,162495360.0,0.168,6.774690718274137,1,Active
Active,IC50,0.169,117891993.0,0.169,6.772113295386326,1,Active
Active,Ki,0.169,89657398.0,0.169,6.772113295386326,1,Active
Active,IC50,0.1691,155511227.0,0.1691,6.771856392402258,1,Active
Active,Ki,0.16982,136226511.0,0.16982,6.770011163455189,1,Active
Active,IC50,0.17,91826342.0,0.17,6.769551078621726,1,Active
Active,Kd,0.17,153617030.0,0.17,6.769551078621726,1,Active
Active,IC50,0.17,137634124.0,0.17,6.769551078621726,1,Active
Active,IC50,0.17,86567505.0,0.17,6.769551078621726,1,Active
Active,IC50,0.17,91826299.0,0.17,6.769551078621726,1,Active
Active,Kd,0.17,171345660.0,0.17,6.769551078621726,1,Active
Active,IC50,0.17,121334630.0,0.17,6.769551078621726,1,Active
Active,Kd,0.17,172449500.0,0.17,6.769551078621726,1,Active
Active,Kd,0.17,129165803.0,0.17,6.769551078621726,1,Active
Active,IC50,0.17,117673811.0,0.17,6.769551078621726,1,Active
Active,IC50,0.17,145951567.0,0.17,6.769551078621726,1,Active
Active,IC50,0.17,91826304.0,0.17,6.769551078621726,1,Active
Active,IC50,0.17,118889555.0,0.17,6.769551078621726,1,Active
Active,IC50,0.17,118732080.0,0.17,6.769551078621726,1,Active
Active,IC50,0.17,137796663.0,0.17,6.769551078621726,1,Active
Active,IC50,0.17,86343738.0,0.17,6.769551078621726,1,Active
Active,IC50,0.17,168283366.0,0.17,6.769551078621726,1,Active
Active,IC50,0.17,139570843.0,0.17,6.769551078621726,1,Active
Active,IC50,0.17,122553467.0,0.17,6.769551078621726,1,Active
Active,IC50,0.171,177376973.0,0.171,6.767003889607846,1,Active
Active,Ki,0.171,118116380.0,0.171,6.767003889607846,1,Active
Active,IC50,0.172,139558353.0,0.172,6.764471553092451,1,Active
Active,IC50,0.172,117891996.0,0.172,6.764471553092451,1,Active
Active,IC50,0.172,162658347.0,0.172,6.764471553092451,1,Active
Active,IC50,0.1721,155544158.0,0.1721,6.76421912967244,1,Active
Active,IC50,0.173,177376976.0,0.173,6.761953896871205,1,Active
Active,IC50,0.173,164854252.0,0.173,6.761953896871205,1,Active
Active,IC50,0.1734,156012090.0,0.1734,6.760950906859809,1,Active
Active,IC50,0.1734,162662089.0,0.1734,6.760950906859809,1,Active
Active,Ki,0.174,155547993.0,0.174,6.7594507517174005,1,Active
Active,IC50,0.174,155461002.0,0.174,6.7594507517174005,1,Active
Active,Ki,0.174,89657610.0,0.174,6.7594507517174005,1,Active
Active,IC50,0.174,126686293.0,0.174,6.7594507517174005,1,Active
Active,IC50,0.174,153465874.0,0.174,6.7594507517174005,1,Active
Active,IC50,0.174,117891947.0,0.174,6.7594507517174005,1,Active
Active,IC50,0.175,134579148.0,0.175,6.756961951313706,1,Active
Active,IC50,0.175,156021289.0,0.175,6.756961951313706,1,Active
Active,IC50,0.175,124190354.0,0.175,6.756961951313706,1,Active
Active,IC50,0.175,126686304.0,0.175,6.756961951313706,1,Active
Active,IC50,0.175,134144495.0,0.175,6.756961951313706,1,Active
Active,IC50,0.175,117891962.0,0.175,6.756961951313706,1,Active
Active,IC50,0.175,164887499.0,0.175,6.756961951313706,1,Active
Active,IC50,0.1758,142296563.0,0.1758,6.754981129262247,1,Active
Active,IC50,0.176,122588596.0,0.176,6.7544873321858505,1,Active
Active,Ki,0.176,118116585.0,0.176,6.7544873321858505,1,Active
Active,IC50,0.176,169492865.0,0.176,6.7544873321858505,1,Active
Active,IC50,0.176,155566251.0,0.176,6.7544873321858505,1,Active
Active,Ki,0.177,155042798.0,0.177,6.752026733638194,1,Active
Active,IC50,0.1775,142296604.0,0.1775,6.750801642608887,1,Active
Active,Ki,0.178,71616298.0,0.178,6.749579997691106,1,Active
Active,IC50,0.178,172449145.0,0.178,6.749579997691106,1,Active
Active,Ki,0.178,117775624.0,0.178,6.749579997691106,1,Active
Active,IC50,0.179,172449371.0,0.179,6.747146969020107,1,Active
Active,IC50,0.18,177377435.0,0.18,6.7447274948966935,1,Active
Active,IC50,0.18,152137243.0,0.18,6.7447274948966935,1,Active
Active,IC50,0.18,86282834.0,0.18,6.7447274948966935,1,Active
Active,Kd,0.18,170556466.0,0.18,6.7447274948966935,1,Active
Active,IC50,0.18,137796658.0,0.18,6.7447274948966935,1,Active
Active,IC50,0.18,71720056.0,0.18,6.7447274948966935,1,Active
Active,IC50,0.18,86282449.0,0.18,6.7447274948966935,1,Active
Active,IC50,0.18,145956910.0,0.18,6.7447274948966935,1,Active
Active,IC50,0.18,117891950.0,0.18,6.7447274948966935,1,Active
Active,Kd,0.18,145704688.0,0.18,6.7447274948966935,1,Active
Active,IC50,0.18,117723314.0,0.18,6.7447274948966935,1,Active
Active,Kd,0.18,171357932.0,0.18,6.7447274948966935,1,Active
Active,IC50,0.18,73776676.0,0.18,6.7447274948966935,1,Active
Active,IC50,0.18,149341100.0,0.18,6.7447274948966935,1,Active
Active,IC50,0.18,118270385.0,0.18,6.7447274948966935,1,Active
Active,IC50,0.18,86281245.0,0.18,6.7447274948966935,1,Active
Active,Ki,0.18,170556536.0,0.18,6.7447274948966935,1,Active
Active,IC50,0.18,137648078.0,0.18,6.7447274948966935,1,Active
Active,Kd,0.18,127031094.0,0.18,6.7447274948966935,1,Active
Active,IC50,0.18,137634784.0,0.18,6.7447274948966935,1,Active
Active,IC50,0.18,177373898.0,0.18,6.7447274948966935,1,Active
Active,IC50,0.18,71272293.0,0.18,6.7447274948966935,1,Active
Active,Ki,0.18,78320816.0,0.18,6.7447274948966935,1,Active
Active,IC50,0.18,155461122.0,0.18,6.7447274948966935,1,Active
Active,IC50,0.18,145950411.0,0.18,6.7447274948966935,1,Active
Active,IC50,0.18,126587543.0,0.18,6.7447274948966935,1,Active
Active,IC50,0.18,118453011.0,0.18,6.7447274948966935,1,Active
Active,IC50,0.18,172447404.0,0.18,6.7447274948966935,1,Active
Active,IC50,0.181,139558410.0,0.181,6.7423214251308154,1,Active
Active,IC50,0.1811,172468603.0,0.1811,6.742081549685942,1,Active
Active,IC50,0.182,124190459.0,0.182,6.739928612014925,1,Active
Active,IC50,0.183,145978238.0,0.183,6.73754891026957,1,Active
Active,Ki,0.183,136236457.0,0.183,6.73754891026957,1,Active
Active,IC50,0.1835,177382064.0,0.1835,6.7363639314118915,1,Active
Active,Ki,0.184,71812088.0,0.184,6.735182176990463,1,Active
Active,IC50,0.1845,145965052.0,0.1845,6.734003629504921,1,Active
Active,IC50,0.1847,172053308.0,0.1847,6.733533104559759,1,Active
Active,IC50,0.185,139558342.0,0.185,6.732828271596986,1,Active
Active,Ki,0.185,118116802.0,0.185,6.732828271596986,1,Active
Active,IC50,0.185,177380733.0,0.185,6.732828271596986,1,Active
Active,IC50,0.186,145975937.0,0.186,6.730487055782084,1,Active
Active,IC50,0.186,166634540.0,0.186,6.730487055782084,1,Active
Active,IC50,0.1864,177380217.0,0.1864,6.729554091982037,1,Active
Active,IC50,0.187,164854255.0,0.187,6.728158393463501,1,Active
Active,IC50,0.188,117892016.0,0.188,6.72584215073632,1,Active
Active,IC50,0.188,117892003.0,0.188,6.72584215073632,1,Active
Active,Ki,0.189,118117150.0,0.189,6.723538195826756,1,Active
Active,IC50,0.189,139341734.0,0.189,6.723538195826756,1,Active
Active,IC50,0.1895,142296553.0,0.1895,6.722390785695909,1,Active
Active,IC50,0.1899,172441412.0,0.1899,6.721475035262983,1,Active
Active,Ki,0.19,89657550.0,0.19,6.721246399047171,1,Active
Active,IC50,0.19,91826389.0,0.19,6.721246399047171,1,Active
Active,Ki,0.19,130345500.0,0.19,6.721246399047171,1,Active
Active,IC50,0.19,126572560.0,0.19,6.721246399047171,1,Active
Active,IC50,0.19,91826340.0,0.19,6.721246399047171,1,Active
Active,Kd,0.19,134163707.0,0.19,6.721246399047171,1,Active
Active,Ki,0.19,137632577.0,0.19,6.721246399047171,1,Active
Active,IC50,0.19,57344606.0,0.19,6.721246399047171,1,Active
Active,IC50,0.19,155352318.0,0.19,6.721246399047171,1,Active
Active,IC50,0.19,91826343.0,0.19,6.721246399047171,1,Active
Active,IC50,0.19,118270348.0,0.19,6.721246399047171,1,Active
Active,IC50,0.19,168273971.0,0.19,6.721246399047171,1,Active
Active,IC50,0.19,117891940.0,0.19,6.721246399047171,1,Active
Active,IC50,0.19,126582731.0,0.19,6.721246399047171,1,Active
Active,IC50,0.19,86293726.0,0.19,6.721246399047171,1,Active
Active,IC50,0.19,76902203.0,0.19,6.721246399047171,1,Active
Active,IC50,0.19,117673813.0,0.19,6.721246399047171,1,Active
Active,IC50,0.19,137652708.0,0.19,6.721246399047171,1,Active
Active,IC50,0.19,57344527.0,0.19,6.721246399047171,1,Active
Active,Ki,0.19,89657633.0,0.19,6.721246399047171,1,Active
Active,IC50,0.19,91971319.0,0.19,6.721246399047171,1,Active
Active,IC50,0.192,117891935.0,0.192,6.716698771296451,1,Active
Active,IC50,0.193,153465760.0,0.193,6.714442690992226,1,Active
Active,Ki,0.193,118116923.0,0.193,6.714442690992226,1,Active
Active,Ki,0.193,155043843.0,0.193,6.714442690992226,1,Active
Active,IC50,0.193,118547301.0,0.193,6.714442690992226,1,Active
Active,IC50,0.193,147865949.0,0.193,6.714442690992226,1,Active
Active,IC50,0.1935,155289198.0,0.1935,6.71331903064507,1,Active
Active,Ki,0.194,90387467.0,0.194,6.7121982700697735,1,Active
Active,IC50,0.194,172448679.0,0.194,6.7121982700697735,1,Active
Active,Kd,0.195,162658582.0,0.195,6.709965388637482,1,Active
Active,IC50,0.195,122553497.0,0.195,6.709965388637482,1,Active
Active,Ki,0.196,155043495.0,0.196,6.707743928643524,1,Active
Active,IC50,0.197,126686916.0,0.197,6.7055337738384075,1,Active
Active,IC50,0.198,177380236.0,0.198,6.703334809738469,1,Active
Active,IC50,0.199,142296579.0,0.199,6.701146923590294,1,Active
Active,IC50,0.199,146478893.0,0.199,6.701146923590294,1,Active
Active,Ki,0.19953,49805721.0,0.19953,6.699991797446187,1,Active
Active,IC50,0.19953,164609201.0,0.19953,6.699991797446187,1,Active
Active,IC50,0.19953,146434338.0,0.19953,6.699991797446187,1,Active
Active,IC50,0.19953,177655778.0,0.19953,6.699991797446187,1,Active
Active,IC50,0.19953,162645194.0,0.19953,6.699991797446187,1,Active
Active,IC50,0.19953,126739313.0,0.19953,6.699991797446187,1,Active
Active,IC50,0.19953,145977320.0,0.19953,6.699991797446187,1,Active
Active,IC50,0.19953,132168056.0,0.19953,6.699991797446187,1,Active
Active,IC50,0.19953,172439372.0,0.19953,6.699991797446187,1,Active
Active,IC50,0.19953,146434341.0,0.19953,6.699991797446187,1,Active
Active,IC50,0.19953,164618700.0,0.19953,6.699991797446187,1,Active
Active,IC50,0.19953,164615140.0,0.19953,6.699991797446187,1,Active
Active,IC50,0.19953,126648438.0,0.19953,6.699991797446187,1,Active
Active,IC50,0.19953,168299075.0,0.19953,6.699991797446187,1,Active
Active,IC50,0.19953,164623537.0,0.19953,6.699991797446187,1,Active
Active,IC50,0.19953,164618735.0,0.19953,6.699991797446187,1,Active
Active,IC50,0.19953,127025982.0,0.19953,6.699991797446187,1,Active
Active,IC50,0.19953,131987129.0,0.19953,6.699991797446187,1,Active
Active,IC50,0.19953,172471184.0,0.19953,6.699991797446187,1,Active
Active,IC50,0.19953,134306298.0,0.19953,6.699991797446187,1,Active
Active,IC50,0.19953,168298360.0,0.19953,6.699991797446187,1,Active
Active,IC50,0.19953,164623597.0,0.19953,6.699991797446187,1,Active
Active,IC50,0.2,155181078.0,0.2,6.698970004336019,1,Active
Active,IC50,0.2,90465849.0,0.2,6.698970004336019,1,Active
Active,IC50,0.2,73774826.0,0.2,6.698970004336019,1,Active
Active,IC50,0.2,137661190.0,0.2,6.698970004336019,1,Active
Active,IC50,0.2,156009913.0,0.2,6.698970004336019,1,Active
Active,IC50,0.2,155163529.0,0.2,6.698970004336019,1,Active
Active,IC50,0.2,137796667.0,0.2,6.698970004336019,1,Active
Active,IC50,0.2,166177930.0,0.2,6.698970004336019,1,Active
Active,IC50,0.2,90387844.0,0.2,6.698970004336019,1,Active
Active,IC50,0.2,86295909.0,0.2,6.698970004336019,1,Active
Active,Kd,0.2,121373418.0,0.2,6.698970004336019,1,Active
Active,IC50,0.2,57344531.0,0.2,6.698970004336019,1,Active
Active,IC50,0.2,86295880.0,0.2,6.698970004336019,1,Active
Active,IC50,0.2,117892013.0,0.2,6.698970004336019,1,Active
Active,IC50,0.2,137644977.0,0.2,6.698970004336019,1,Active
Active,IC50,0.2,145971461.0,0.2,6.698970004336019,1,Active
Active,IC50,0.2,145956320.0,0.2,6.698970004336019,1,Active
Active,IC50,0.2,151815470.0,0.2,6.698970004336019,1,Active
Active,IC50,0.2,166177891.0,0.2,6.698970004336019,1,Active
Active,IC50,0.2,90465996.0,0.2,6.698970004336019,1,Active
Active,IC50,0.2,166177890.0,0.2,6.698970004336019,1,Active
Active,IC50,0.2,150980475.0,0.2,6.698970004336019,1,Active
Active,IC50,0.2,90466146.0,0.2,6.698970004336019,1,Active
Active,IC50,0.2,90466145.0,0.2,6.698970004336019,1,Active
Active,IC50,0.2,90465999.0,0.2,6.698970004336019,1,Active
Active,IC50,0.2,90465998.0,0.2,6.698970004336019,1,Active
Active,IC50,0.2,90465995.0,0.2,6.698970004336019,1,Active
Active,IC50,0.2,90466000.0,0.2,6.698970004336019,1,Active
Active,IC50,0.2,155352323.0,0.2,6.698970004336019,1,Active
Active,IC50,0.2,118889417.0,0.2,6.698970004336019,1,Active
Active,IC50,0.2,153465769.0,0.2,6.698970004336019,1,Active
Active,IC50,0.2,86292384.0,0.2,6.698970004336019,1,Active
Active,IC50,0.2,73774679.0,0.2,6.698970004336019,1,Active
Active,IC50,0.2,86566740.0,0.2,6.698970004336019,1,Active
Active,IC50,0.2,90465997.0,0.2,6.698970004336019,1,Active
Active,IC50,0.2,90465848.0,0.2,6.698970004336019,1,Active
Active,IC50,0.2,155352269.0,0.2,6.698970004336019,1,Active
Active,IC50,0.2,90466001.0,0.2,6.698970004336019,1,Active
Active,IC50,0.2,129046522.0,0.2,6.698970004336019,1,Active
Active,IC50,0.2,139341582.0,0.2,6.698970004336019,1,Active
Active,IC50,0.2,139341535.0,0.2,6.698970004336019,1,Active
Active,IC50,0.2,117723264.0,0.2,6.698970004336019,1,Active
Active,IC50,0.2002,172464498.0,0.2002,6.6985359268567,1,Active
Active,IC50,0.201,117891938.0,0.201,6.696803942579511,1,Active
Active,IC50,0.202,162717039.0,0.202,6.694648630553377,1,Active
Active,IC50,0.202,177380736.0,0.202,6.694648630553377,1,Active
Active,Ki,0.202,118116801.0,0.202,6.694648630553377,1,Active
Active,Ki,0.202,71812000.0,0.202,6.694648630553377,1,Active
Active,IC50,0.202,166633926.0,0.202,6.694648630553377,1,Active
Active,Ki,0.203,155042821.0,0.203,6.692503962086787,1,Active
Active,IC50,0.203,153465811.0,0.203,6.692503962086787,1,Active
Active,IC50,0.203,155539256.0,0.203,6.692503962086787,1,Active
Active,IC50,0.203,162674427.0,0.203,6.692503962086787,1,Active
Active,IC50,0.2034,172468444.0,0.2034,6.6916490514132745,1,Active
Active,IC50,0.2037,177380237.0,0.2037,6.691008970999836,1,Active
Active,IC50,0.204,688798.0,0.204,6.690369832574101,1,Active
Active,IC50,0.205,117891997.0,0.205,6.688246138944246,1,Active
Active,Kd,0.205,46843772.0,0.205,6.688246138944246,1,Active
Active,Ki,0.205,71617691.0,0.205,6.688246138944246,1,Active
Active,IC50,0.2052,155513363.0,0.2052,6.687822643560222,1,Active
Active,IC50,0.2052,155523212.0,0.2052,6.687822643560222,1,Active
Active,IC50,0.206,149489852.0,0.206,6.686132779630847,1,Active
Active,IC50,0.206,172470489.0,0.206,6.686132779630847,1,Active
Active,IC50,0.206,126686914.0,0.206,6.686132779630847,1,Active
Active,IC50,0.206,146524960.0,0.206,6.686132779630847,1,Active
Active,Ki,0.207,155043658.0,0.207,6.684029654543083,1,Active
Active,IC50,0.208,153465738.0,0.208,6.681936665037238,1,Active
Active,IC50,0.208,156775099.0,0.208,6.681936665037238,1,Active
Active,IC50,0.208,162645808.0,0.208,6.681936665037238,1,Active
Active,IC50,0.209,123131632.0,0.209,6.679853713888946,1,Active
Active,IC50,0.209,168277535.0,0.209,6.679853713888946,1,Active
Active,IC50,0.21,91826316.0,0.21,6.6777807052660805,1,Active
Active,IC50,0.21,16722938.0,0.21,6.6777807052660805,1,Active
Active,Kd,0.21,171345509.0,0.21,6.6777807052660805,1,Active
Active,IC50,0.21,86294689.0,0.21,6.6777807052660805,1,Active
Active,IC50,0.21,127033770.0,0.21,6.6777807052660805,1,Active
Active,IC50,0.21,137796652.0,0.21,6.6777807052660805,1,Active
Active,IC50,0.21,156021368.0,0.21,6.6777807052660805,1,Active
Active,IC50,0.21,135120990.0,0.21,6.6777807052660805,1,Active
Active,Kd,0.21,171353478.0,0.21,6.6777807052660805,1,Active
Active,Kd,0.21,129166005.0,0.21,6.6777807052660805,1,Active
Active,IC50,0.21,145971516.0,0.21,6.6777807052660805,1,Active
Active,IC50,0.21,126572518.0,0.21,6.6777807052660805,1,Active
Active,IC50,0.21,699832.0,0.21,6.6777807052660805,1,Active
Active,IC50,0.211,117891998.0,0.211,6.675717544702307,1,Active
Active,IC50,0.211,117891995.0,0.211,6.675717544702307,1,Active
Active,IC50,0.2115,172439030.0,0.2115,6.674689628288939,1,Active
Active,IC50,0.212,121448877.0,0.212,6.673664139071248,1,Active
Active,Ki,0.213,89656457.0,0.213,6.671620396561262,1,Active
Active,IC50,0.214,172466369.0,0.214,6.669586226650809,1,Active
Active,IC50,0.215,161162321.0,0.215,6.667561540084395,1,Active
Active,Ki,0.215,89657593.0,0.215,6.667561540084395,1,Active
Active,IC50,0.216,172462352.0,0.216,6.665546248849069,1,Active
Active,IC50,0.217,154688981.0,0.217,6.663540266151471,1,Active
Active,IC50,0.217,117892014.0,0.217,6.663540266151471,1,Active
Active,IC50,0.2171,155560004.0,0.2171,6.66334017654558,1,Active
Active,IC50,0.2171,172450568.0,0.2171,6.66334017654558,1,Active
Active,IC50,0.2176,172444513.0,0.2176,6.662341108973858,1,Active
Active,IC50,0.218,117891946.0,0.218,6.661543506395395,1,Active
Active,IC50,0.218,117894046.0,0.218,6.661543506395395,1,Active
Active,Kd,0.218,105539842.0,0.218,6.661543506395395,1,Active
Active,IC50,0.2184,172462697.0,0.2184,6.660747365967301,1,Active
Active,IC50,0.219,168278486.0,0.219,6.6595558851598815,1,Active
Active,IC50,0.219,177380723.0,0.219,6.6595558851598815,1,Active
Active,IC50,0.219,177380731.0,0.219,6.6595558851598815,1,Active
Active,IC50,0.219,139558330.0,0.219,6.6595558851598815,1,Active
Active,IC50,0.22,147729188.0,0.22,6.657577319177793,1,Active
Active,IC50,0.22,71271897.0,0.22,6.657577319177793,1,Active
Active,IC50,0.22,118437925.0,0.22,6.657577319177793,1,Active
Active,IC50,0.22,126572548.0,0.22,6.657577319177793,1,Active
Active,IC50,0.22,118889463.0,0.22,6.657577319177793,1,Active
Active,IC50,0.22,86294480.0,0.22,6.657577319177793,1,Active
Active,Ki,0.22,170556533.0,0.22,6.657577319177793,1,Active
Active,IC50,0.22,118437954.0,0.22,6.657577319177793,1,Active
Active,IC50,0.22,129012530.0,0.22,6.657577319177793,1,Active
Active,IC50,0.22,122553377.0,0.22,6.657577319177793,1,Active
Active,IC50,0.22,118732069.0,0.22,6.657577319177793,1,Active
Active,IC50,0.22,117892012.0,0.22,6.657577319177793,1,Active
Active,Kd,0.22,162643515.0,0.22,6.657577319177793,1,Active
Active,IC50,0.22,118732079.0,0.22,6.657577319177793,1,Active
Active,IC50,0.22,73774976.0,0.22,6.657577319177793,1,Active
Active,IC50,0.22,122164732.0,0.22,6.657577319177793,1,Active
Active,IC50,0.22,73776815.0,0.22,6.657577319177793,1,Active
Active,IC50,0.22,118459804.0,0.22,6.657577319177793,1,Active
Active,IC50,0.22,177377440.0,0.22,6.657577319177793,1,Active
Active,IC50,0.22,155534265.0,0.22,6.657577319177793,1,Active
Active,IC50,0.22,86282724.0,0.22,6.657577319177793,1,Active
Active,Kd,0.22,171345769.0,0.22,6.657577319177793,1,Active
Active,IC50,0.22,168274714.0,0.22,6.657577319177793,1,Active
Active,IC50,0.22,155564460.0,0.22,6.657577319177793,1,Active
Active,IC50,0.22,155556169.0,0.22,6.657577319177793,1,Active
Active,IC50,0.22,86567431.0,0.22,6.657577319177793,1,Active
Active,IC50,0.22,141414546.0,0.22,6.657577319177793,1,Active
Active,IC50,0.22,73774824.0,0.22,6.657577319177793,1,Active
Active,IC50,0.221,130311607.0,0.221,6.655607726314889,1,Active
Active,IC50,0.222,177376980.0,0.222,6.653647025549361,1,Active
Active,Kd,0.222,134457551.0,0.222,6.653647025549361,1,Active
Active,Kd,0.222,162648257.0,0.222,6.653647025549361,1,Active
Active,IC50,0.223,155512187.0,0.223,6.651695136951839,1,Active
Active,Kd,0.224,15944527.0,0.224,6.649751981665837,1,Active
Active,IC50,0.225,162677028.0,0.225,6.647817481888637,1,Active
Active,IC50,0.225,137650342.0,0.225,6.647817481888637,1,Active
Active,Ki,0.225,89656296.0,0.225,6.647817481888637,1,Active
Active,IC50,0.225,168270672.0,0.225,6.647817481888637,1,Active
Active,IC50,0.2253,15978960.0,0.2253,6.647238808276169,1,Active
Active,IC50,0.2269,177380225.0,0.2269,6.644165504115064,1,Active
Active,IC50,0.227,153438012.0,0.227,6.6439741428068775,1,Active
Active,IC50,0.228,153465890.0,0.228,6.642065152999546,1,Active
Active,IC50,0.229,139341584.0,0.229,6.640164517660112,1,Active
Active,IC50,0.2299,86282835.0,0.2299,6.638461028730721,1,Active
Active,IC50,0.23,118889392.0,0.23,6.638272163982407,1,Active
Active,IC50,0.23,71661712.0,0.23,6.638272163982407,1,Active
Active,Ki,0.23,90017113.0,0.23,6.638272163982407,1,Active
Active,IC50,0.23,145956136.0,0.23,6.638272163982407,1,Active
Active,IC50,0.23,91826301.0,0.23,6.638272163982407,1,Active
Active,IC50,0.23,122553459.0,0.23,6.638272163982407,1,Active
Active,IC50,0.23,139558225.0,0.23,6.638272163982407,1,Active
Active,IC50,0.23,135567378.0,0.23,6.638272163982407,1,Active
Active,IC50,0.23,118437929.0,0.23,6.638272163982407,1,Active
Active,IC50,0.23,73776819.0,0.23,6.638272163982407,1,Active
Active,IC50,0.231,118540003.0,0.231,6.636388020107856,1,Active
Active,Ki,0.232,78322716.0,0.232,6.634512015109101,1,Active
Active,IC50,0.233,117891982.0,0.233,6.632644078973981,1,Active
Active,Ki,0.234,89657544.0,0.234,6.6307841425898575,1,Active
Active,IC50,0.234,86282420.0,0.234,6.6307841425898575,1,Active
Active,IC50,0.234,153465880.0,0.234,6.6307841425898575,1,Active
Active,IC50,0.23442,132992936.0,0.23442,6.630005338391572,1,Active
Active,IC50,0.2345,154688947.0,0.2345,6.629857152948898,1,Active
Active,IC50,0.235,177380726.0,0.235,6.628932137728263,1,Active
Active,IC50,0.236,162651201.0,0.236,6.627087997029894,1,Active
Active,Ki,0.236,71617110.0,0.236,6.627087997029894,1,Active
Active,Ki,0.236,71617692.0,0.236,6.627087997029894,1,Active
Active,IC50,0.237,166627096.0,0.237,6.6252516539898965,1,Active
Active,IC50,0.2374,1395662.0,0.2374,6.624519285381427,1,Active
Unspecified,Ki,0.238,118116412.0,0.238,6.623423042943488,1,Active
Active,Ki,0.238,89657392.0,0.238,6.623423042943488,1,Active
Unspecified,Ki,0.238,118116642.0,0.238,6.623423042943488,1,Active
Unspecified,Ki,0.238,118116465.0,0.238,6.623423042943488,1,Active
Active,IC50,0.2385,142296514.0,0.2385,6.622511616623868,1,Active
Active,IC50,0.239,146525015.0,0.239,6.621602099051862,1,Active
Active,IC50,0.239,139341573.0,0.239,6.621602099051862,1,Active
Active,IC50,0.2399,177380229.0,0.2399,6.619969752032169,1,Active
Active,IC50,0.24,138059773.0,0.24,6.619788758288394,1,Active
Active,IC50,0.24,155534118.0,0.24,6.619788758288394,1,Active
Active,IC50,0.24,155533716.0,0.24,6.619788758288394,1,Active
Active,IC50,0.24,118022070.0,0.24,6.619788758288394,1,Active
Active,IC50,0.24,73774828.0,0.24,6.619788758288394,1,Active
Active,IC50,0.24,177377438.0,0.24,6.619788758288394,1,Active
Active,IC50,0.24,118022209.0,0.24,6.619788758288394,1,Active
Active,Ki,0.24,118116580.0,0.24,6.619788758288394,1,Active
Active,IC50,0.24,170649827.0,0.24,6.619788758288394,1,Active
Active,IC50,0.241,44180156.0,0.241,6.617982957425132,1,Active
Active,IC50,0.243,76070843.0,0.243,6.614393726401688,1,Active
Active,IC50,0.2442,172445134.0,0.2442,6.612254340391137,1,Active
Active,IC50,0.2461,176012305.0,0.2461,6.608888386297197,1,Active
Active,IC50,0.247,139341724.0,0.247,6.607303046740334,1,Active
Active,IC50,0.248,168279907.0,0.248,6.605548319173784,1,Active
Active,IC50,0.248,148031163.0,0.248,6.605548319173784,1,Active
Active,Ki,0.249,155534563.0,0.249,6.603800652904264,1,Active
Active,IC50,0.25,118437943.0,0.25,6.6020599913279625,1,Active
Active,Kd,0.25,170556500.0,0.25,6.6020599913279625,1,Active
Active,Kd,0.25,129166233.0,0.25,6.6020599913279625,1,Active
Active,Kd,0.25,129165841.0,0.25,6.6020599913279625,1,Active
Active,IC50,0.25,72945555.0,0.25,6.6020599913279625,1,Active
Active,IC50,0.25,118022184.0,0.25,6.6020599913279625,1,Active
Active,Ki,0.25,155043565.0,0.25,6.6020599913279625,1,Active
Active,IC50,0.25,142296602.0,0.25,6.6020599913279625,1,Active
Active,IC50,0.25,91809475.0,0.25,6.6020599913279625,1,Active
Active,IC50,0.25,166633151.0,0.25,6.6020599913279625,1,Active
Active,Kd,0.25,171343744.0,0.25,6.6020599913279625,1,Active
Active,IC50,0.25,172468230.0,0.25,6.6020599913279625,1,Active
Active,Ki,0.25,118116652.0,0.25,6.6020599913279625,1,Active
Active,Ki,0.25,130357671.0,0.25,6.6020599913279625,1,Active
Active,IC50,0.25,118732084.0,0.25,6.6020599913279625,1,Active
Active,IC50,0.25,67814495.0,0.25,6.6020599913279625,1,Active
Active,Kd,0.25,162395897.0,0.25,6.6020599913279625,1,Active
Active,IC50,0.25119,164620509.0,0.25119,6.599997654072044,1,Active
Active,IC50,0.25119,52935183.0,0.25119,6.599997654072044,1,Active
Active,IC50,0.25119,162676435.0,0.25119,6.599997654072044,1,Active
Active,IC50,0.25119,168298987.0,0.25119,6.599997654072044,1,Active
Active,IC50,0.25119,52936135.0,0.25119,6.599997654072044,1,Active
Active,IC50,0.25119,168298977.0,0.25119,6.599997654072044,1,Active
Active,IC50,0.25119,126675275.0,0.25119,6.599997654072044,1,Active
Active,IC50,0.25119,164613009.0,0.25119,6.599997654072044,1,Active
Active,IC50,0.25119,76317442.0,0.25119,6.599997654072044,1,Active
Active,IC50,0.25119,134306285.0,0.25119,6.599997654072044,1,Active
Active,IC50,0.25119,134308841.0,0.25119,6.599997654072044,1,Active
Active,IC50,0.25119,155525350.0,0.25119,6.599997654072044,1,Active
Active,IC50,0.25119,145965382.0,0.25119,6.599997654072044,1,Active
Active,IC50,0.25119,164619562.0,0.25119,6.599997654072044,1,Active
Active,IC50,0.25119,164623658.0,0.25119,6.599997654072044,1,Active
Active,IC50,0.25119,145946097.0,0.25119,6.599997654072044,1,Active
Active,IC50,0.25119,156009104.0,0.25119,6.599997654072044,1,Active
Active,IC50,0.25119,164630300.0,0.25119,6.599997654072044,1,Active
Active,IC50,0.25119,164614550.0,0.25119,6.599997654072044,1,Active
Active,IC50,0.25119,164612794.0,0.25119,6.599997654072044,1,Active
Active,IC50,0.25119,135341834.0,0.25119,6.599997654072044,1,Active
Active,IC50,0.25119,164611467.0,0.25119,6.599997654072044,1,Active
Active,IC50,0.25119,52932793.0,0.25119,6.599997654072044,1,Active
Active,IC50,0.25119,164628018.0,0.25119,6.599997654072044,1,Active
Active,Ki,0.25119,59149763.0,0.25119,6.599997654072044,1,Active
Active,IC50,0.25119,155119727.0,0.25119,6.599997654072044,1,Active
Active,IC50,0.2515,162658051.0,0.2515,6.599462010608054,1,Active
Active,IC50,0.2521,172444919.0,0.2521,6.598427154323554,1,Active
Active,IC50,0.253,145964393.0,0.253,6.5968794788241825,1,Active
Active,IC50,0.254,162665561.0,0.254,6.5951662833800615,1,Active
Active,IC50,0.254,165368932.0,0.254,6.5951662833800615,1,Active
Active,IC50,0.2541,20862057.0,0.2541,6.594995334949631,1,Active
Active,Ki,0.255,71811973.0,0.255,6.5934598195660445,1,Active
Active,IC50,0.255,118550353.0,0.255,6.5934598195660445,1,Active
Active,Ki,0.255,118116604.0,0.255,6.5934598195660445,1,Active
Active,IC50,0.258,148297982.0,0.258,6.58838029403677,1,Active
Active,IC50,0.259,172461197.0,0.259,6.586700235918748,1,Active
Active,IC50,0.259,168275241.0,0.259,6.586700235918748,1,Active
Active,IC50,0.26,148698852.0,0.26,6.585026652029182,1,Active
Active,IC50,0.26,162670578.0,0.26,6.585026652029182,1,Active
Active,Kd,0.26,129166105.0,0.26,6.585026652029182,1,Active
Active,IC50,0.26,118080562.0,0.26,6.585026652029182,1,Active
Active,IC50,0.26,162526522.0,0.26,6.585026652029182,1,Active
Active,IC50,0.26,118889372.0,0.26,6.585026652029182,1,Active
Active,IC50,0.26,86291795.0,0.26,6.585026652029182,1,Active
Active,IC50,0.26,162396661.0,0.26,6.585026652029182,1,Active
Active,IC50,0.26,86296103.0,0.26,6.585026652029182,1,Active
Active,Kd,0.26,146342120.0,0.26,6.585026652029182,1,Active
Active,IC50,0.26,129012531.0,0.26,6.585026652029182,1,Active
Active,IC50,0.26,91826310.0,0.26,6.585026652029182,1,Active
Active,IC50,0.2603,155552169.0,0.2603,6.5845258318907645,1,Active
Active,IC50,0.261,146525148.0,0.261,6.583359492661719,1,Active
Active,Ki,0.261,71811956.0,0.261,6.583359492661719,1,Active
Active,IC50,0.261,162675944.0,0.261,6.583359492661719,1,Active
Active,IC50,0.2625,154688950.0,0.2625,6.580870692258024,1,Active
Active,IC50,0.263,172441537.0,0.263,6.580044251510242,1,Active
Active,IC50,0.264,168282223.0,0.264,6.578396073130169,1,Active
Active,Ki,0.264,89656214.0,0.264,6.578396073130169,1,Active
Active,IC50,0.264,146525024.0,0.264,6.578396073130169,1,Active
Active,IC50,0.267,122553406.0,0.267,6.573488738635425,1,Active
Active,IC50,0.268,117891951.0,0.268,6.5718652059712115,1,Active
Active,IC50,0.2681,162647839.0,0.2681,6.57170318601712,1,Active
Active,IC50,0.269,162673540.0,0.269,6.570247719997592,1,Active
Active,IC50,0.269,121424082.0,0.269,6.570247719997592,1,Active
Active,IC50,0.26915,145962473.0,0.26915,6.570005615848293,1,Active
Active,IC50,0.27,166635311.0,0.27,6.568636235841012,1,Active
Active,Kd,0.27,129165750.0,0.27,6.568636235841012,1,Active
Active,IC50,0.27,86294692.0,0.27,6.568636235841012,1,Active
Active,IC50,0.27,126572423.0,0.27,6.568636235841012,1,Active
Active,IC50,0.27,86295879.0,0.27,6.568636235841012,1,Active
Active,IC50,0.27,118889629.0,0.27,6.568636235841012,1,Active
Active,IC50,0.27,145956237.0,0.27,6.568636235841012,1,Active
Active,IC50,0.27,118271243.0,0.27,6.568636235841012,1,Active
Active,IC50,0.27,145949385.0,0.27,6.568636235841012,1,Active
Active,IC50,0.27,118021851.0,0.27,6.568636235841012,1,Active
Active,IC50,0.27,91826349.0,0.27,6.568636235841012,1,Active
Active,IC50,0.27,122553404.0,0.27,6.568636235841012,1,Active
Active,IC50,0.27,142296596.0,0.27,6.568636235841012,1,Active
Active,IC50,0.27,145957788.0,0.27,6.568636235841012,1,Active
Active,IC50,0.27,118093372.0,0.27,6.568636235841012,1,Active
Active,Ki,0.27,86299218.0,0.27,6.568636235841012,1,Active
Active,Kd,0.27,129165804.0,0.27,6.568636235841012,1,Active
Active,IC50,0.271,162662733.0,0.271,6.567030709125595,1,Active
Active,IC50,0.271,139570996.0,0.271,6.567030709125595,1,Active
Active,IC50,0.2712,155554809.0,0.2712,6.566710314804975,1,Active
Active,IC50,0.272,153465776.0,0.272,6.565431095965801,1,Active
Active,Kd,0.275,176733059.0,0.275,6.560667306169737,1,Active
Active,IC50,0.275,160803612.0,0.275,6.560667306169737,1,Active
Active,Ki,0.275,118116249.0,0.275,6.560667306169737,1,Active
Active,Kd,0.275,176733060.0,0.275,6.560667306169737,1,Active
Active,IC50,0.276,177373896.0,0.276,6.559090917934782,1,Active
Active,IC50,0.276,166630716.0,0.276,6.559090917934782,1,Active
Active,IC50,0.277,44180034.0,0.277,6.557520230935552,1,Active
Active,IC50,0.278,164854256.0,0.278,6.555955204081924,1,Active
Active,IC50,0.279,177380728.0,0.279,6.554395796726403,1,Active
Active,IC50,0.28,126572537.0,0.28,6.552841968657781,1,Active
Active,Ki,0.28,170556540.0,0.28,6.552841968657781,1,Active
Active,IC50,0.28,145951828.0,0.28,6.552841968657781,1,Active
Active,Ki,0.28,90415492.0,0.28,6.552841968657781,1,Active
Active,IC50,0.28,52912223.0,0.28,6.552841968657781,1,Active
Active,IC50,0.28,126587541.0,0.28,6.552841968657781,1,Active
Active,IC50,0.28,126572427.0,0.28,6.552841968657781,1,Active
Active,IC50,0.28,118437933.0,0.28,6.552841968657781,1,Active
Active,IC50,0.28,137655871.0,0.28,6.552841968657781,1,Active
Active,IC50,0.28,70979147.0,0.28,6.552841968657781,1,Active
Active,IC50,0.28,137796662.0,0.28,6.552841968657781,1,Active
Active,IC50,0.281,146525090.0,0.281,6.55129368009492,1,Active
Active,IC50,0.281,102064899.0,0.281,6.55129368009492,1,Active
Active,IC50,0.282,126554376.0,0.282,6.549750891680639,1,Active
Active,IC50,0.282,139570832.0,0.282,6.549750891680639,1,Active
Active,IC50,0.284,168276492.0,0.284,6.546681659952962,1,Active
Active,IC50,0.284,155457564.0,0.284,6.546681659952962,1,Active
Active,Ki,0.284,155554980.0,0.284,6.546681659952962,1,Active
Active,IC50,0.284,153465841.0,0.284,6.546681659952962,1,Active
Active,IC50,0.2855,142296601.0,0.2855,6.544393887418133,1,Active
Active,IC50,0.287,137319631.0,0.287,6.542118103266008,1,Active
Active,IC50,0.288,168280571.0,0.288,6.540607512240769,1,Active
Active,IC50,0.288,162674509.0,0.288,6.540607512240769,1,Active
Active,Ki,0.288,118116719.0,0.288,6.540607512240769,1,Active
Active,IC50,0.2895,168296746.0,0.2895,6.538351431936545,1,Active
Active,IC50,0.2898,172453649.0,0.2898,6.5379016188648444,1,Active
Active,IC50,0.29,72945553.0,0.29,6.537602002101044,1,Active
Active,IC50,0.29,90667453.0,0.29,6.537602002101044,1,Active
Active,IC50,0.29,145954698.0,0.29,6.537602002101044,1,Active
Active,IC50,0.29,145958596.0,0.29,6.537602002101044,1,Active
Active,IC50,0.29,91826339.0,0.29,6.537602002101044,1,Active
Active,IC50,0.29,16722785.0,0.29,6.537602002101044,1,Active
Active,Kd,0.29,129166017.0,0.29,6.537602002101044,1,Active
Active,IC50,0.29,118889405.0,0.29,6.537602002101044,1,Active
Active,Ki,0.291,155043494.0,0.291,6.536107011014093,1,Active
Active,IC50,0.292,146525084.0,0.292,6.534617148551582,1,Active
Active,Ki,0.292,118116320.0,0.292,6.534617148551582,1,Active
Active,IC50,0.292,155554220.0,0.292,6.534617148551582,1,Active
Active,IC50,0.292,90383666.0,0.292,6.534617148551582,1,Active
Active,IC50,0.2927,172446707.0,0.2927,6.5335772775662075,1,Active
Active,Ki,0.293,118116621.0,0.293,6.533132379645891,1,Active
Active,IC50,0.294,122186565.0,0.294,6.531652669587842,1,Active
Active,IC50,0.294,160619834.0,0.294,6.531652669587842,1,Active
Active,IC50,0.2944,172447676.0,0.2944,6.531062194334539,1,Active
Active,IC50,0.2948,177380904.0,0.2948,6.530472520812986,1,Active
Active,IC50,0.295,117891999.0,0.295,6.530177984021837,1,Active
Active,IC50,0.295,153465871.0,0.295,6.530177984021837,1,Active
Active,IC50,0.29512,139547911.0,0.29512,6.530001357781253,1,Active
Active,IC50,0.296,162667903.0,0.296,6.528708288941061,1,Active
Active,IC50,0.297,153465922.0,0.297,6.527243550682788,1,Active
Active,IC50,0.2979,177380907.0,0.2979,6.525929496784956,1,Active
Active,IC50,0.298,146525011.0,0.298,6.525783735923745,1,Active
Active,IC50,0.298,153465828.0,0.298,6.525783735923745,1,Active
Active,IC50,0.298,124221566.0,0.298,6.525783735923745,1,Active
Active,IC50,0.2993,155530217.0,0.2993,6.523893283159809,1,Active
Active,IC50,0.3,73774681.0,0.3,6.522878745280337,1,Active
Unspecified,IC50,0.3,172442049.0,0.3,6.522878745280337,1,Active
Unspecified,IC50,0.3,172439802.0,0.3,6.522878745280337,1,Active
Active,IC50,0.3,127030405.0,0.3,6.522878745280337,1,Active
Active,IC50,0.3,118732075.0,0.3,6.522878745280337,1,Active
Unspecified,IC50,0.3,172445111.0,0.3,6.522878745280337,1,Active
Unspecified,IC50,0.3,166177893.0,0.3,6.522878745280337,1,Active
Unspecified,IC50,0.3,152050806.0,0.3,6.522878745280337,1,Active
Active,IC50,0.3,118159553.0,0.3,6.522878745280337,1,Active
Active,IC50,0.3,118159450.0,0.3,6.522878745280337,1,Active
Active,Kd,0.3,149633264.0,0.3,6.522878745280337,1,Active
Unspecified,IC50,0.3,172456716.0,0.3,6.522878745280337,1,Active
Active,IC50,0.3,118159691.0,0.3,6.522878745280337,1,Active
Unspecified,IC50,0.3,172453024.0,0.3,6.522878745280337,1,Active
Active,IC50,0.3,91668224.0,0.3,6.522878745280337,1,Active
Unspecified,IC50,0.3,172470839.0,0.3,6.522878745280337,1,Active
Unspecified,IC50,0.3,155648320.0,0.3,6.522878745280337,1,Active
Unspecified,IC50,0.3,164854253.0,0.3,6.522878745280337,1,Active
Unspecified,IC50,0.3,172469156.0,0.3,6.522878745280337,1,Active
Unspecified,IC50,0.3,172458000.0,0.3,6.522878745280337,1,Active
Active,Kd,0.3,170556480.0,0.3,6.522878745280337,1,Active
Unspecified,IC50,0.3,172439856.0,0.3,6.522878745280337,1,Active
Unspecified,IC50,0.3,164854257.0,0.3,6.522878745280337,1,Active
Unspecified,IC50,0.3,172445254.0,0.3,6.522878745280337,1,Active
Active,IC50,0.3,6611008.0,0.3,6.522878745280337,1,Active
Active,IC50,0.3,118159796.0,0.3,6.522878745280337,1,Active
Active,IC50,0.3,118159551.0,0.3,6.522878745280337,1,Active
Unspecified,IC50,0.3,172468001.0,0.3,6.522878745280337,1,Active
Unspecified,IC50,0.3,172445010.0,0.3,6.522878745280337,1,Active
Active,IC50,0.3,73352402.0,0.3,6.522878745280337,1,Active
Active,IC50,0.3,118159616.0,0.3,6.522878745280337,1,Active
Active,IC50,0.3,153465854.0,0.3,6.522878745280337,1,Active
Active,IC50,0.3,118159921.0,0.3,6.522878745280337,1,Active
Active,IC50,0.3,91826344.0,0.3,6.522878745280337,1,Active
Active,Ki,0.3,16822024.0,0.3,6.522878745280337,1,Active
Active,IC50,0.3,126686301.0,0.3,6.522878745280337,1,Active
Unspecified,IC50,0.3,172447048.0,0.3,6.522878745280337,1,Active
Unspecified,IC50,0.3,164854254.0,0.3,6.522878745280337,1,Active
Active,IC50,0.3007,172439228.0,0.3007,6.521866571899483,1,Active
Active,Kd,0.302,135398124.0,0.302,6.519993057042849,1,Active
Active,IC50,0.302,166596511.0,0.302,6.519993057042849,1,Active
Active,IC50,0.302,145962799.0,0.302,6.519993057042849,1,Active
Active,Ki,0.304,118117036.0,0.304,6.517126416391246,1,Active
Active,Ki,0.304,118116629.0,0.304,6.517126416391246,1,Active
Active,IC50,0.305,122553379.0,0.305,6.515700160653214,1,Active
Active,IC50,0.305,177380730.0,0.305,6.515700160653214,1,Active
Active,IC50,0.306,153465783.0,0.306,6.51427857351842,1,Active
Active,IC50,0.3065,168276222.0,0.3065,6.513569521145566,1,Active
Active,Ki,0.307,155043866.0,0.307,6.512861624522813,1,Active
Active,Kd,0.31,129165813.0,0.31,6.508638306165727,1,Active
Active,IC50,0.31,126582694.0,0.31,6.508638306165727,1,Active
Active,IC50,0.31,145976012.0,0.31,6.508638306165727,1,Active
Active,IC50,0.31,155352321.0,0.31,6.508638306165727,1,Active
Active,IC50,0.31,137796654.0,0.31,6.508638306165727,1,Active
Active,Ki,0.31,172442956.0,0.31,6.508638306165727,1,Active
Active,IC50,0.31,126686302.0,0.31,6.508638306165727,1,Active
Active,IC50,0.31,73774684.0,0.31,6.508638306165727,1,Active
Active,Kd,0.31,142577810.0,0.31,6.508638306165727,1,Active
Active,IC50,0.31,72695704.0,0.31,6.508638306165727,1,Active
Active,Ki,0.311,89655884.0,0.311,6.507239610973162,1,Active
Active,IC50,0.311,168293801.0,0.311,6.507239610973162,1,Active
Active,IC50,0.313,117892015.0,0.313,6.504455662453552,1,Active
Active,IC50,0.313,162649453.0,0.313,6.504455662453552,1,Active
Active,IC50,0.31301,155431376.0,0.31301,6.504441787452132,1,Active
Active,IC50,0.315,177373894.0,0.315,6.501689446210399,1,Active
Active,Ki,0.315,71811997.0,0.315,6.501689446210399,1,Active
Active,Ki,0.316,155043418.0,0.316,6.5003129173815966,1,Active
Active,IC50,0.31623,177647420.0,0.31623,6.499996931948306,1,Active
Active,IC50,0.31623,118719865.0,0.31623,6.499996931948306,1,Active
Active,IC50,0.31623,168270592.0,0.31623,6.499996931948306,1,Active
Active,IC50,0.31623,145967006.0,0.31623,6.499996931948306,1,Active
Active,IC50,0.31623,145964553.0,0.31623,6.499996931948306,1,Active
Active,IC50,0.31623,155537630.0,0.31623,6.499996931948306,1,Active
Active,IC50,0.31623,155818570.0,0.31623,6.499996931948306,1,Active
Active,IC50,0.31623,164614687.0,0.31623,6.499996931948306,1,Active
Active,IC50,0.31623,142577846.0,0.31623,6.499996931948306,1,Active
Active,IC50,0.31623,134306283.0,0.31623,6.499996931948306,1,Active
Active,IC50,0.31623,126675255.0,0.31623,6.499996931948306,1,Active
Active,IC50,0.31623,164628989.0,0.31623,6.499996931948306,1,Active
Active,IC50,0.31623,138557106.0,0.31623,6.499996931948306,1,Active
Active,IC50,0.31623,155546607.0,0.31623,6.499996931948306,1,Active
Active,IC50,0.31623,172469934.0,0.31623,6.499996931948306,1,Active
Active,IC50,0.31623,154013934.0,0.31623,6.499996931948306,1,Active
Active,IC50,0.31623,162677437.0,0.31623,6.499996931948306,1,Active
Active,IC50,0.31623,138533992.0,0.31623,6.499996931948306,1,Active
Active,IC50,0.31623,135318894.0,0.31623,6.499996931948306,1,Active
Active,IC50,0.31623,142418227.0,0.31623,6.499996931948306,1,Active
Active,IC50,0.31623,168299027.0,0.31623,6.499996931948306,1,Active
Active,IC50,0.318,153465926.0,0.318,6.497572880015567,1,Active
Active,IC50,0.318,153465903.0,0.318,6.497572880015567,1,Active
Active,IC50,0.319,176023824.0,0.319,6.496209316942819,1,Active
Active,IC50,0.319,176023820.0,0.319,6.496209316942819,1,Active
Active,IC50,0.319,146525124.0,0.319,6.496209316942819,1,Active
Active,IC50,0.3192,162668323.0,0.3192,6.495937117321308,1,Active
Active,Ki,0.32,136226504.0,0.32,6.494850021680094,1,Active
Active,IC50,0.32,137796664.0,0.32,6.494850021680094,1,Active
Active,IC50,0.32,118889409.0,0.32,6.494850021680094,1,Active
Active,IC50,0.32,155926792.0,0.32,6.494850021680094,1,Active
Active,Kd,0.32,145989187.0,0.32,6.494850021680094,1,Active
Active,IC50,0.32,137646067.0,0.32,6.494850021680094,1,Active
Active,IC50,0.32,152506027.0,0.32,6.494850021680094,1,Active
Active,IC50,0.32,142296549.0,0.32,6.494850021680094,1,Active
Active,IC50,0.32,86281903.0,0.32,6.494850021680094,1,Active
Active,IC50,0.32,91826341.0,0.32,6.494850021680094,1,Active
Active,IC50,0.32,138375232.0,0.32,6.494850021680094,1,Active
Active,IC50,0.321,129046526.0,0.321,6.493494967595128,1,Active
Active,IC50,0.321,153465833.0,0.321,6.493494967595128,1,Active
Active,IC50,0.3215,168288645.0,0.3215,6.492819022739759,1,Active
Active,IC50,0.322,118095283.0,0.322,6.492144128304169,1,Active
Active,IC50,0.323,139558275.0,0.323,6.490797477668897,1,Active
Active,Ki,0.324,118116258.0,0.324,6.489454989793388,1,Active
Active,IC50,0.325,153465897.0,0.325,6.488116639021126,1,Active
Active,IC50,0.326,168277490.0,0.326,6.486782399932061,1,Active
Active,IC50,0.326,44180158.0,0.326,6.486782399932061,1,Active
Active,IC50,0.328,155546620.0,0.328,6.484126156288321,1,Active
Active,IC50,0.328,137275811.0,0.328,6.484126156288321,1,Active
Active,IC50,0.3281,172469055.0,0.3281,6.483993769613952,1,Active
Active,IC50,0.3291,162647040.0,0.3291,6.482672117705627,1,Active
Active,Kd,0.33,170556481.0,0.33,6.481486060122112,1,Active
Active,IC50,0.33,163196475.0,0.33,6.481486060122112,1,Active
Active,Ki,0.33,170556548.0,0.33,6.481486060122112,1,Active
Active,IC50,0.33,126572489.0,0.33,6.481486060122112,1,Active
Active,IC50,0.33,122553378.0,0.33,6.481486060122112,1,Active
Active,IC50,0.33,138375217.0,0.33,6.481486060122112,1,Active
Active,Ki,0.332,86721063.0,0.332,6.478861916295964,1,Active
Active,IC50,0.333,118067794.0,0.333,6.47755576649368,1,Active
Active,Kd,0.334,145953663.0,0.334,6.476253533188435,1,Active
Active,IC50,0.3342,155566327.0,0.3342,6.475993554442628,1,Active
Active,Kd,0.335,164607239.0,0.335,6.474955192963154,1,Active
Active,Ki,0.335,90395612.0,0.335,6.474955192963154,1,Active
Active,IC50,0.337,177382072.0,0.337,6.4723700991286615,1,Active
Active,IC50,0.337,878890.0,0.337,6.4723700991286615,1,Active
Active,IC50,0.34,118889404.0,0.34,6.468521082957745,1,Active
Active,IC50,0.34,73775570.0,0.34,6.468521082957745,1,Active
Active,IC50,0.34,145958263.0,0.34,6.468521082957745,1,Active
Active,Ki,0.34,86271752.0,0.34,6.468521082957745,1,Active
Active,IC50,0.34,73774974.0,0.34,6.468521082957745,1,Active
Active,IC50,0.34,137796666.0,0.34,6.468521082957745,1,Active
Active,IC50,0.3408,171347594.0,0.3408,6.467500413905338,1,Active
Active,IC50,0.342,118094033.0,0.342,6.465973893943865,1,Active
Active,IC50,0.3431,177380892.0,0.3431,6.464579281943827,1,Active
Active,IC50,0.344,168279880.0,0.344,6.46344155742847,1,Active
Active,Ki,0.346,89657609.0,0.346,6.460923901207224,1,Active
Active,IC50,0.347,129046550.0,0.347,6.459670525209126,1,Active
Active,IC50,0.347,168269998.0,0.347,6.459670525209126,1,Active
Active,IC50,0.3482,155549078.0,0.3482,6.458171233218687,1,Active
Active,IC50,0.349,118540002.0,0.349,6.45717457304082,1,Active
Active,IC50,0.35,170735515.0,0.35,6.455931955649724,1,Active
Active,IC50,0.35,129046642.0,0.35,6.455931955649724,1,Active
Active,IC50,0.35,170735750.0,0.35,6.455931955649724,1,Active
Active,IC50,0.35,170735562.0,0.35,6.455931955649724,1,Active
Active,IC50,0.35,170735454.0,0.35,6.455931955649724,1,Active
Active,Ki,0.35,4800411.0,0.35,6.455931955649724,1,Active
Active,IC50,0.35,70979255.0,0.35,6.455931955649724,1,Active
Active,IC50,0.35,126572426.0,0.35,6.455931955649724,1,Active
Active,IC50,0.35,137661152.0,0.35,6.455931955649724,1,Active
Active,IC50,0.35,170735635.0,0.35,6.455931955649724,1,Active
Active,IC50,0.35,170735765.0,0.35,6.455931955649724,1,Active
Active,IC50,0.35,170735431.0,0.35,6.455931955649724,1,Active
Active,IC50,0.35,170735681.0,0.35,6.455931955649724,1,Active
Active,IC50,0.35,170735428.0,0.35,6.455931955649724,1,Active
Active,IC50,0.35,170735761.0,0.35,6.455931955649724,1,Active
Active,IC50,0.35,174178808.0,0.35,6.455931955649724,1,Active
Active,IC50,0.35,170735419.0,0.35,6.455931955649724,1,Active
Active,IC50,0.35,73776820.0,0.35,6.455931955649724,1,Active
Active,IC50,0.35,170735436.0,0.35,6.455931955649724,1,Active
Active,IC50,0.35,170735563.0,0.35,6.455931955649724,1,Active
Active,IC50,0.35,170735484.0,0.35,6.455931955649724,1,Active
Active,IC50,0.35,170735606.0,0.35,6.455931955649724,1,Active
Active,IC50,0.35,170735666.0,0.35,6.455931955649724,1,Active
Active,IC50,0.35,170735685.0,0.35,6.455931955649724,1,Active
Active,IC50,0.35,174179400.0,0.35,6.455931955649724,1,Active
Active,IC50,0.35,170735529.0,0.35,6.455931955649724,1,Active
Active,IC50,0.35,170735398.0,0.35,6.455931955649724,1,Active
Active,IC50,0.35,170735744.0,0.35,6.455931955649724,1,Active
Active,IC50,0.35,170735592.0,0.35,6.455931955649724,1,Active
Active,IC50,0.35,170735456.0,0.35,6.455931955649724,1,Active
Active,IC50,0.35,170735642.0,0.35,6.455931955649724,1,Active
Active,IC50,0.35,91971372.0,0.35,6.455931955649724,1,Active
Active,IC50,0.35,177821715.0,0.35,6.455931955649724,1,Active
Active,IC50,0.35,170735641.0,0.35,6.455931955649724,1,Active
Active,IC50,0.35,170735785.0,0.35,6.455931955649724,1,Active
Active,IC50,0.35,170735551.0,0.35,6.455931955649724,1,Active
Active,IC50,0.35,170735503.0,0.35,6.455931955649724,1,Active
Active,IC50,0.35,170735461.0,0.35,6.455931955649724,1,Active
Active,IC50,0.35,170735576.0,0.35,6.455931955649724,1,Active
Active,IC50,0.35,170735751.0,0.35,6.455931955649724,1,Active
Active,IC50,0.35,142296520.0,0.35,6.455931955649724,1,Active
Active,IC50,0.35,170735668.0,0.35,6.455931955649724,1,Active
Active,IC50,0.35,126587640.0,0.35,6.455931955649724,1,Active
Active,IC50,0.35,170735644.0,0.35,6.455931955649724,1,Active
Active,IC50,0.35,170735665.0,0.35,6.455931955649724,1,Active
Active,IC50,0.35,170735413.0,0.35,6.455931955649724,1,Active
Active,IC50,0.35,170735510.0,0.35,6.455931955649724,1,Active
Active,IC50,0.351,162655193.0,0.351,6.454692883534176,1,Active
Active,IC50,0.353,172452294.0,0.353,6.452225294612178,1,Active
Active,Ki,0.355,118116609.0,0.355,6.449771646944906,1,Active
Active,IC50,0.355,134578828.0,0.355,6.449771646944906,1,Active
Active,IC50,0.356,153465817.0,0.356,6.448550002027125,1,Active
Active,IC50,0.356,159819338.0,0.356,6.448550002027125,1,Active
Active,IC50,0.357,142296585.0,0.357,6.447331783887806,1,Active
Active,IC50,0.357,86282836.0,0.357,6.447331783887806,1,Active
Active,IC50,0.357,139570784.0,0.357,6.447331783887806,1,Active
Active,IC50,0.357,118095300.0,0.357,6.447331783887806,1,Active
Active,IC50,0.357,153465816.0,0.357,6.447331783887806,1,Active
Active,IC50,0.3571,177380231.0,0.3571,6.447210149807218,1,Active
Active,IC50,0.3575,162663844.0,0.3575,6.4467239538629,1,Active
Active,IC50,0.36,91826302.0,0.36,6.443697499232712,1,Active
Active,Kd,0.36,70699440.0,0.36,6.443697499232712,1,Active
Active,IC50,0.36,145959530.0,0.36,6.443697499232712,1,Active
Active,IC50,0.36,90667454.0,0.36,6.443697499232712,1,Active
Active,IC50,0.36,166119760.0,0.36,6.443697499232712,1,Active
Active,IC50,0.36,71272064.0,0.36,6.443697499232712,1,Active
Active,Kd,0.36,129165698.0,0.36,6.443697499232712,1,Active
Active,IC50,0.363,154688928.0,0.363,6.440093374963888,1,Active
Active,IC50,0.365,172451335.0,0.365,6.437707135543525,1,Active
Active,IC50,0.3653,155682739.0,0.3653,6.437350327788083,1,Active
Active,IC50,0.366,153465852.0,0.366,6.436518914605589,1,Active
Active,IC50,0.368,149441219.0,0.368,6.434152181326482,1,Active
Active,Ki,0.37,16265714.0,0.37,6.431798275933005,1,Active
Active,IC50,0.37,155453648.0,0.37,6.431798275933005,1,Active
Active,IC50,0.37,118078883.0,0.37,6.431798275933005,1,Active
Active,IC50,0.37,145967443.0,0.37,6.431798275933005,1,Active
Active,IC50,0.37,168286902.0,0.37,6.431798275933005,1,Active
Active,Ki,0.37,137651591.0,0.37,6.431798275933005,1,Active
Active,IC50,0.37,123131593.0,0.37,6.431798275933005,1,Active
Active,IC50,0.37,3113698.0,0.37,6.431798275933005,1,Active
Active,Kd,0.37,171342586.0,0.37,6.431798275933005,1,Active
Active,IC50,0.37,129046579.0,0.37,6.431798275933005,1,Active
Active,IC50,0.371,71624782.0,0.371,6.430626090384954,1,Active
Active,IC50,0.371,155431251.0,0.371,6.430626090384954,1,Active
Active,IC50,0.372,153465853.0,0.372,6.429457060118103,1,Active
Active,IC50,0.373,139570820.0,0.373,6.428291168191312,1,Active
Active,IC50,0.374,166631585.0,0.374,6.42712839779952,1,Active
Active,IC50,0.375,134578817.0,0.375,6.425968732272281,1,Active
Active,Ki,0.375,71812098.0,0.375,6.425968732272281,1,Active
Active,IC50,0.376,153465904.0,0.376,6.424812155072339,1,Active
Active,Ki,0.376,148225107.0,0.376,6.424812155072339,1,Active
Active,IC50,0.377,145963581.0,0.377,6.423658649794207,1,Active
Active,IC50,0.378,153465914.0,0.378,6.422508200162775,1,Active
Active,IC50,0.379,168296231.0,0.379,6.421360790031928,1,Active
Active,IC50,0.379,168288948.0,0.379,6.421360790031928,1,Active
Active,IC50,0.38,118079489.0,0.38,6.42021640338319,1,Active
Active,IC50,0.38,168294955.0,0.38,6.42021640338319,1,Active
Active,IC50,0.38,86282450.0,0.38,6.42021640338319,1,Active
Active,IC50,0.38,86282447.0,0.38,6.42021640338319,1,Active
Active,IC50,0.38,142296577.0,0.38,6.42021640338319,1,Active
Active,IC50,0.38,136215331.0,0.38,6.42021640338319,1,Active
Active,IC50,0.38,118078887.0,0.38,6.42021640338319,1,Active
Active,IC50,0.38,168288199.0,0.38,6.42021640338319,1,Active
Active,IC50,0.38019,56929801.0,0.38019,6.41999931041096,1,Active
Active,IC50,0.38019,70699441.0,0.38019,6.41999931041096,1,Active
Active,IC50,0.383,153465763.0,0.383,6.416801226031377,1,Active
Active,IC50,0.386,126686913.0,0.386,6.413412695328245,1,Active
Active,IC50,0.386,168269647.0,0.386,6.413412695328245,1,Active
Active,Ki,0.387,118340553.0,0.387,6.412289034981089,1,Active
Active,IC50,0.387,176023822.0,0.387,6.412289034981089,1,Active
Active,IC50,0.388,134578831.0,0.388,6.411168274405792,1,Active
Active,IC50,0.389,142296538.0,0.389,6.410050398674292,1,Active
Active,IC50,0.3893,177380224.0,0.3893,6.409715596281838,1,Active
Active,IC50,0.39,86291999.0,0.39,6.4089353929735005,1,Active
Active,Kd,0.39,127034595.0,0.39,6.4089353929735005,1,Active
Active,IC50,0.39,73775290.0,0.39,6.4089353929735005,1,Active
Active,IC50,0.39,118437957.0,0.39,6.4089353929735005,1,Active
Active,IC50,0.39,71271375.0,0.39,6.4089353929735005,1,Active
Active,IC50,0.3913,155558707.0,0.3913,6.40749015209932,1,Active
Active,IC50,0.3916,20862056.0,0.3916,6.4071573168689,1,Active
Active,Kd,0.392,1652717.0,0.392,6.406713932979542,1,Active
Active,IC50,0.393,146690551.0,0.393,6.405607449624573,1,Active
Active,IC50,0.396,121278161.0,0.396,6.402304814074488,1,Active
Active,IC50,0.39811,134306048.0,0.39811,6.399996913372259,1,Active
Active,IC50,0.39811,72702849.0,0.39811,6.399996913372259,1,Active
Active,IC50,0.39811,52935914.0,0.39811,6.399996913372259,1,Active
Active,IC50,0.39811,164609567.0,0.39811,6.399996913372259,1,Active
Active,Ki,0.39811,49805848.0,0.39811,6.399996913372259,1,Active
Active,IC50,0.39811,127025420.0,0.39811,6.399996913372259,1,Active
Active,IC50,0.39811,168298385.0,0.39811,6.399996913372259,1,Active
Active,IC50,0.39811,122164964.0,0.39811,6.399996913372259,1,Active
Active,IC50,0.39811,51003468.0,0.39811,6.399996913372259,1,Active
Active,IC50,0.39811,168299041.0,0.39811,6.399996913372259,1,Active
Active,IC50,0.39811,70691699.0,0.39811,6.399996913372259,1,Active
Active,IC50,0.39811,168298967.0,0.39811,6.399996913372259,1,Active
Active,IC50,0.39811,156021895.0,0.39811,6.399996913372259,1,Active
Active,IC50,0.39811,134308372.0,0.39811,6.399996913372259,1,Active
Active,IC50,0.39811,134306287.0,0.39811,6.399996913372259,1,Active
Active,IC50,0.39811,73352391.0,0.39811,6.399996913372259,1,Active
Active,IC50,0.39811,142577823.0,0.39811,6.399996913372259,1,Active
Active,IC50,0.39811,164620834.0,0.39811,6.399996913372259,1,Active
Active,IC50,0.39811,145976814.0,0.39811,6.399996913372259,1,Active
Active,IC50,0.39811,142418230.0,0.39811,6.399996913372259,1,Active
Active,IC50,0.39811,68161075.0,0.39811,6.399996913372259,1,Active
Active,IC50,0.39811,138706698.0,0.39811,6.399996913372259,1,Active
Active,IC50,0.39811,168299290.0,0.39811,6.399996913372259,1,Active
Active,IC50,0.399,134578836.0,0.399,6.399027104313252,1,Active
Active,IC50,0.4,118889627.0,0.4,6.3979400086720375,1,Active
Active,IC50,0.4,145957509.0,0.4,6.3979400086720375,1,Active
Active,IC50,0.4,118732073.0,0.4,6.3979400086720375,1,Active
Active,IC50,0.4,118437947.0,0.4,6.3979400086720375,1,Active
Active,IC50,0.4,129046573.0,0.4,6.3979400086720375,1,Active
Active,IC50,0.4,86281770.0,0.4,6.3979400086720375,1,Active
Active,IC50,0.4,91826300.0,0.4,6.3979400086720375,1,Active
Active,IC50,0.401,137635150.0,0.401,6.396855627379818,1,Active
Active,Ki,0.404,89656405.0,0.404,6.393618634889395,1,Active
Active,IC50,0.404,122172648.0,0.404,6.393618634889395,1,Active
Active,IC50,0.406,171358798.0,0.406,6.391473966422806,1,Active
Active,IC50,0.406,146771380.0,0.406,6.391473966422806,1,Active
Active,IC50,0.407,153465780.0,0.407,6.39040559077478,1,Active
Active,IC50,0.407,153465762.0,0.407,6.39040559077478,1,Active
Active,IC50,0.41,118021399.0,0.41,6.3872161432802645,1,Active
Active,IC50,0.41,86292000.0,0.41,6.3872161432802645,1,Active
Active,Ki,0.41,90413480.0,0.41,6.3872161432802645,1,Active
Active,IC50,0.41,126572440.0,0.41,6.3872161432802645,1,Active
Active,Kd,0.41,145992593.0,0.41,6.3872161432802645,1,Active
Active,IC50,0.41,86282583.0,0.41,6.3872161432802645,1,Active
Active,IC50,0.41,162514096.0,0.41,6.3872161432802645,1,Active
Active,IC50,0.41,145959255.0,0.41,6.3872161432802645,1,Active
Active,Ki,0.413,155519067.0,0.413,6.384049948343599,1,Active
Active,IC50,0.413,146525079.0,0.413,6.384049948343599,1,Active
Active,IC50,0.4132,177380226.0,0.4132,6.383839687152417,1,Active
Active,IC50,0.414,162658623.0,0.414,6.382999658879101,1,Active
Active,IC50,0.415,126686910.0,0.415,6.3819519032879075,1,Active
Active,IC50,0.417,168281956.0,0.417,6.379863945026242,1,Active
Active,IC50,0.4178,172454481.0,0.4178,6.37903156435571,1,Active
Active,IC50,0.419,168271227.0,0.419,6.377785977033705,1,Active
Active,Kd,0.419,166177018.0,0.419,6.377785977033705,1,Active
Active,IC50,0.42,151200565.0,0.42,6.376750709602099,1,Active
Active,IC50,0.42,118079652.0,0.42,6.376750709602099,1,Active
Active,Ki,0.42,90413429.0,0.42,6.376750709602099,1,Active
Active,IC50,0.42,126587555.0,0.42,6.376750709602099,1,Active
Active,IC50,0.42,141414519.0,0.42,6.376750709602099,1,Active
Active,IC50,0.42,118437924.0,0.42,6.376750709602099,1,Active
Active,IC50,0.42,118021357.0,0.42,6.376750709602099,1,Active
Active,IC50,0.42,156011785.0,0.42,6.376750709602099,1,Active
Active,IC50,0.42,139341589.0,0.42,6.376750709602099,1,Active
Active,IC50,0.42,126572985.0,0.42,6.376750709602099,1,Active
Active,IC50,0.421,145967512.0,0.421,6.375717904164332,1,Active
Active,Kd,0.421,127031954.0,0.421,6.375717904164332,1,Active
Active,IC50,0.421,153465784.0,0.421,6.375717904164332,1,Active
Active,IC50,0.423,162667383.0,0.423,6.373659632624958,1,Active
Active,IC50,0.427,118727403.0,0.427,6.369572124974976,1,Active
Active,IC50,0.43,86282726.0,0.43,6.366531544420414,1,Active
Active,IC50,0.43,135567026.0,0.43,6.366531544420414,1,Active
Active,Ki,0.43,137643245.0,0.43,6.366531544420414,1,Active
Active,IC50,0.43,156012540.0,0.43,6.366531544420414,1,Active
Active,IC50,0.43,118889403.0,0.43,6.366531544420414,1,Active
Active,IC50,0.43,166635443.0,0.43,6.366531544420414,1,Active
Active,IC50,0.431,153465885.0,0.431,6.3655227298392685,1,Active
Active,IC50,0.434,153465777.0,0.434,6.36251027048749,1,Active
Active,IC50,0.434,146524947.0,0.434,6.36251027048749,1,Active
Active,IC50,0.434,165437018.0,0.434,6.36251027048749,1,Active
Active,IC50,0.434,122553488.0,0.434,6.36251027048749,1,Active
Active,IC50,0.435,162647114.0,0.435,6.361510743045363,1,Active
Active,IC50,0.435,168279237.0,0.435,6.361510743045363,1,Active
Active,IC50,0.437,122553490.0,0.437,6.359518563029578,1,Active
Active,IC50,0.439,123131627.0,0.439,6.357535479757878,1,Active
Active,IC50,0.44,122164731.0,0.44,6.356547323513812,1,Active
Active,IC50,0.44,141414504.0,0.44,6.356547323513812,1,Active
Active,IC50,0.44,86281505.0,0.44,6.356547323513812,1,Active
Active,IC50,0.44,168274408.0,0.44,6.356547323513812,1,Active
Active,IC50,0.44,67951243.0,0.44,6.356547323513812,1,Active
Active,IC50,0.44,162396657.0,0.44,6.356547323513812,1,Active
Active,IC50,0.44,57344518.0,0.44,6.356547323513812,1,Active
Active,IC50,0.44,86281771.0,0.44,6.356547323513812,1,Active
Active,IC50,0.44,15944523.0,0.44,6.356547323513812,1,Active
Active,Ki,0.443,118116975.0,0.443,6.3535962737769305,1,Active
Active,Kd,0.445,11598628.0,0.445,6.351639989019068,1,Active
Active,IC50,0.445,177380720.0,0.445,6.351639989019068,1,Active
Active,IC50,0.4491,177380905.0,0.4491,6.3476569449372855,1,Active
Active,Ki,0.45,86270617.0,0.45,6.346787486224656,1,Active
Active,IC50,0.45,105539840.0,0.45,6.346787486224656,1,Active
Active,IC50,0.45,118270074.0,0.45,6.346787486224656,1,Active
Active,IC50,0.45,86282174.0,0.45,6.346787486224656,1,Active
Active,Ki,0.45,90026274.0,0.45,6.346787486224656,1,Active
Active,Ki,0.45,86299086.0,0.45,6.346787486224656,1,Active
Active,IC50,0.45,134578835.0,0.45,6.346787486224656,1,Active
Active,IC50,0.45,118459803.0,0.45,6.346787486224656,1,Active
Active,IC50,0.45,105539837.0,0.45,6.346787486224656,1,Active
Active,IC50,0.451,134578829.0,0.451,6.345823458122039,1,Active
Active,IC50,0.453,139558442.0,0.453,6.343901797987169,1,Active
Active,IC50,0.46,118021773.0,0.46,6.337242168318426,1,Active
Active,IC50,0.46,121335190.0,0.46,6.337242168318426,1,Active
Active,IC50,0.46,129046564.0,0.46,6.337242168318426,1,Active
Active,Ki,0.46,137651043.0,0.46,6.337242168318426,1,Active
Active,Kd,0.46,25662804.0,0.46,6.337242168318426,1,Active
Active,IC50,0.46,129012528.0,0.46,6.337242168318426,1,Active
Active,IC50,0.46,118732077.0,0.46,6.337242168318426,1,Active
Active,IC50,0.46,86293917.0,0.46,6.337242168318426,1,Active
Active,IC50,0.46,127033476.0,0.46,6.337242168318426,1,Active
Active,IC50,0.46,126572982.0,0.46,6.337242168318426,1,Active
Active,IC50,0.46,145958454.0,0.46,6.337242168318426,1,Active
Active,IC50,0.466,126686909.0,0.466,6.33161408331,1,Active
Active,IC50,0.469,168281605.0,0.469,6.328827157284917,1,Active
Active,IC50,0.47,141414528.0,0.47,6.327902142064283,1,Active
Active,IC50,0.47,71459124.0,0.47,6.327902142064283,1,Active
Active,Ki,0.47,118288049.0,0.47,6.327902142064283,1,Active
Active,IC50,0.47,153465867.0,0.47,6.327902142064283,1,Active
Active,IC50,0.471,168293248.0,0.471,6.326979092871104,1,Active
Active,IC50,0.471,139341548.0,0.471,6.326979092871104,1,Active
Active,IC50,0.474,117834615.0,0.474,6.324221658325915,1,Active
Active,IC50,0.475,146818510.0,0.475,6.323306390375134,1,Active
Active,IC50,0.477,162670182.0,0.477,6.3214816209598865,1,Active
Active,IC50,0.477,154634419.0,0.477,6.3214816209598865,1,Active
Active,Ki,0.478,90387917.0,0.478,6.320572103387881,1,Active
Active,IC50,0.478,145962767.0,0.478,6.320572103387881,1,Active
Active,IC50,0.478,139341726.0,0.478,6.320572103387881,1,Active
Active,IC50,0.479,117841261.0,0.479,6.319664486585436,1,Active
Active,Ki,0.479,89655905.0,0.479,6.319664486585436,1,Active
Active,IC50,0.48,155569554.0,0.48,6.318758762624412,1,Active
Active,Kd,0.48,129166228.0,0.48,6.318758762624412,1,Active
Active,IC50,0.48,156018306.0,0.48,6.318758762624412,1,Active
Active,IC50,0.48,155519921.0,0.48,6.318758762624412,1,Active
Active,Kd,0.48,170556498.0,0.48,6.318758762624412,1,Active
Active,IC50,0.48,126572451.0,0.48,6.318758762624412,1,Active
Active,Kd,0.48,162654369.0,0.48,6.318758762624412,1,Active
Active,IC50,0.48,156009999.0,0.48,6.318758762624412,1,Active
Active,IC50,0.48,118889413.0,0.48,6.318758762624412,1,Active
Active,IC50,0.48,162645128.0,0.48,6.318758762624412,1,Active
Active,IC50,0.481,147280452.0,0.481,6.317854923626168,1,Active
Active,IC50,0.481,168279632.0,0.481,6.317854923626168,1,Active
Active,IC50,0.482,139558396.0,0.482,6.31695296176115,1,Active
Active,IC50,0.482,172453567.0,0.482,6.31695296176115,1,Active
Active,Kd,0.483,122693977.0,0.483,6.316052869248487,1,Active
Active,Ki,0.486,89657623.0,0.486,6.313363730737707,1,Active
Active,IC50,0.486,166059014.0,0.486,6.313363730737707,1,Active
Active,Ki,0.489,118116424.0,0.489,6.31069114087638,1,Active
Active,Kd,0.4893,177380912.0,0.4893,6.310424784240062,1,Active
Active,IC50,0.48978,145962542.0,0.48978,6.309998953116937,1,Active
Active,IC50,0.49,145953592.0,0.49,6.309803919971486,1,Active
Active,IC50,0.49,137654107.0,0.49,6.309803919971486,1,Active
Active,Kd,0.49,171343712.0,0.49,6.309803919971486,1,Active
Active,IC50,0.49,137631875.0,0.49,6.309803919971486,1,Active
Active,IC50,0.49,166596515.0,0.49,6.309803919971486,1,Active
Active,IC50,0.491,152799117.0,0.491,6.308918507877031,1,Active
Active,IC50,0.495,117723239.0,0.495,6.305394801066432,1,Active
Active,IC50,0.4965,162672178.0,0.4965,6.3040807471686,1,Active
Active,IC50,0.497,155457579.0,0.497,6.303643611266668,1,Active
Active,Kd,0.498,135398125.0,0.498,6.302770657240282,1,Active
Active,IC50,0.5,118022951.0,0.5,6.301029995663981,1,Active
Active,IC50,0.5,118021849.0,0.5,6.301029995663981,1,Active
Active,IC50,0.5,118021620.0,0.5,6.301029995663981,1,Active
Active,IC50,0.5,118021937.0,0.5,6.301029995663981,1,Active
Active,IC50,0.5,118021735.0,0.5,6.301029995663981,1,Active
Active,IC50,0.5,118021664.0,0.5,6.301029995663981,1,Active
Active,IC50,0.5,118022410.0,0.5,6.301029995663981,1,Active
Active,IC50,0.5,118021115.0,0.5,6.301029995663981,1,Active
Active,IC50,0.5,118022031.0,0.5,6.301029995663981,1,Active
Active,IC50,0.5,118021796.0,0.5,6.301029995663981,1,Active
Active,IC50,0.5,118021818.0,0.5,6.301029995663981,1,Active
Active,IC50,0.5,118021999.0,0.5,6.301029995663981,1,Active
Active,IC50,0.5,118022369.0,0.5,6.301029995663981,1,Active
Active,IC50,0.5,118021897.0,0.5,6.301029995663981,1,Active
Active,IC50,0.5,118022274.0,0.5,6.301029995663981,1,Active
Active,IC50,0.5,118022090.0,0.5,6.301029995663981,1,Active
Active,IC50,0.5,118021535.0,0.5,6.301029995663981,1,Active
Active,IC50,0.5,118022444.0,0.5,6.301029995663981,1,Active
Active,IC50,0.5,118027874.0,0.5,6.301029995663981,1,Active
Active,IC50,0.5,146596080.0,0.5,6.301029995663981,1,Active
Active,IC50,0.5,123554824.0,0.5,6.301029995663981,1,Active
Active,IC50,0.5,123742915.0,0.5,6.301029995663981,1,Active
Active,IC50,0.5,118027862.0,0.5,6.301029995663981,1,Active
Active,IC50,0.5,118022154.0,0.5,6.301029995663981,1,Active
Active,IC50,0.5,118022315.0,0.5,6.301029995663981,1,Active
Active,IC50,0.5,118021406.0,0.5,6.301029995663981,1,Active
Active,IC50,0.5,118021766.0,0.5,6.301029995663981,1,Active
Active,IC50,0.5,118021483.0,0.5,6.301029995663981,1,Active
Active,IC50,0.5,118021691.0,0.5,6.301029995663981,1,Active
Active,IC50,0.5,118022302.0,0.5,6.301029995663981,1,Active
Active,IC50,0.5,118021339.0,0.5,6.301029995663981,1,Active
Active,IC50,0.5,118022020.0,0.5,6.301029995663981,1,Active
Active,IC50,0.5,118021876.0,0.5,6.301029995663981,1,Active
Active,IC50,0.5,118022711.0,0.5,6.301029995663981,1,Active
Active,IC50,0.5,118021986.0,0.5,6.301029995663981,1,Active
Active,IC50,0.5,118021886.0,0.5,6.301029995663981,1,Active
Active,IC50,0.5,118022292.0,0.5,6.301029995663981,1,Active
Active,IC50,0.5,118022322.0,0.5,6.301029995663981,1,Active
Active,IC50,0.5,118021456.0,0.5,6.301029995663981,1,Active
Active,IC50,0.5,90019338.0,0.5,6.301029995663981,1,Active
Active,IC50,0.5,118021900.0,0.5,6.301029995663981,1,Active
Active,IC50,0.5,118021518.0,0.5,6.301029995663981,1,Active
Active,IC50,0.5,122623733.0,0.5,6.301029995663981,1,Active
Active,IC50,0.5,122623726.0,0.5,6.301029995663981,1,Active
Active,IC50,0.5,122623737.0,0.5,6.301029995663981,1,Active
Active,IC50,0.5,122623570.0,0.5,6.301029995663981,1,Active
Active,IC50,0.5,122623607.0,0.5,6.301029995663981,1,Active
Active,IC50,0.5,122623627.0,0.5,6.301029995663981,1,Active
Active,IC50,0.5,146439331.0,0.5,6.301029995663981,1,Active
Active,IC50,0.5,122623569.0,0.5,6.301029995663981,1,Active
Active,IC50,0.5,122623564.0,0.5,6.301029995663981,1,Active
Active,IC50,0.5,122633879.0,0.5,6.301029995663981,1,Active
Active,IC50,0.5,126600960.0,0.5,6.301029995663981,1,Active
Active,IC50,0.5,126600961.0,0.5,6.301029995663981,1,Active
Active,IC50,0.5,122623510.0,0.5,6.301029995663981,1,Active
Active,IC50,0.5,118021668.0,0.5,6.301029995663981,1,Active
Active,IC50,0.5,118021376.0,0.5,6.301029995663981,1,Active
Active,IC50,0.5,118022236.0,0.5,6.301029995663981,1,Active
Active,IC50,0.5,118021582.0,0.5,6.301029995663981,1,Active
Active,IC50,0.5,118022179.0,0.5,6.301029995663981,1,Active
Active,IC50,0.5,118021883.0,0.5,6.301029995663981,1,Active
Active,IC50,0.5,118022366.0,0.5,6.301029995663981,1,Active
Active,IC50,0.5,118022094.0,0.5,6.301029995663981,1,Active
Active,IC50,0.5,118022145.0,0.5,6.301029995663981,1,Active
Active,IC50,0.5,118022352.0,0.5,6.301029995663981,1,Active
Active,IC50,0.5,118021568.0,0.5,6.301029995663981,1,Active
Active,IC50,0.5,118022190.0,0.5,6.301029995663981,1,Active
Active,IC50,0.5,118021508.0,0.5,6.301029995663981,1,Active
Active,IC50,0.5,123490879.0,0.5,6.301029995663981,1,Active
Active,IC50,0.5,124032176.0,0.5,6.301029995663981,1,Active
Active,IC50,0.5,122623753.0,0.5,6.301029995663981,1,Active
Active,IC50,0.5,122623625.0,0.5,6.301029995663981,1,Active
Active,IC50,0.5,118022626.0,0.5,6.301029995663981,1,Active
Active,IC50,0.5,118021702.0,0.5,6.301029995663981,1,Active
Active,IC50,0.5,118022755.0,0.5,6.301029995663981,1,Active
Active,IC50,0.5,118022244.0,0.5,6.301029995663981,1,Active
Active,IC50,0.5,118027853.0,0.5,6.301029995663981,1,Active
Active,IC50,0.5,123451930.0,0.5,6.301029995663981,1,Active
Active,IC50,0.5,123640197.0,0.5,6.301029995663981,1,Active
Active,IC50,0.5,118021923.0,0.5,6.301029995663981,1,Active
Active,IC50,0.5,118021833.0,0.5,6.301029995663981,1,Active
Active,IC50,0.5,118021581.0,0.5,6.301029995663981,1,Active
Active,IC50,0.5,122623617.0,0.5,6.301029995663981,1,Active
Active,IC50,0.5,122623658.0,0.5,6.301029995663981,1,Active
Active,IC50,0.5,123136801.0,0.5,6.301029995663981,1,Active
Active,IC50,0.5,146596083.0,0.5,6.301029995663981,1,Active
Active,IC50,0.5,123903656.0,0.5,6.301029995663981,1,Active
Active,IC50,0.5,123461041.0,0.5,6.301029995663981,1,Active
Active,IC50,0.5,123730349.0,0.5,6.301029995663981,1,Active
Active,Ki,0.5,136174610.0,0.5,6.301029995663981,1,Active
Active,IC50,0.5,124007843.0,0.5,6.301029995663981,1,Active
Active,IC50,0.5,123717352.0,0.5,6.301029995663981,1,Active
Active,IC50,0.5,118022349.0,0.5,6.301029995663981,1,Active
Active,IC50,0.5,118021665.0,0.5,6.301029995663981,1,Active
Active,IC50,0.5,118022186.0,0.5,6.301029995663981,1,Active
Active,IC50,0.5,118021343.0,0.5,6.301029995663981,1,Active
Active,IC50,0.5,118022690.0,0.5,6.301029995663981,1,Active
Active,IC50,0.5,118021626.0,0.5,6.301029995663981,1,Active
Active,IC50,0.5,118021670.0,0.5,6.301029995663981,1,Active
Active,IC50,0.5,118022096.0,0.5,6.301029995663981,1,Active
Active,IC50,0.5,118022183.0,0.5,6.301029995663981,1,Active
Active,IC50,0.5,118027871.0,0.5,6.301029995663981,1,Active
Active,IC50,0.5,90375165.0,0.5,6.301029995663981,1,Active
Active,IC50,0.5,129175207.0,0.5,6.301029995663981,1,Active
Active,IC50,0.5,78426723.0,0.5,6.301029995663981,1,Active
Active,IC50,0.5,90375091.0,0.5,6.301029995663981,1,Active
Active,IC50,0.5,90375287.0,0.5,6.301029995663981,1,Active
Active,IC50,0.5,90375230.0,0.5,6.301029995663981,1,Active
Active,IC50,0.5,123266274.0,0.5,6.301029995663981,1,Active
Active,IC50,0.5,72549437.0,0.5,6.301029995663981,1,Active
Active,IC50,0.5,90375290.0,0.5,6.301029995663981,1,Active
Active,IC50,0.5,90376251.0,0.5,6.301029995663981,1,Active
Active,IC50,0.5,90376169.0,0.5,6.301029995663981,1,Active
Active,IC50,0.5,78426587.0,0.5,6.301029995663981,1,Active
Active,IC50,0.5,118022148.0,0.5,6.301029995663981,1,Active
Active,IC50,0.5,118021644.0,0.5,6.301029995663981,1,Active
Active,IC50,0.5,123404317.0,0.5,6.301029995663981,1,Active
Active,IC50,0.5,123411249.0,0.5,6.301029995663981,1,Active
Active,IC50,0.5,78426719.0,0.5,6.301029995663981,1,Active
Active,IC50,0.5,66604569.0,0.5,6.301029995663981,1,Active
Active,IC50,0.5,90375067.0,0.5,6.301029995663981,1,Active
Active,IC50,0.5,90375112.0,0.5,6.301029995663981,1,Active
Active,IC50,0.5,118022174.0,0.5,6.301029995663981,1,Active
Active,IC50,0.5,90375364.0,0.5,6.301029995663981,1,Active
Active,IC50,0.5,78426584.0,0.5,6.301029995663981,1,Active
Active,IC50,0.5,90383863.0,0.5,6.301029995663981,1,Active
Active,IC50,0.5,90376702.0,0.5,6.301029995663981,1,Active
Active,IC50,0.5,90376212.0,0.5,6.301029995663981,1,Active
Active,IC50,0.5,118644515.0,0.5,6.301029995663981,1,Active
Active,IC50,0.5,90375175.0,0.5,6.301029995663981,1,Active
Active,IC50,0.5,90375238.0,0.5,6.301029995663981,1,Active
Active,IC50,0.5,78426722.0,0.5,6.301029995663981,1,Active
Active,IC50,0.5,90375153.0,0.5,6.301029995663981,1,Active
Active,IC50,0.5,118022091.0,0.5,6.301029995663981,1,Active
Active,IC50,0.5,118022309.0,0.5,6.301029995663981,1,Active
Active,IC50,0.5,78426724.0,0.5,6.301029995663981,1,Active
Active,IC50,0.5,78426861.0,0.5,6.301029995663981,1,Active
Active,IC50,0.5,90376261.0,0.5,6.301029995663981,1,Active
Active,IC50,0.5,148869710.0,0.5,6.301029995663981,1,Active
Active,IC50,0.5,118022360.0,0.5,6.301029995663981,1,Active
Active,IC50,0.5,146596129.0,0.5,6.301029995663981,1,Active
Active,IC50,0.5,123232605.0,0.5,6.301029995663981,1,Active
Active,IC50,0.5,134310989.0,0.5,6.301029995663981,1,Active
Active,IC50,0.5,118022231.0,0.5,6.301029995663981,1,Active
Active,IC50,0.5,118022052.0,0.5,6.301029995663981,1,Active
Active,IC50,0.5,118021422.0,0.5,6.301029995663981,1,Active
Active,IC50,0.5,90375354.0,0.5,6.301029995663981,1,Active
Active,IC50,0.5,90375397.0,0.5,6.301029995663981,1,Active
Active,IC50,0.5,118027841.0,0.5,6.301029995663981,1,Active
Active,IC50,0.5,149261512.0,0.5,6.301029995663981,1,Active
Active,IC50,0.5,90383701.0,0.5,6.301029995663981,1,Active
Active,IC50,0.5,118021950.0,0.5,6.301029995663981,1,Active
Active,IC50,0.5,118021528.0,0.5,6.301029995663981,1,Active
Active,IC50,0.5,118022684.0,0.5,6.301029995663981,1,Active
Active,IC50,0.5,118022156.0,0.5,6.301029995663981,1,Active
Active,IC50,0.5,118021812.0,0.5,6.301029995663981,1,Active
Active,IC50,0.5,118023048.0,0.5,6.301029995663981,1,Active
Active,IC50,0.5,118022018.0,0.5,6.301029995663981,1,Active
Active,IC50,0.5,90375105.0,0.5,6.301029995663981,1,Active
Active,IC50,0.5,90375073.0,0.5,6.301029995663981,1,Active
Active,IC50,0.5,118021921.0,0.5,6.301029995663981,1,Active
Active,IC50,0.5,123657951.0,0.5,6.301029995663981,1,Active
Active,IC50,0.5,123761137.0,0.5,6.301029995663981,1,Active
Active,IC50,0.5,123600788.0,0.5,6.301029995663981,1,Active
Active,IC50,0.5,118021536.0,0.5,6.301029995663981,1,Active
Active,IC50,0.5,118021816.0,0.5,6.301029995663981,1,Active
Active,IC50,0.5,118021464.0,0.5,6.301029995663981,1,Active
Active,IC50,0.5,153492727.0,0.5,6.301029995663981,1,Active
Active,IC50,0.5,123323331.0,0.5,6.301029995663981,1,Active
Active,IC50,0.5,123314113.0,0.5,6.301029995663981,1,Active
Active,IC50,0.5,123195979.0,0.5,6.301029995663981,1,Active
Active,IC50,0.5,118022014.0,0.5,6.301029995663981,1,Active
Active,IC50,0.5,90383581.0,0.5,6.301029995663981,1,Active
Active,IC50,0.5,78426862.0,0.5,6.301029995663981,1,Active
Active,IC50,0.5,118022215.0,0.5,6.301029995663981,1,Active
Active,IC50,0.5,118022401.0,0.5,6.301029995663981,1,Active
Active,IC50,0.5,118022781.0,0.5,6.301029995663981,1,Active
Active,IC50,0.5,118022485.0,0.5,6.301029995663981,1,Active
Active,IC50,0.5,118020937.0,0.5,6.301029995663981,1,Active
Active,IC50,0.5,118021853.0,0.5,6.301029995663981,1,Active
Active,IC50,0.5,118021579.0,0.5,6.301029995663981,1,Active
Active,IC50,0.5,90375077.0,0.5,6.301029995663981,1,Active
Active,IC50,0.5,118644502.0,0.5,6.301029995663981,1,Active
Active,IC50,0.5,118022597.0,0.5,6.301029995663981,1,Active
Active,IC50,0.5,118022169.0,0.5,6.301029995663981,1,Active
Active,IC50,0.5,118021707.0,0.5,6.301029995663981,1,Active
Active,IC50,0.5,118021530.0,0.5,6.301029995663981,1,Active
Active,IC50,0.5,123907687.0,0.5,6.301029995663981,1,Active
Active,IC50,0.5,123144396.0,0.5,6.301029995663981,1,Active
Active,IC50,0.5,146596149.0,0.5,6.301029995663981,1,Active
Active,IC50,0.5,90383668.0,0.5,6.301029995663981,1,Active
Active,IC50,0.5,118021402.0,0.5,6.301029995663981,1,Active
Active,IC50,0.5,118021917.0,0.5,6.301029995663981,1,Active
Active,IC50,0.5,118021529.0,0.5,6.301029995663981,1,Active
Active,IC50,0.5,118021461.0,0.5,6.301029995663981,1,Active
Active,IC50,0.5,118022412.0,0.5,6.301029995663981,1,Active
Active,IC50,0.5,118021628.0,0.5,6.301029995663981,1,Active
Active,IC50,0.5,118022586.0,0.5,6.301029995663981,1,Active
Active,IC50,0.5,118022608.0,0.5,6.301029995663981,1,Active
Active,IC50,0.5,118022293.0,0.5,6.301029995663981,1,Active
Active,IC50,0.5,118022628.0,0.5,6.301029995663981,1,Active
Active,IC50,0.5,118021462.0,0.5,6.301029995663981,1,Active
Active,IC50,0.5,118021978.0,0.5,6.301029995663981,1,Active
Active,IC50,0.5,118022350.0,0.5,6.301029995663981,1,Active
Active,IC50,0.5,118021426.0,0.5,6.301029995663981,1,Active
Active,IC50,0.5,118021471.0,0.5,6.301029995663981,1,Active
Active,IC50,0.5,118022892.0,0.5,6.301029995663981,1,Active
Active,IC50,0.5,118021971.0,0.5,6.301029995663981,1,Active
Active,IC50,0.5,118020993.0,0.5,6.301029995663981,1,Active
Active,IC50,0.5,118027870.0,0.5,6.301029995663981,1,Active
Active,IC50,0.5,118021865.0,0.5,6.301029995663981,1,Active
Active,IC50,0.5,118021366.0,0.5,6.301029995663981,1,Active
Active,IC50,0.5,118021946.0,0.5,6.301029995663981,1,Active
Active,IC50,0.5,118022060.0,0.5,6.301029995663981,1,Active
Active,IC50,0.5,118022630.0,0.5,6.301029995663981,1,Active
Active,IC50,0.5,118020896.0,0.5,6.301029995663981,1,Active
Active,IC50,0.5,118022047.0,0.5,6.301029995663981,1,Active
Active,IC50,0.5,118021991.0,0.5,6.301029995663981,1,Active
Active,IC50,0.5,118021490.0,0.5,6.301029995663981,1,Active
Active,IC50,0.5,118022185.0,0.5,6.301029995663981,1,Active
Active,IC50,0.5,118021760.0,0.5,6.301029995663981,1,Active
Active,IC50,0.5,118021367.0,0.5,6.301029995663981,1,Active
Active,IC50,0.5,118027872.0,0.5,6.301029995663981,1,Active
Active,IC50,0.5,118021649.0,0.5,6.301029995663981,1,Active
Active,IC50,0.5,118021614.0,0.5,6.301029995663981,1,Active
Active,IC50,0.5,118022238.0,0.5,6.301029995663981,1,Active
Active,IC50,0.5,118021624.0,0.5,6.301029995663981,1,Active
Active,IC50,0.5,118022078.0,0.5,6.301029995663981,1,Active
Active,IC50,0.5,118022022.0,0.5,6.301029995663981,1,Active
Active,IC50,0.5,118022058.0,0.5,6.301029995663981,1,Active
Active,IC50,0.5,78426720.0,0.5,6.301029995663981,1,Active
Active,IC50,0.5,118021698.0,0.5,6.301029995663981,1,Active
Active,IC50,0.5,118022252.0,0.5,6.301029995663981,1,Active
Active,IC50,0.5,118021925.0,0.5,6.301029995663981,1,Active
Active,IC50,0.5,118022012.0,0.5,6.301029995663981,1,Active
Active,IC50,0.5,118021785.0,0.5,6.301029995663981,1,Active
Active,IC50,0.5,118021441.0,0.5,6.301029995663981,1,Active
Active,IC50,0.5,118021425.0,0.5,6.301029995663981,1,Active
Active,IC50,0.5,118021843.0,0.5,6.301029995663981,1,Active
Active,IC50,0.5,118021635.0,0.5,6.301029995663981,1,Active
Active,IC50,0.5,118022595.0,0.5,6.301029995663981,1,Active
Active,IC50,0.5,118021743.0,0.5,6.301029995663981,1,Active
Active,IC50,0.5,118022039.0,0.5,6.301029995663981,1,Active
Active,IC50,0.5,136215390.0,0.5,6.301029995663981,1,Active
Active,IC50,0.5,118022448.0,0.5,6.301029995663981,1,Active
Active,IC50,0.5,118022051.0,0.5,6.301029995663981,1,Active
Active,IC50,0.5,118022247.0,0.5,6.301029995663981,1,Active
Active,IC50,0.5,118021912.0,0.5,6.301029995663981,1,Active
Active,IC50,0.5,118022325.0,0.5,6.301029995663981,1,Active
Active,IC50,0.5,118021631.0,0.5,6.301029995663981,1,Active
Active,IC50,0.5,118023192.0,0.5,6.301029995663981,1,Active
Active,IC50,0.5,118022423.0,0.5,6.301029995663981,1,Active
Active,IC50,0.5,118022201.0,0.5,6.301029995663981,1,Active
Active,IC50,0.5,118022290.0,0.5,6.301029995663981,1,Active
Active,IC50,0.5,118022007.0,0.5,6.301029995663981,1,Active
Active,IC50,0.5,118022079.0,0.5,6.301029995663981,1,Active
Active,IC50,0.5,118022151.0,0.5,6.301029995663981,1,Active
Active,IC50,0.5,118022049.0,0.5,6.301029995663981,1,Active
Active,IC50,0.5,118021522.0,0.5,6.301029995663981,1,Active
Active,IC50,0.5,118021905.0,0.5,6.301029995663981,1,Active
Active,IC50,0.5,118021474.0,0.5,6.301029995663981,1,Active
Active,IC50,0.5,118021564.0,0.5,6.301029995663981,1,Active
Active,IC50,0.5,118022583.0,0.5,6.301029995663981,1,Active
Active,IC50,0.5,118021317.0,0.5,6.301029995663981,1,Active
Active,IC50,0.5,122623562.0,0.5,6.301029995663981,1,Active
Active,IC50,0.5,118021752.0,0.5,6.301029995663981,1,Active
Active,IC50,0.5,118022248.0,0.5,6.301029995663981,1,Active
Active,IC50,0.5,72550334.0,0.5,6.301029995663981,1,Active
Active,IC50,0.5,118021750.0,0.5,6.301029995663981,1,Active
Active,IC50,0.5,118021337.0,0.5,6.301029995663981,1,Active
Active,IC50,0.5,118022381.0,0.5,6.301029995663981,1,Active
Active,IC50,0.5,118021774.0,0.5,6.301029995663981,1,Active
Active,IC50,0.5,118022531.0,0.5,6.301029995663981,1,Active
Active,IC50,0.5,118021286.0,0.5,6.301029995663981,1,Active
Active,IC50,0.5,118022222.0,0.5,6.301029995663981,1,Active
Active,IC50,0.5,118022356.0,0.5,6.301029995663981,1,Active
Active,IC50,0.5,118021487.0,0.5,6.301029995663981,1,Active
Active,IC50,0.5,118021629.0,0.5,6.301029995663981,1,Active
Active,IC50,0.5,118023002.0,0.5,6.301029995663981,1,Active
Active,IC50,0.5,118021692.0,0.5,6.301029995663981,1,Active
Active,IC50,0.5,118022013.0,0.5,6.301029995663981,1,Active
Active,IC50,0.5,118021945.0,0.5,6.301029995663981,1,Active
Active,IC50,0.5,118021981.0,0.5,6.301029995663981,1,Active
Active,IC50,0.5,118022042.0,0.5,6.301029995663981,1,Active
Active,IC50,0.5,118022776.0,0.5,6.301029995663981,1,Active
Active,IC50,0.5,118022254.0,0.5,6.301029995663981,1,Active
Active,IC50,0.5,118022429.0,0.5,6.301029995663981,1,Active
Active,IC50,0.5,118021533.0,0.5,6.301029995663981,1,Active
Active,IC50,0.5,118021881.0,0.5,6.301029995663981,1,Active
Active,IC50,0.5,118021929.0,0.5,6.301029995663981,1,Active
Active,IC50,0.5,118021679.0,0.5,6.301029995663981,1,Active
Active,IC50,0.5,118022452.0,0.5,6.301029995663981,1,Active
Active,IC50,0.5,118022066.0,0.5,6.301029995663981,1,Active
Active,IC50,0.5,118021507.0,0.5,6.301029995663981,1,Active
Active,IC50,0.5,118022354.0,0.5,6.301029995663981,1,Active
Active,IC50,0.5,118022443.0,0.5,6.301029995663981,1,Active
Active,IC50,0.5,118021492.0,0.5,6.301029995663981,1,Active
Active,IC50,0.5,118022054.0,0.5,6.301029995663981,1,Active
Active,IC50,0.5,118022082.0,0.5,6.301029995663981,1,Active
Active,IC50,0.5,118021374.0,0.5,6.301029995663981,1,Active
Active,IC50,0.5,118022055.0,0.5,6.301029995663981,1,Active
Active,IC50,0.5,118021747.0,0.5,6.301029995663981,1,Active
Active,IC50,0.5,118022004.0,0.5,6.301029995663981,1,Active
Active,IC50,0.5,118021757.0,0.5,6.301029995663981,1,Active
Active,IC50,0.5,118022077.0,0.5,6.301029995663981,1,Active
Active,IC50,0.5,118021415.0,0.5,6.301029995663981,1,Active
Active,IC50,0.5,118021755.0,0.5,6.301029995663981,1,Active
Active,IC50,0.5,118021749.0,0.5,6.301029995663981,1,Active
Active,IC50,0.5,118021493.0,0.5,6.301029995663981,1,Active
Active,IC50,0.5,118021440.0,0.5,6.301029995663981,1,Active
Active,IC50,0.5,118021941.0,0.5,6.301029995663981,1,Active
Active,IC50,0.5,123725054.0,0.5,6.301029995663981,1,Active
Active,IC50,0.5,123177487.0,0.5,6.301029995663981,1,Active
Active,IC50,0.5,118022005.0,0.5,6.301029995663981,1,Active
Active,IC50,0.5,123232615.0,0.5,6.301029995663981,1,Active
Active,IC50,0.5,123757165.0,0.5,6.301029995663981,1,Active
Active,IC50,0.5,123653166.0,0.5,6.301029995663981,1,Active
Active,IC50,0.5,118027846.0,0.5,6.301029995663981,1,Active
Active,IC50,0.5,156600934.0,0.5,6.301029995663981,1,Active
Active,IC50,0.5,118027861.0,0.5,6.301029995663981,1,Active
Active,IC50,0.5,118021608.0,0.5,6.301029995663981,1,Active
Active,IC50,0.5,118022637.0,0.5,6.301029995663981,1,Active
Active,IC50,0.5,118022226.0,0.5,6.301029995663981,1,Active
Active,IC50,0.5,118022339.0,0.5,6.301029995663981,1,Active
Active,IC50,0.5,118022871.0,0.5,6.301029995663981,1,Active
Active,IC50,0.5,118021832.0,0.5,6.301029995663981,1,Active
Active,IC50,0.5,118021683.0,0.5,6.301029995663981,1,Active
Active,IC50,0.5,118021651.0,0.5,6.301029995663981,1,Active
Active,IC50,0.5,118022228.0,0.5,6.301029995663981,1,Active
Active,IC50,0.5,118022113.0,0.5,6.301029995663981,1,Active
Active,IC50,0.5,118021779.0,0.5,6.301029995663981,1,Active
Active,IC50,0.5,118021408.0,0.5,6.301029995663981,1,Active
Active,IC50,0.5,118022334.0,0.5,6.301029995663981,1,Active
Active,IC50,0.5,118021404.0,0.5,6.301029995663981,1,Active
Active,IC50,0.5,118021882.0,0.5,6.301029995663981,1,Active
Active,IC50,0.5,118022435.0,0.5,6.301029995663981,1,Active
Active,IC50,0.5,118021450.0,0.5,6.301029995663981,1,Active
Active,IC50,0.5,118021982.0,0.5,6.301029995663981,1,Active
Active,IC50,0.5,118021738.0,0.5,6.301029995663981,1,Active
Active,IC50,0.5,118022701.0,0.5,6.301029995663981,1,Active
Active,IC50,0.5,118021928.0,0.5,6.301029995663981,1,Active
Active,IC50,0.5,118022511.0,0.5,6.301029995663981,1,Active
Active,IC50,0.5,118022134.0,0.5,6.301029995663981,1,Active
Active,IC50,0.5,118022284.0,0.5,6.301029995663981,1,Active
Active,IC50,0.5,118022213.0,0.5,6.301029995663981,1,Active
Active,IC50,0.5,118021742.0,0.5,6.301029995663981,1,Active
Active,IC50,0.5,118022084.0,0.5,6.301029995663981,1,Active
Active,IC50,0.5,118021646.0,0.5,6.301029995663981,1,Active
Active,IC50,0.5,118027868.0,0.5,6.301029995663981,1,Active
Active,IC50,0.5,118021920.0,0.5,6.301029995663981,1,Active
Active,IC50,0.5,118021519.0,0.5,6.301029995663981,1,Active
Active,IC50,0.5,123704910.0,0.5,6.301029995663981,1,Active
Active,IC50,0.5,118021682.0,0.5,6.301029995663981,1,Active
Active,IC50,0.5,118021701.0,0.5,6.301029995663981,1,Active
Active,IC50,0.5,118027832.0,0.5,6.301029995663981,1,Active
Active,IC50,0.5,123420611.0,0.5,6.301029995663981,1,Active
Active,IC50,0.5,118021873.0,0.5,6.301029995663981,1,Active
Active,IC50,0.5,118022457.0,0.5,6.301029995663981,1,Active
Active,IC50,0.5,118021656.0,0.5,6.301029995663981,1,Active
Active,IC50,0.5,118027825.0,0.5,6.301029995663981,1,Active
Active,IC50,0.5,123872282.0,0.5,6.301029995663981,1,Active
Active,IC50,0.5,118027833.0,0.5,6.301029995663981,1,Active
Active,IC50,0.5,123844726.0,0.5,6.301029995663981,1,Active
Active,IC50,0.5,123653842.0,0.5,6.301029995663981,1,Active
Active,IC50,0.5,123514728.0,0.5,6.301029995663981,1,Active
Active,IC50,0.5,146600165.0,0.5,6.301029995663981,1,Active
Active,IC50,0.5,118021427.0,0.5,6.301029995663981,1,Active
Active,IC50,0.5,118021347.0,0.5,6.301029995663981,1,Active
Active,IC50,0.5,118021685.0,0.5,6.301029995663981,1,Active
Active,IC50,0.5,123445768.0,0.5,6.301029995663981,1,Active
Active,IC50,0.5,118022431.0,0.5,6.301029995663981,1,Active
Active,IC50,0.5,123714553.0,0.5,6.301029995663981,1,Active
Active,IC50,0.5,123504760.0,0.5,6.301029995663981,1,Active
Active,IC50,0.5,123408824.0,0.5,6.301029995663981,1,Active
Active,IC50,0.5,118027860.0,0.5,6.301029995663981,1,Active
Active,IC50,0.5,134311521.0,0.5,6.301029995663981,1,Active
Active,IC50,0.5,118021470.0,0.5,6.301029995663981,1,Active
Active,IC50,0.5,118022376.0,0.5,6.301029995663981,1,Active
Active,IC50,0.5,118021857.0,0.5,6.301029995663981,1,Active
Active,IC50,0.5,118021885.0,0.5,6.301029995663981,1,Active
Active,IC50,0.5,123798333.0,0.5,6.301029995663981,1,Active
Active,IC50,0.5,123784594.0,0.5,6.301029995663981,1,Active
Active,IC50,0.5,118021700.0,0.5,6.301029995663981,1,Active
Active,IC50,0.5,118021965.0,0.5,6.301029995663981,1,Active
Active,IC50,0.5,118021484.0,0.5,6.301029995663981,1,Active
Active,IC50,0.5,118027828.0,0.5,6.301029995663981,1,Active
Active,IC50,0.5,118027848.0,0.5,6.301029995663981,1,Active
Active,IC50,0.5,146596140.0,0.5,6.301029995663981,1,Active
Active,IC50,0.5,123672944.0,0.5,6.301029995663981,1,Active
Active,IC50,0.5,118027878.0,0.5,6.301029995663981,1,Active
Active,IC50,0.5,129046568.0,0.5,6.301029995663981,1,Active
Active,IC50,0.5,118021729.0,0.5,6.301029995663981,1,Active
Active,IC50,0.5,118022460.0,0.5,6.301029995663981,1,Active
Active,IC50,0.5,118021748.0,0.5,6.301029995663981,1,Active
Active,IC50,0.5,118022642.0,0.5,6.301029995663981,1,Active
Active,IC50,0.5,123169054.0,0.5,6.301029995663981,1,Active
Active,IC50,0.5,146600162.0,0.5,6.301029995663981,1,Active
Active,IC50,0.5,118022276.0,0.5,6.301029995663981,1,Active
Active,IC50,0.5,118022104.0,0.5,6.301029995663981,1,Active
Active,IC50,0.5,118022477.0,0.5,6.301029995663981,1,Active
Active,IC50,0.5,118021336.0,0.5,6.301029995663981,1,Active
Active,IC50,0.5,118027830.0,0.5,6.301029995663981,1,Active
Active,IC50,0.5,123381073.0,0.5,6.301029995663981,1,Active
Active,IC50,0.5,146596079.0,0.5,6.301029995663981,1,Active
Active,IC50,0.5,146596137.0,0.5,6.301029995663981,1,Active
Active,IC50,0.5,122623525.0,0.5,6.301029995663981,1,Active
Active,IC50,0.5,123673442.0,0.5,6.301029995663981,1,Active
Active,IC50,0.5,123504374.0,0.5,6.301029995663981,1,Active
Active,IC50,0.5,123265759.0,0.5,6.301029995663981,1,Active
Active,IC50,0.5,123608821.0,0.5,6.301029995663981,1,Active
Active,IC50,0.5,118027866.0,0.5,6.301029995663981,1,Active
Active,IC50,0.5,123309564.0,0.5,6.301029995663981,1,Active
Active,IC50,0.5,118027859.0,0.5,6.301029995663981,1,Active
Active,IC50,0.5,118021963.0,0.5,6.301029995663981,1,Active
Active,IC50,0.5,123493873.0,0.5,6.301029995663981,1,Active
Active,IC50,0.5,146600164.0,0.5,6.301029995663981,1,Active
Active,IC50,0.5,123895883.0,0.5,6.301029995663981,1,Active
Active,IC50,0.5,118022403.0,0.5,6.301029995663981,1,Active
Active,IC50,0.5,118021968.0,0.5,6.301029995663981,1,Active
Active,IC50,0.5,118022324.0,0.5,6.301029995663981,1,Active
Active,IC50,0.5,123430651.0,0.5,6.301029995663981,1,Active
Active,IC50,0.5,134310791.0,0.5,6.301029995663981,1,Active
Active,IC50,0.5,118027838.0,0.5,6.301029995663981,1,Active
Active,IC50,0.5,118027842.0,0.5,6.301029995663981,1,Active
Active,IC50,0.5,123375024.0,0.5,6.301029995663981,1,Active
Active,IC50,0.5,123566214.0,0.5,6.301029995663981,1,Active
Active,IC50,0.5,123417069.0,0.5,6.301029995663981,1,Active
Active,IC50,0.5,123286582.0,0.5,6.301029995663981,1,Active
Active,IC50,0.5,123852144.0,0.5,6.301029995663981,1,Active
Active,IC50,0.5,118027829.0,0.5,6.301029995663981,1,Active
Active,IC50,0.5,123363358.0,0.5,6.301029995663981,1,Active
Active,IC50,0.5,123817692.0,0.5,6.301029995663981,1,Active
Active,IC50,0.5,118021681.0,0.5,6.301029995663981,1,Active
Active,IC50,0.5,118021776.0,0.5,6.301029995663981,1,Active
Active,IC50,0.5,118021808.0,0.5,6.301029995663981,1,Active
Active,IC50,0.5,122164736.0,0.5,6.301029995663981,1,Active
Active,IC50,0.5,146599931.0,0.5,6.301029995663981,1,Active
Active,IC50,0.5,118027839.0,0.5,6.301029995663981,1,Active
Active,IC50,0.5,123511115.0,0.5,6.301029995663981,1,Active
Active,IC50,0.5,118021412.0,0.5,6.301029995663981,1,Active
Active,IC50,0.5,118022150.0,0.5,6.301029995663981,1,Active
Active,IC50,0.5,136215392.0,0.5,6.301029995663981,1,Active
Active,IC50,0.5,118022027.0,0.5,6.301029995663981,1,Active
Active,IC50,0.5,118022303.0,0.5,6.301029995663981,1,Active
Active,IC50,0.5,118021712.0,0.5,6.301029995663981,1,Active
Active,IC50,0.5,118022010.0,0.5,6.301029995663981,1,Active
Active,IC50,0.5,122623559.0,0.5,6.301029995663981,1,Active
Active,IC50,0.5,122623708.0,0.5,6.301029995663981,1,Active
Active,IC50,0.5,118021949.0,0.5,6.301029995663981,1,Active
Active,IC50,0.5,118021893.0,0.5,6.301029995663981,1,Active
Active,IC50,0.5,118022553.0,0.5,6.301029995663981,1,Active
Active,IC50,0.5,118021754.0,0.5,6.301029995663981,1,Active
Active,IC50,0.5,118022075.0,0.5,6.301029995663981,1,Active
Active,IC50,0.5,146596081.0,0.5,6.301029995663981,1,Active
Active,IC50,0.5,122623610.0,0.5,6.301029995663981,1,Active
Active,IC50,0.5,146596146.0,0.5,6.301029995663981,1,Active
Active,IC50,0.5,118021387.0,0.5,6.301029995663981,1,Active
Active,IC50,0.5,118027835.0,0.5,6.301029995663981,1,Active
Active,IC50,0.5,123294309.0,0.5,6.301029995663981,1,Active
Active,IC50,0.5,118022011.0,0.5,6.301029995663981,1,Active
Active,IC50,0.5,123641721.0,0.5,6.301029995663981,1,Active
Active,IC50,0.5,57345408.0,0.5,6.301029995663981,1,Active
Active,IC50,0.5,123391180.0,0.5,6.301029995663981,1,Active
Active,IC50,0.5,156600936.0,0.5,6.301029995663981,1,Active
Active,IC50,0.5,122623713.0,0.5,6.301029995663981,1,Active
Active,IC50,0.5,118732071.0,0.5,6.301029995663981,1,Active
Active,IC50,0.5,118021538.0,0.5,6.301029995663981,1,Active
Active,IC50,0.5,122623666.0,0.5,6.301029995663981,1,Active
Active,IC50,0.5,122623712.0,0.5,6.301029995663981,1,Active
Active,IC50,0.5,122623699.0,0.5,6.301029995663981,1,Active
Active,IC50,0.5,122623604.0,0.5,6.301029995663981,1,Active
Active,IC50,0.5,122623536.0,0.5,6.301029995663981,1,Active
Active,IC50,0.5,118021789.0,0.5,6.301029995663981,1,Active
Active,IC50,0.5,122623582.0,0.5,6.301029995663981,1,Active
Active,IC50,0.5,122623696.0,0.5,6.301029995663981,1,Active
Active,IC50,0.5,122623739.0,0.5,6.301029995663981,1,Active
Active,IC50,0.5,122623750.0,0.5,6.301029995663981,1,Active
Active,IC50,0.5,126600955.0,0.5,6.301029995663981,1,Active
Active,IC50,0.5,122623636.0,0.5,6.301029995663981,1,Active
Active,IC50,0.5,122623745.0,0.5,6.301029995663981,1,Active
Active,IC50,0.5,146596144.0,0.5,6.301029995663981,1,Active
Active,IC50,0.5,118021641.0,0.5,6.301029995663981,1,Active
Active,IC50,0.5,118021621.0,0.5,6.301029995663981,1,Active
Active,IC50,0.5,118021809.0,0.5,6.301029995663981,1,Active
Active,IC50,0.5,118021617.0,0.5,6.301029995663981,1,Active
Active,IC50,0.5,122623744.0,0.5,6.301029995663981,1,Active
Active,IC50,0.5,122623534.0,0.5,6.301029995663981,1,Active
Active,IC50,0.5,122623542.0,0.5,6.301029995663981,1,Active
Active,IC50,0.5,122623748.0,0.5,6.301029995663981,1,Active
Active,IC50,0.5,122623612.0,0.5,6.301029995663981,1,Active
Active,IC50,0.5,122634041.0,0.5,6.301029995663981,1,Active
Active,IC50,0.5,134310747.0,0.5,6.301029995663981,1,Active
Active,IC50,0.5,124024702.0,0.5,6.301029995663981,1,Active
Active,IC50,0.5,122623724.0,0.5,6.301029995663981,1,Active
Active,IC50,0.5,122634031.0,0.5,6.301029995663981,1,Active
Active,IC50,0.5,122623506.0,0.5,6.301029995663981,1,Active
Active,IC50,0.5,122623532.0,0.5,6.301029995663981,1,Active
Active,IC50,0.5,122623629.0,0.5,6.301029995663981,1,Active
Active,IC50,0.5,122623747.0,0.5,6.301029995663981,1,Active
Active,IC50,0.5,118022304.0,0.5,6.301029995663981,1,Active
Active,IC50,0.5,123656783.0,0.5,6.301029995663981,1,Active
Active,IC50,0.5,123814145.0,0.5,6.301029995663981,1,Active
Active,IC50,0.5,118021696.0,0.5,6.301029995663981,1,Active
Active,IC50,0.5,118021758.0,0.5,6.301029995663981,1,Active
Active,IC50,0.5,118022434.0,0.5,6.301029995663981,1,Active
Active,IC50,0.5,118021711.0,0.5,6.301029995663981,1,Active
Active,IC50,0.5,118022585.0,0.5,6.301029995663981,1,Active
Active,IC50,0.5,118889553.0,0.5,6.301029995663981,1,Active
Active,IC50,0.5,118021960.0,0.5,6.301029995663981,1,Active
Active,IC50,0.5,118022109.0,0.5,6.301029995663981,1,Active
Active,IC50,0.5,118022774.0,0.5,6.301029995663981,1,Active
Active,IC50,0.5,122623700.0,0.5,6.301029995663981,1,Active
Active,IC50,0.5,122623690.0,0.5,6.301029995663981,1,Active
Active,IC50,0.5,122623648.0,0.5,6.301029995663981,1,Active
Active,IC50,0.5,123458097.0,0.5,6.301029995663981,1,Active
Active,IC50,0.5,122623687.0,0.5,6.301029995663981,1,Active
Active,IC50,0.5,122633839.0,0.5,6.301029995663981,1,Active
Active,IC50,0.5,122623530.0,0.5,6.301029995663981,1,Active
Active,IC50,0.5,122623501.0,0.5,6.301029995663981,1,Active
Active,IC50,0.5,122623657.0,0.5,6.301029995663981,1,Active
Active,IC50,0.5,118021526.0,0.5,6.301029995663981,1,Active
Active,IC50,0.5,118021659.0,0.5,6.301029995663981,1,Active
Active,IC50,0.5,118027879.0,0.5,6.301029995663981,1,Active
Active,IC50,0.5,166630220.0,0.5,6.301029995663981,1,Active
Active,IC50,0.5,118021663.0,0.5,6.301029995663981,1,Active
Active,IC50,0.5,118022272.0,0.5,6.301029995663981,1,Active
Active,IC50,0.5,118021861.0,0.5,6.301029995663981,1,Active
Active,IC50,0.5,118023112.0,0.5,6.301029995663981,1,Active
Active,IC50,0.5,118021318.0,0.5,6.301029995663981,1,Active
Active,IC50,0.5,118021637.0,0.5,6.301029995663981,1,Active
Active,IC50,0.5,123550660.0,0.5,6.301029995663981,1,Active
Active,IC50,0.5,123592513.0,0.5,6.301029995663981,1,Active
Active,IC50,0.5,146599946.0,0.5,6.301029995663981,1,Active
Active,IC50,0.5,146600166.0,0.5,6.301029995663981,1,Active
Active,IC50,0.5,146599923.0,0.5,6.301029995663981,1,Active
Active,IC50,0.5,123837404.0,0.5,6.301029995663981,1,Active
Active,IC50,0.5,123440348.0,0.5,6.301029995663981,1,Active
Active,IC50,0.5,118022264.0,0.5,6.301029995663981,1,Active
Active,IC50,0.5,118021466.0,0.5,6.301029995663981,1,Active
Active,IC50,0.5,118021969.0,0.5,6.301029995663981,1,Active
Active,IC50,0.5,118021791.0,0.5,6.301029995663981,1,Active
Active,IC50,0.5,118022205.0,0.5,6.301029995663981,1,Active
Active,IC50,0.5,122623544.0,0.5,6.301029995663981,1,Active
Active,IC50,0.5,122623646.0,0.5,6.301029995663981,1,Active
Active,IC50,0.5,122623616.0,0.5,6.301029995663981,1,Active
Active,IC50,0.5,122623664.0,0.5,6.301029995663981,1,Active
Active,IC50,0.5,122623614.0,0.5,6.301029995663981,1,Active
Active,IC50,0.5,123831598.0,0.5,6.301029995663981,1,Active
Active,IC50,0.5,123363613.0,0.5,6.301029995663981,1,Active
Active,IC50,0.5,118022155.0,0.5,6.301029995663981,1,Active
Active,IC50,0.5,122623633.0,0.5,6.301029995663981,1,Active
Active,IC50,0.5,122623746.0,0.5,6.301029995663981,1,Active
Active,IC50,0.5,122623618.0,0.5,6.301029995663981,1,Active
Active,IC50,0.5,122623704.0,0.5,6.301029995663981,1,Active
Active,IC50,0.5,122623563.0,0.5,6.301029995663981,1,Active
Active,IC50,0.5,122623741.0,0.5,6.301029995663981,1,Active
Active,IC50,0.5,122623571.0,0.5,6.301029995663981,1,Active
Active,IC50,0.5,122623634.0,0.5,6.301029995663981,1,Active
Active,IC50,0.5,122623620.0,0.5,6.301029995663981,1,Active
Active,IC50,0.5,126600962.0,0.5,6.301029995663981,1,Active
Active,IC50,0.5,122623514.0,0.5,6.301029995663981,1,Active
Active,IC50,0.5,146439368.0,0.5,6.301029995663981,1,Active
Active,IC50,0.5,122634046.0,0.5,6.301029995663981,1,Active
Active,IC50,0.5,122634048.0,0.5,6.301029995663981,1,Active
Active,IC50,0.5,122623546.0,0.5,6.301029995663981,1,Active
Active,IC50,0.5,122623649.0,0.5,6.301029995663981,1,Active
Active,IC50,0.5,122623500.0,0.5,6.301029995663981,1,Active
Active,IC50,0.5,122623716.0,0.5,6.301029995663981,1,Active
Active,IC50,0.5,122623727.0,0.5,6.301029995663981,1,Active
Active,IC50,0.5,122623723.0,0.5,6.301029995663981,1,Active
Active,IC50,0.5,118022076.0,0.5,6.301029995663981,1,Active
Active,IC50,0.5,118021498.0,0.5,6.301029995663981,1,Active
Active,IC50,0.5,118022591.0,0.5,6.301029995663981,1,Active
Active,IC50,0.5,118022100.0,0.5,6.301029995663981,1,Active
Active,IC50,0.5,118021817.0,0.5,6.301029995663981,1,Active
Active,IC50,0.5,123537149.0,0.5,6.301029995663981,1,Active
Active,IC50,0.5,124014795.0,0.5,6.301029995663981,1,Active
Active,IC50,0.5,123250155.0,0.5,6.301029995663981,1,Active
Active,IC50,0.5,146599947.0,0.5,6.301029995663981,1,Active
Active,IC50,0.5,123620769.0,0.5,6.301029995663981,1,Active
Active,IC50,0.5,123835845.0,0.5,6.301029995663981,1,Active
Active,IC50,0.5,118027831.0,0.5,6.301029995663981,1,Active
Active,IC50,0.5,118022860.0,0.5,6.301029995663981,1,Active
Active,IC50,0.5,118021499.0,0.5,6.301029995663981,1,Active
Active,IC50,0.5,118027836.0,0.5,6.301029995663981,1,Active
Active,IC50,0.5,118021285.0,0.5,6.301029995663981,1,Active
Active,IC50,0.5,118027823.0,0.5,6.301029995663981,1,Active
Active,IC50,0.5,53054259.0,0.5,6.301029995663981,1,Active
Active,IC50,0.5,118027824.0,0.5,6.301029995663981,1,Active
Active,IC50,0.5,118021992.0,0.5,6.301029995663981,1,Active
Active,IC50,0.5,118027834.0,0.5,6.301029995663981,1,Active
Active,IC50,0.5,118022367.0,0.5,6.301029995663981,1,Active
Active,IC50,0.5,123706357.0,0.5,6.301029995663981,1,Active
Active,Ki,0.5,170556555.0,0.5,6.301029995663981,1,Active
Active,IC50,0.5,118022098.0,0.5,6.301029995663981,1,Active
Active,IC50,0.5,122633667.0,0.5,6.301029995663981,1,Active
Active,IC50,0.5,122623623.0,0.5,6.301029995663981,1,Active
Active,IC50,0.5,72375018.0,0.5,6.301029995663981,1,Active
Active,IC50,0.5,122623685.0,0.5,6.301029995663981,1,Active
Active,IC50,0.5,118022040.0,0.5,6.301029995663981,1,Active
Active,IC50,0.5,118021385.0,0.5,6.301029995663981,1,Active
Active,IC50,0.5,123835444.0,0.5,6.301029995663981,1,Active
Active,IC50,0.5,146599965.0,0.5,6.301029995663981,1,Active
Active,IC50,0.5,156600938.0,0.5,6.301029995663981,1,Active
Active,IC50,0.5,123811664.0,0.5,6.301029995663981,1,Active
Active,IC50,0.5,122623600.0,0.5,6.301029995663981,1,Active
Active,IC50,0.5,122634035.0,0.5,6.301029995663981,1,Active
Active,IC50,0.5,122623580.0,0.5,6.301029995663981,1,Active
Active,IC50,0.5,122633850.0,0.5,6.301029995663981,1,Active
Active,IC50,0.5,156344635.0,0.5,6.301029995663981,1,Active
Active,IC50,0.5,123230728.0,0.5,6.301029995663981,1,Active
Active,IC50,0.5,118022116.0,0.5,6.301029995663981,1,Active
Active,IC50,0.5,118021553.0,0.5,6.301029995663981,1,Active
Active,IC50,0.5,118022357.0,0.5,6.301029995663981,1,Active
Active,IC50,0.5,122623711.0,0.5,6.301029995663981,1,Active
Active,IC50,0.5,118022651.0,0.5,6.301029995663981,1,Active
Active,IC50,0.5,118023004.0,0.5,6.301029995663981,1,Active
Active,IC50,0.5,118022958.0,0.5,6.301029995663981,1,Active
Active,IC50,0.5,134310849.0,0.5,6.301029995663981,1,Active
Active,IC50,0.5,123995699.0,0.5,6.301029995663981,1,Active
Active,IC50,0.5,123541486.0,0.5,6.301029995663981,1,Active
Active,IC50,0.5,118027858.0,0.5,6.301029995663981,1,Active
Active,IC50,0.5,134311454.0,0.5,6.301029995663981,1,Active
Active,IC50,0.5,118027843.0,0.5,6.301029995663981,1,Active
Active,IC50,0.5,123330166.0,0.5,6.301029995663981,1,Active
Active,IC50,0.5,122623652.0,0.5,6.301029995663981,1,Active
Active,IC50,0.5,122623632.0,0.5,6.301029995663981,1,Active
Active,IC50,0.5,122623551.0,0.5,6.301029995663981,1,Active
Active,IC50,0.5,123198120.0,0.5,6.301029995663981,1,Active
Active,IC50,0.5,123350652.0,0.5,6.301029995663981,1,Active
Active,IC50,0.5,123785696.0,0.5,6.301029995663981,1,Active
Active,IC50,0.5,118021740.0,0.5,6.301029995663981,1,Active
Active,IC50,0.5,123362385.0,0.5,6.301029995663981,1,Active
Active,IC50,0.5,122623581.0,0.5,6.301029995663981,1,Active
Active,IC50,0.5,122623575.0,0.5,6.301029995663981,1,Active
Active,IC50,0.5,122623673.0,0.5,6.301029995663981,1,Active
Active,IC50,0.5,118021596.0,0.5,6.301029995663981,1,Active
Active,IC50,0.5,,0.5,6.301029995663981,1,Active
Active,IC50,0.5,122623631.0,0.5,6.301029995663981,1,Active
Active,IC50,0.5,122623709.0,0.5,6.301029995663981,1,Active
Active,IC50,0.5,122623584.0,0.5,6.301029995663981,1,Active
Active,IC50,0.5,122623574.0,0.5,6.301029995663981,1,Active
Active,IC50,0.5,118027847.0,0.5,6.301029995663981,1,Active
Active,IC50,0.5,123323276.0,0.5,6.301029995663981,1,Active
Active,IC50,0.5,123339508.0,0.5,6.301029995663981,1,Active
Active,IC50,0.5,123393134.0,0.5,6.301029995663981,1,Active
Active,IC50,0.5,122623547.0,0.5,6.301029995663981,1,Active
Active,IC50,0.5,122623722.0,0.5,6.301029995663981,1,Active
Active,IC50,0.5,122623650.0,0.5,6.301029995663981,1,Active
Active,IC50,0.5,118021672.0,0.5,6.301029995663981,1,Active
Active,IC50,0.5,118022436.0,0.5,6.301029995663981,1,Active
Active,IC50,0.5,123828294.0,0.5,6.301029995663981,1,Active
Active,IC50,0.50119,68184871.0,0.50119,6.299997602857746,1,Active
Active,IC50,0.50119,52933160.0,0.50119,6.299997602857746,1,Active
Active,IC50,0.50119,118719861.0,0.50119,6.299997602857746,1,Active
Active,IC50,0.50119,118719860.0,0.50119,6.299997602857746,1,Active
Active,IC50,0.50119,168294354.0,0.50119,6.299997602857746,1,Active
Active,IC50,0.50119,127025697.0,0.50119,6.299997602857746,1,Active
Active,IC50,0.50119,156016264.0,0.50119,6.299997602857746,1,Active
Active,IC50,0.50119,67195278.0,0.50119,6.299997602857746,1,Active
Active,IC50,0.50119,118719870.0,0.50119,6.299997602857746,1,Active
Active,IC50,0.50119,68161669.0,0.50119,6.299997602857746,1,Active
Active,IC50,0.50119,162664418.0,0.50119,6.299997602857746,1,Active
Active,IC50,0.50119,164609744.0,0.50119,6.299997602857746,1,Active
Active,IC50,0.50119,142577862.0,0.50119,6.299997602857746,1,Active
Active,IC50,0.50119,52934122.0,0.50119,6.299997602857746,1,Active
Active,IC50,0.50119,52933416.0,0.50119,6.299997602857746,1,Active
Active,IC50,0.50119,168299782.0,0.50119,6.299997602857746,1,Active
Active,IC50,0.50119,168296023.0,0.50119,6.299997602857746,1,Active
Active,IC50,0.50119,145407007.0,0.50119,6.299997602857746,1,Active
Active,IC50,0.50119,70681174.0,0.50119,6.299997602857746,1,Active
Active,IC50,0.50119,168298063.0,0.50119,6.299997602857746,1,Active
Active,IC50,0.50119,123146482.0,0.50119,6.299997602857746,1,Active
Active,IC50,0.50119,145974721.0,0.50119,6.299997602857746,1,Active
Active,IC50,0.50119,137321201.0,0.50119,6.299997602857746,1,Active
Active,IC50,0.50119,168279351.0,0.50119,6.299997602857746,1,Active
Active,IC50,0.50119,155527951.0,0.50119,6.299997602857746,1,Active
Active,IC50,0.50119,155513971.0,0.50119,6.299997602857746,1,Active
Active,IC50,0.50119,52933414.0,0.50119,6.299997602857746,1,Active
Active,IC50,0.50119,145978560.0,0.50119,6.299997602857746,1,Active
Active,IC50,0.50119,145966560.0,0.50119,6.299997602857746,1,Active
Active,IC50,0.50119,172456096.0,0.50119,6.299997602857746,1,Active
Active,IC50,0.50119,129022871.0,0.50119,6.299997602857746,1,Active
Active,IC50,0.50119,156013860.0,0.50119,6.299997602857746,1,Active
Active,IC50,0.50119,134306288.0,0.50119,6.299997602857746,1,Active
Active,IC50,0.50119,164609437.0,0.50119,6.299997602857746,1,Active
Active,IC50,0.5032,155539526.0,0.5032,6.298259367562787,1,Active
Active,IC50,0.504,168292925.0,0.504,6.297569463554475,1,Active
Active,Ki,0.505,89657490.0,0.505,6.296708621881338,1,Active
Active,IC50,0.51,138375214.0,0.51,6.292429823902063,1,Active
Active,Kd,0.51,177382442.0,0.51,6.292429823902063,1,Active
Active,IC50,0.51,122467486.0,0.51,6.292429823902063,1,Active
Active,IC50,0.51,145949319.0,0.51,6.292429823902063,1,Active
Active,IC50,0.51,118021721.0,0.51,6.292429823902063,1,Active
Active,IC50,0.51,139558302.0,0.51,6.292429823902063,1,Active
Active,IC50,0.51,86282588.0,0.51,6.292429823902063,1,Active
Active,IC50,0.51,156021729.0,0.51,6.292429823902063,1,Active
Active,IC50,0.51,170649771.0,0.51,6.292429823902063,1,Active
Active,IC50,0.51,126572416.0,0.51,6.292429823902063,1,Active
Active,IC50,0.51,164628006.0,0.51,6.292429823902063,1,Active
Active,IC50,0.51,117673808.0,0.51,6.292429823902063,1,Active
Active,IC50,0.51,86281503.0,0.51,6.292429823902063,1,Active
Active,IC50,0.51,154634403.0,0.51,6.292429823902063,1,Active
Active,IC50,0.5129,86281740.0,0.5129,6.289967300934246,1,Active
Active,IC50,0.513,139570979.0,0.513,6.289882634888183,1,Active
Active,IC50,0.514,168294022.0,0.514,6.289036881004725,1,Active
Active,IC50,0.515,117891925.0,0.515,6.288192770958809,1,Active
Active,IC50,0.517,153385177.0,0.517,6.286509456906058,1,Active
Active,IC50,0.519,118540004.0,0.519,6.284832642151542,1,Active
Active,IC50,0.52,86294277.0,0.52,6.2839966563652006,1,Active
Active,IC50,0.52,134457699.0,0.52,6.2839966563652006,1,Active
Active,Kd,0.52,129165906.0,0.52,6.2839966563652006,1,Active
Active,IC50,0.52,152158093.0,0.52,6.2839966563652006,1,Active
Active,IC50,0.52,145957886.0,0.52,6.2839966563652006,1,Active
Active,IC50,0.52,118889448.0,0.52,6.2839966563652006,1,Active
Active,IC50,0.52,137637565.0,0.52,6.2839966563652006,1,Active
Active,Ki,0.52,136174601.0,0.52,6.2839966563652006,1,Active
Active,IC50,0.5226,172451770.0,0.5226,6.281830594608693,1,Active
Active,IC50,0.523,154688867.0,0.523,6.281498311132726,1,Active
Active,IC50,0.525,177373895.0,0.525,6.279840696594043,1,Active
Active,IC50,0.525,162526525.0,0.525,6.279840696594043,1,Active
Active,IC50,0.526,142535938.0,0.526,6.279014255846261,1,Active
Active,Ki,0.526,89656196.0,0.526,6.279014255846261,1,Active
Active,Ki,0.526,71812020.0,0.526,6.279014255846261,1,Active
Active,IC50,0.526,155457859.0,0.526,6.279014255846261,1,Active
Active,IC50,0.53,137635735.0,0.53,6.275724130399211,1,Active
Active,IC50,0.53,1069056.0,0.53,6.275724130399211,1,Active
Active,IC50,0.53,67951305.0,0.53,6.275724130399211,1,Active
Active,IC50,0.53,145949560.0,0.53,6.275724130399211,1,Active
Active,IC50,0.534,162717037.0,0.534,6.272458742971444,1,Active
Active,IC50,0.5345,162676330.0,0.5345,6.272052290455203,1,Active
Active,IC50,0.5345,168276530.0,0.5345,6.272052290455203,1,Active
Active,IC50,0.538,153465745.0,0.538,6.269217724333611,1,Active
Active,IC50,0.54,118889394.0,0.54,6.267606240177032,1,Active
Active,IC50,0.54,137796651.0,0.54,6.267606240177032,1,Active
Active,Kd,0.54,145981836.0,0.54,6.267606240177032,1,Active
Active,IC50,0.54,118889459.0,0.54,6.267606240177032,1,Active
Active,IC50,0.54,156016533.0,0.54,6.267606240177032,1,Active
Active,IC50,0.54,86282727.0,0.54,6.267606240177032,1,Active
Active,IC50,0.5404,172458926.0,0.5404,6.267284659650007,1,Active
Active,IC50,0.544,71624897.0,0.544,6.26440110030182,1,Active
Active,IC50,0.5452,155531154.0,0.5452,6.263444152837364,1,Active
Active,IC50,0.547,117891926.0,0.547,6.262012673666569,1,Active
Active,IC50,0.547,177380727.0,0.547,6.262012673666569,1,Active
Active,IC50,0.547,177380734.0,0.547,6.262012673666569,1,Active
Active,IC50,0.549,146525137.0,0.549,6.260427655549908,1,Active
Active,IC50,0.549,172462546.0,0.549,6.260427655549908,1,Active
Active,IC50,0.549,118067801.0,0.549,6.260427655549908,1,Active
Active,IC50,0.55,154593620.0,0.55,6.259637310505756,1,Active
Active,IC50,0.55,138479565.0,0.55,6.259637310505756,1,Active
Active,IC50,0.55,153212738.0,0.55,6.259637310505756,1,Active
Active,IC50,0.55,138479333.0,0.55,6.259637310505756,1,Active
Active,IC50,0.55,148910765.0,0.55,6.259637310505756,1,Active
Active,IC50,0.55,150755370.0,0.55,6.259637310505756,1,Active
Active,IC50,0.55,90409016.0,0.55,6.259637310505756,1,Active
Active,IC50,0.55,154593798.0,0.55,6.259637310505756,1,Active
Active,IC50,0.55,138479698.0,0.55,6.259637310505756,1,Active
Active,IC50,0.55,145866535.0,0.55,6.259637310505756,1,Active
Active,IC50,0.55,145866533.0,0.55,6.259637310505756,1,Active
Active,IC50,0.55,145866616.0,0.55,6.259637310505756,1,Active
Active,IC50,0.55,145866570.0,0.55,6.259637310505756,1,Active
Active,IC50,0.55,145866583.0,0.55,6.259637310505756,1,Active
Active,IC50,0.55,145866581.0,0.55,6.259637310505756,1,Active
Active,IC50,0.55,145866603.0,0.55,6.259637310505756,1,Active
Active,IC50,0.55,154593603.0,0.55,6.259637310505756,1,Active
Active,IC50,0.55,150055864.0,0.55,6.259637310505756,1,Active
Active,IC50,0.55,138479219.0,0.55,6.259637310505756,1,Active
Active,IC50,0.55,152292732.0,0.55,6.259637310505756,1,Active
Active,IC50,0.55,148898407.0,0.55,6.259637310505756,1,Active
Active,IC50,0.55,138479228.0,0.55,6.259637310505756,1,Active
Active,IC50,0.55,150673381.0,0.55,6.259637310505756,1,Active
Active,IC50,0.55,154593698.0,0.55,6.259637310505756,1,Active
Active,IC50,0.55,147457820.0,0.55,6.259637310505756,1,Active
Active,IC50,0.55,147466834.0,0.55,6.259637310505756,1,Active
Active,IC50,0.55,148304826.0,0.55,6.259637310505756,1,Active
Active,IC50,0.55,145866582.0,0.55,6.259637310505756,1,Active
Active,IC50,0.55,118093880.0,0.55,6.259637310505756,1,Active
Active,IC50,0.55,118093954.0,0.55,6.259637310505756,1,Active
Active,IC50,0.55,154593613.0,0.55,6.259637310505756,1,Active
Active,IC50,0.55,154593720.0,0.55,6.259637310505756,1,Active
Active,IC50,0.55,154593715.0,0.55,6.259637310505756,1,Active
Active,IC50,0.55,154593757.0,0.55,6.259637310505756,1,Active
Active,IC50,0.55,147223823.0,0.55,6.259637310505756,1,Active
Active,IC50,0.55,90409441.0,0.55,6.259637310505756,1,Active
Active,IC50,0.55,154593600.0,0.55,6.259637310505756,1,Active
Active,IC50,0.55,154593734.0,0.55,6.259637310505756,1,Active
Active,IC50,0.55,154593683.0,0.55,6.259637310505756,1,Active
Active,IC50,0.55,154593703.0,0.55,6.259637310505756,1,Active
Active,IC50,0.55,154593740.0,0.55,6.259637310505756,1,Active
Active,IC50,0.55,154593627.0,0.55,6.259637310505756,1,Active
Active,IC50,0.55,138374604.0,0.55,6.259637310505756,1,Active
Active,IC50,0.55,154593646.0,0.55,6.259637310505756,1,Active
Active,IC50,0.55,138479202.0,0.55,6.259637310505756,1,Active
Active,IC50,0.55,92042835.0,0.55,6.259637310505756,1,Active
Active,IC50,0.55,149932008.0,0.55,6.259637310505756,1,Active
Active,IC50,0.55,154593728.0,0.55,6.259637310505756,1,Active
Active,IC50,0.55,147195105.0,0.55,6.259637310505756,1,Active
Active,IC50,0.55,154593797.0,0.55,6.259637310505756,1,Active
Active,IC50,0.55,138479330.0,0.55,6.259637310505756,1,Active
Active,IC50,0.55,130266305.0,0.55,6.259637310505756,1,Active
Active,IC50,0.55,90410753.0,0.55,6.259637310505756,1,Active
Active,Kd,0.55,155234169.0,0.55,6.259637310505756,1,Active
Active,IC50,0.55,118159814.0,0.55,6.259637310505756,1,Active
Active,IC50,0.55,136963115.0,0.55,6.259637310505756,1,Active
Active,IC50,0.55,154593661.0,0.55,6.259637310505756,1,Active
Active,IC50,0.55,149370612.0,0.55,6.259637310505756,1,Active
Active,IC50,0.55,149379718.0,0.55,6.259637310505756,1,Active
Active,IC50,0.55,154593709.0,0.55,6.259637310505756,1,Active
Active,IC50,0.55,152189403.0,0.55,6.259637310505756,1,Active
Active,IC50,0.55,138479463.0,0.55,6.259637310505756,1,Active
Active,IC50,0.55,154593729.0,0.55,6.259637310505756,1,Active
Active,IC50,0.55,152796088.0,0.55,6.259637310505756,1,Active
Active,IC50,0.55,118159608.0,0.55,6.259637310505756,1,Active
Active,IC50,0.55,118164020.0,0.55,6.259637310505756,1,Active
Active,IC50,0.55,148218588.0,0.55,6.259637310505756,1,Active
Active,IC50,0.55,138479420.0,0.55,6.259637310505756,1,Active
Active,IC50,0.55,147394756.0,0.55,6.259637310505756,1,Active
Active,IC50,0.55,118159758.0,0.55,6.259637310505756,1,Active
Active,IC50,0.55,154593659.0,0.55,6.259637310505756,1,Active
Active,IC50,0.55,154593598.0,0.55,6.259637310505756,1,Active
Active,IC50,0.55,148538274.0,0.55,6.259637310505756,1,Active
Active,IC50,0.55,154593654.0,0.55,6.259637310505756,1,Active
Active,IC50,0.55,154593619.0,0.55,6.259637310505756,1,Active
Active,IC50,0.55,153187830.0,0.55,6.259637310505756,1,Active
Active,IC50,0.55,154593770.0,0.55,6.259637310505756,1,Active
Active,IC50,0.55,152174626.0,0.55,6.259637310505756,1,Active
Active,IC50,0.55,118159577.0,0.55,6.259637310505756,1,Active
Active,IC50,0.55,86298848.0,0.55,6.259637310505756,1,Active
Active,IC50,0.55,118159563.0,0.55,6.259637310505756,1,Active
Active,IC50,0.55,154593622.0,0.55,6.259637310505756,1,Active
Active,IC50,0.55,142546147.0,0.55,6.259637310505756,1,Active
Active,IC50,0.55,146809332.0,0.55,6.259637310505756,1,Active
Active,IC50,0.55,118159689.0,0.55,6.259637310505756,1,Active
Active,IC50,0.55,118159476.0,0.55,6.259637310505756,1,Active
Active,IC50,0.55,90410016.0,0.55,6.259637310505756,1,Active
Active,IC50,0.55,118159755.0,0.55,6.259637310505756,1,Active
Active,IC50,0.55,118159595.0,0.55,6.259637310505756,1,Active
Active,IC50,0.55,148171545.0,0.55,6.259637310505756,1,Active
Active,IC50,0.55,154593802.0,0.55,6.259637310505756,1,Active
Active,IC50,0.55,118159587.0,0.55,6.259637310505756,1,Active
Active,IC50,0.55,90409473.0,0.55,6.259637310505756,1,Active
Active,IC50,0.55,118159545.0,0.55,6.259637310505756,1,Active
Active,IC50,0.55,153313165.0,0.55,6.259637310505756,1,Active
Active,IC50,0.55,155546897.0,0.55,6.259637310505756,1,Active
Active,IC50,0.55,147172278.0,0.55,6.259637310505756,1,Active
Active,IC50,0.55,138374585.0,0.55,6.259637310505756,1,Active
Active,IC50,0.55,90409960.0,0.55,6.259637310505756,1,Active
Active,Kd,0.55,129166000.0,0.55,6.259637310505756,1,Active
Active,IC50,0.55,147295197.0,0.55,6.259637310505756,1,Active
Active,IC50,0.55,154593657.0,0.55,6.259637310505756,1,Active
Active,IC50,0.55,138479455.0,0.55,6.259637310505756,1,Active
Active,IC50,0.55,148303920.0,0.55,6.259637310505756,1,Active
Active,IC50,0.55,118159720.0,0.55,6.259637310505756,1,Active
Active,IC50,0.55,154593803.0,0.55,6.259637310505756,1,Active
Active,IC50,0.55,146775313.0,0.55,6.259637310505756,1,Active
Active,IC50,0.55,152904505.0,0.55,6.259637310505756,1,Active
Active,IC50,0.55,154593790.0,0.55,6.259637310505756,1,Active
Active,IC50,0.55,148969004.0,0.55,6.259637310505756,1,Active
Active,IC50,0.55,154584689.0,0.55,6.259637310505756,1,Active
Active,IC50,0.55,118159804.0,0.55,6.259637310505756,1,Active
Active,IC50,0.55,154593605.0,0.55,6.259637310505756,1,Active
Active,IC50,0.55,145866602.0,0.55,6.259637310505756,1,Active
Active,IC50,0.55,145866515.0,0.55,6.259637310505756,1,Active
Active,IC50,0.55,145866511.0,0.55,6.259637310505756,1,Active
Active,IC50,0.55,145866579.0,0.55,6.259637310505756,1,Active
Active,IC50,0.55,145866539.0,0.55,6.259637310505756,1,Active
Active,IC50,0.55,154593795.0,0.55,6.259637310505756,1,Active
Active,IC50,0.55,126563592.0,0.55,6.259637310505756,1,Active
Active,IC50,0.55,126563570.0,0.55,6.259637310505756,1,Active
Active,IC50,0.55,138478936.0,0.55,6.259637310505756,1,Active
Active,IC50,0.55,118159626.0,0.55,6.259637310505756,1,Active
Active,IC50,0.55,118159812.0,0.55,6.259637310505756,1,Active
Active,IC50,0.55,138479389.0,0.55,6.259637310505756,1,Active
Active,IC50,0.55,138478851.0,0.55,6.259637310505756,1,Active
Active,IC50,0.55,138479304.0,0.55,6.259637310505756,1,Active
Active,IC50,0.55,138478927.0,0.55,6.259637310505756,1,Active
Active,IC50,0.55,145866541.0,0.55,6.259637310505756,1,Active
Active,IC50,0.55,118159624.0,0.55,6.259637310505756,1,Active
Active,Kd,0.55,121237855.0,0.55,6.259637310505756,1,Active
Active,IC50,0.55,118159737.0,0.55,6.259637310505756,1,Active
Active,IC50,0.55,72695601.0,0.55,6.259637310505756,1,Active
Active,IC50,0.55,151963066.0,0.55,6.259637310505756,1,Active
Active,IC50,0.55,148072798.0,0.55,6.259637310505756,1,Active
Active,IC50,0.55,154593793.0,0.55,6.259637310505756,1,Active
Active,IC50,0.55,146981463.0,0.55,6.259637310505756,1,Active
Active,IC50,0.55,118159514.0,0.55,6.259637310505756,1,Active
Active,IC50,0.55,138479216.0,0.55,6.259637310505756,1,Active
Active,IC50,0.55,154593792.0,0.55,6.259637310505756,1,Active
Active,IC50,0.55,154593679.0,0.55,6.259637310505756,1,Active
Active,IC50,0.55,118159523.0,0.55,6.259637310505756,1,Active
Active,IC50,0.55,118159942.0,0.55,6.259637310505756,1,Active
Active,IC50,0.55,118159536.0,0.55,6.259637310505756,1,Active
Active,IC50,0.55,150320881.0,0.55,6.259637310505756,1,Active
Active,IC50,0.55,148004568.0,0.55,6.259637310505756,1,Active
Active,IC50,0.55,146868989.0,0.55,6.259637310505756,1,Active
Active,IC50,0.55,147686212.0,0.55,6.259637310505756,1,Active
Active,IC50,0.55,149128651.0,0.55,6.259637310505756,1,Active
Active,IC50,0.55,154593636.0,0.55,6.259637310505756,1,Active
Active,IC50,0.55,86299164.0,0.55,6.259637310505756,1,Active
Active,IC50,0.55,118159860.0,0.55,6.259637310505756,1,Active
Active,IC50,0.55,151284800.0,0.55,6.259637310505756,1,Active
Active,IC50,0.55,90409746.0,0.55,6.259637310505756,1,Active
Active,IC50,0.55,154584684.0,0.55,6.259637310505756,1,Active
Active,IC50,0.55,118159690.0,0.55,6.259637310505756,1,Active
Active,IC50,0.55,147927897.0,0.55,6.259637310505756,1,Active
Active,IC50,0.55,150281228.0,0.55,6.259637310505756,1,Active
Active,IC50,0.55,154593704.0,0.55,6.259637310505756,1,Active
Active,IC50,0.55,149256357.0,0.55,6.259637310505756,1,Active
Active,IC50,0.55,138479662.0,0.55,6.259637310505756,1,Active
Active,IC50,0.55,138479256.0,0.55,6.259637310505756,1,Active
Active,IC50,0.55,150055865.0,0.55,6.259637310505756,1,Active
Active,IC50,0.55,154593691.0,0.55,6.259637310505756,1,Active
Active,IC50,0.55,118177560.0,0.55,6.259637310505756,1,Active
Active,IC50,0.55,150631963.0,0.55,6.259637310505756,1,Active
Active,IC50,0.55,148570820.0,0.55,6.259637310505756,1,Active
Active,IC50,0.55,154593616.0,0.55,6.259637310505756,1,Active
Active,IC50,0.55,138479310.0,0.55,6.259637310505756,1,Active
Active,IC50,0.55,166594428.0,0.55,6.259637310505756,1,Active
Active,IC50,0.55,154593779.0,0.55,6.259637310505756,1,Active
Active,IC50,0.55,147528074.0,0.55,6.259637310505756,1,Active
Active,IC50,0.55,154593747.0,0.55,6.259637310505756,1,Active
Active,IC50,0.55,138479726.0,0.55,6.259637310505756,1,Active
Active,IC50,0.55,138479461.0,0.55,6.259637310505756,1,Active
Active,IC50,0.55,154593796.0,0.55,6.259637310505756,1,Active
Active,IC50,0.55,154593754.0,0.55,6.259637310505756,1,Active
Active,IC50,0.55,138479212.0,0.55,6.259637310505756,1,Active
Active,IC50,0.55,154593651.0,0.55,6.259637310505756,1,Active
Active,IC50,0.55,149737598.0,0.55,6.259637310505756,1,Active
Active,IC50,0.55,138479456.0,0.55,6.259637310505756,1,Active
Active,IC50,0.55,154593759.0,0.55,6.259637310505756,1,Active
Active,IC50,0.55,154593681.0,0.55,6.259637310505756,1,Active
Active,IC50,0.55,154593741.0,0.55,6.259637310505756,1,Active
Active,IC50,0.55,138479727.0,0.55,6.259637310505756,1,Active
Active,IC50,0.55,149540112.0,0.55,6.259637310505756,1,Active
Active,IC50,0.55,151879665.0,0.55,6.259637310505756,1,Active
Active,IC50,0.55,154593638.0,0.55,6.259637310505756,1,Active
Active,IC50,0.55,147869215.0,0.55,6.259637310505756,1,Active
Active,IC50,0.55,148255410.0,0.55,6.259637310505756,1,Active
Active,IC50,0.55,138374603.0,0.55,6.259637310505756,1,Active
Active,IC50,0.55,138472555.0,0.55,6.259637310505756,1,Active
Active,IC50,0.55,154593753.0,0.55,6.259637310505756,1,Active
Active,IC50,0.55,90408897.0,0.55,6.259637310505756,1,Active
Active,IC50,0.55,153224829.0,0.55,6.259637310505756,1,Active
Active,IC50,0.55,154593784.0,0.55,6.259637310505756,1,Active
Active,IC50,0.55,138479466.0,0.55,6.259637310505756,1,Active
Active,IC50,0.55,90408986.0,0.55,6.259637310505756,1,Active
Active,IC50,0.55,138478864.0,0.55,6.259637310505756,1,Active
Active,IC50,0.55,154593732.0,0.55,6.259637310505756,1,Active
Active,IC50,0.55,154593682.0,0.55,6.259637310505756,1,Active
Active,IC50,0.55,154593666.0,0.55,6.259637310505756,1,Active
Active,IC50,0.55,154593617.0,0.55,6.259637310505756,1,Active
Active,IC50,0.55,138478861.0,0.55,6.259637310505756,1,Active
Active,IC50,0.55,142545992.0,0.55,6.259637310505756,1,Active
Active,IC50,0.55,90408950.0,0.55,6.259637310505756,1,Active
Active,IC50,0.55,138478946.0,0.55,6.259637310505756,1,Active
Active,IC50,0.55,90409049.0,0.55,6.259637310505756,1,Active
Active,IC50,0.55,138479449.0,0.55,6.259637310505756,1,Active
Active,IC50,0.55,150615060.0,0.55,6.259637310505756,1,Active
Active,Kd,0.55,86208116.0,0.55,6.259637310505756,1,Active
Active,IC50,0.55,156524694.0,0.55,6.259637310505756,1,Active
Active,IC50,0.55,166594407.0,0.55,6.259637310505756,1,Active
Active,IC50,0.55,154593664.0,0.55,6.259637310505756,1,Active
Active,IC50,0.55,152232881.0,0.55,6.259637310505756,1,Active
Active,IC50,0.55,147367401.0,0.55,6.259637310505756,1,Active
Active,IC50,0.55,138478859.0,0.55,6.259637310505756,1,Active
Active,IC50,0.55,154593601.0,0.55,6.259637310505756,1,Active
Active,IC50,0.55,138479574.0,0.55,6.259637310505756,1,Active
Active,IC50,0.55,147525583.0,0.55,6.259637310505756,1,Active
Active,IC50,0.55,154593756.0,0.55,6.259637310505756,1,Active
Active,IC50,0.55,138479316.0,0.55,6.259637310505756,1,Active
Active,IC50,0.55,154593749.0,0.55,6.259637310505756,1,Active
Active,IC50,0.55,154593687.0,0.55,6.259637310505756,1,Active
Active,IC50,0.55,154593612.0,0.55,6.259637310505756,1,Active
Active,IC50,0.55,150552019.0,0.55,6.259637310505756,1,Active
Active,IC50,0.55,151495656.0,0.55,6.259637310505756,1,Active
Active,IC50,0.55,147913101.0,0.55,6.259637310505756,1,Active
Active,IC50,0.55,138479573.0,0.55,6.259637310505756,1,Active
Active,Kd,0.55,155234596.0,0.55,6.259637310505756,1,Active
Active,Kd,0.55,155714531.0,0.55,6.259637310505756,1,Active
Active,Kd,0.55,155234448.0,0.55,6.259637310505756,1,Active
Active,Kd,0.55,162716319.0,0.55,6.259637310505756,1,Active
Active,Kd,0.55,155247609.0,0.55,6.259637310505756,1,Active
Active,Kd,0.55,155247760.0,0.55,6.259637310505756,1,Active
Active,Kd,0.55,155234268.0,0.55,6.259637310505756,1,Active
Active,Kd,0.55,155234502.0,0.55,6.259637310505756,1,Active
Active,Kd,0.55,155234301.0,0.55,6.259637310505756,1,Active
Active,IC50,0.55,138479231.0,0.55,6.259637310505756,1,Active
Active,Kd,0.55,155247766.0,0.55,6.259637310505756,1,Active
Active,Kd,0.55,162716310.0,0.55,6.259637310505756,1,Active
Active,Kd,0.55,162716309.0,0.55,6.259637310505756,1,Active
Active,IC50,0.55,154593776.0,0.55,6.259637310505756,1,Active
Active,IC50,0.55,154593772.0,0.55,6.259637310505756,1,Active
Active,IC50,0.55,154593655.0,0.55,6.259637310505756,1,Active
Active,IC50,0.55,154593713.0,0.55,6.259637310505756,1,Active
Active,IC50,0.55,138479451.0,0.55,6.259637310505756,1,Active
Active,IC50,0.55,138479308.0,0.55,6.259637310505756,1,Active
Active,IC50,0.55,142545776.0,0.55,6.259637310505756,1,Active
Active,IC50,0.5562,301751.0,0.5562,6.254769015471859,1,Active
Active,IC50,0.558,118539999.0,0.558,6.253365801062421,1,Active
Active,IC50,0.559,168282410.0,0.559,6.252588192113577,1,Active
Active,IC50,0.56,147198696.0,0.56,6.251811972993799,1,Active
Active,IC50,0.56,136242352.0,0.56,6.251811972993799,1,Active
Active,IC50,0.56,155514936.0,0.56,6.251811972993799,1,Active
Active,IC50,0.56,86282586.0,0.56,6.251811972993799,1,Active
Active,Kd,0.56,145981148.0,0.56,6.251811972993799,1,Active
Active,IC50,0.56,155557578.0,0.56,6.251811972993799,1,Active
Active,IC50,0.56,126572441.0,0.56,6.251811972993799,1,Active
Active,IC50,0.561,153465875.0,0.561,6.251037138743839,1,Active
Active,IC50,0.562,166058987.0,0.562,6.250263684430939,1,Active
Active,IC50,0.562,117841255.0,0.562,6.250263684430939,1,Active
Active,IC50,0.563,166058990.0,0.563,6.249491605148654,1,Active
Active,IC50,0.567,172130904.0,0.567,6.246416941107094,1,Active
Active,Ki,0.569,71812034.0,0.569,6.244887733604929,1,Active
Active,Kd,0.57,129165693.0,0.57,6.2441251443275085,1,Active
Active,IC50,0.57,71661886.0,0.57,6.2441251443275085,1,Active
Active,IC50,0.57,86296313.0,0.57,6.2441251443275085,1,Active
Active,IC50,0.57,145956492.0,0.57,6.2441251443275085,1,Active
Active,Kd,0.57,117625018.0,0.57,6.2441251443275085,1,Active
Active,IC50,0.571,153465735.0,0.571,6.243363891754152,1,Active
Active,IC50,0.5723,172462092.0,0.5723,6.242376254091611,1,Active
Active,IC50,0.5727,86281211.0,0.5727,6.242072816886671,1,Active
Active,Ki,0.573,118116376.0,0.573,6.24184537803261,1,Active
Active,IC50,0.5731,155556217.0,0.5731,6.24176959154225,1,Active
Active,Ki,0.575,118116789.0,0.575,6.2403321553103694,1,Active
Active,Ki,0.576,71812087.0,0.576,6.239577516576788,1,Active
Active,IC50,0.577,147497301.0,0.577,6.238824186844268,1,Active
Active,IC50,0.578,168275928.0,0.578,6.2380721615794705,1,Active
Active,IC50,0.58,141414502.0,0.58,6.236572006437063,1,Active
Active,IC50,0.58,145953028.0,0.58,6.236572006437063,1,Active
Active,IC50,0.58,168270662.0,0.58,6.236572006437063,1,Active
Active,IC50,0.58,153465851.0,0.58,6.236572006437063,1,Active
Active,IC50,0.58,118889465.0,0.58,6.236572006437063,1,Active
Active,IC50,0.58,57344511.0,0.58,6.236572006437063,1,Active
Active,IC50,0.58,126572984.0,0.58,6.236572006437063,1,Active
Active,Kd,0.58,121335254.0,0.58,6.236572006437063,1,Active
Active,IC50,0.5803,172454508.0,0.5803,6.23634742943547,1,Active
Active,IC50,0.581,149293126.0,0.581,6.235823867609669,1,Active
Active,IC50,0.585,145960718.0,0.585,6.23284413391782,1,Active
Active,IC50,0.5855,46255635.0,0.5855,6.232473100591618,1,Active
Active,Ki,0.587,168274947.0,0.587,6.231361898752386,1,Active
Active,Kd,0.59,142577824.0,0.59,6.229147988357856,1,Active
Active,IC50,0.59,57405437.0,0.59,6.229147988357856,1,Active
Active,IC50,0.59,145971523.0,0.59,6.229147988357856,1,Active
Active,IC50,0.596,118094069.0,0.596,6.2247537402597635,1,Active
Active,IC50,0.596,145966579.0,0.596,6.2247537402597635,1,Active
Active,IC50,0.6,71271926.0,0.6,6.221848749616356,1,Active
Active,IC50,0.6,122467470.0,0.6,6.221848749616356,1,Active
Active,IC50,0.6,168283117.0,0.6,6.221848749616356,1,Active
Active,IC50,0.6,170735469.0,0.6,6.221848749616356,1,Active
Active,IC50,0.6,170735482.0,0.6,6.221848749616356,1,Active
Active,IC50,0.6,170735421.0,0.6,6.221848749616356,1,Active
Active,IC50,0.6,177752895.0,0.6,6.221848749616356,1,Active
Active,IC50,0.6,170735636.0,0.6,6.221848749616356,1,Active
Active,IC50,0.6,170735682.0,0.6,6.221848749616356,1,Active
Active,IC50,0.6,170735570.0,0.6,6.221848749616356,1,Active
Active,IC50,0.6,170735593.0,0.6,6.221848749616356,1,Active
Active,IC50,0.6,170735624.0,0.6,6.221848749616356,1,Active
Active,IC50,0.6,177821713.0,0.6,6.221848749616356,1,Active
Active,IC50,0.6,170735409.0,0.6,6.221848749616356,1,Active
Active,IC50,0.6,90488984.0,0.6,6.221848749616356,1,Active
Active,IC50,0.6,170735440.0,0.6,6.221848749616356,1,Active
Active,IC50,0.6,90466147.0,0.6,6.221848749616356,1,Active
Active,IC50,0.6,170735520.0,0.6,6.221848749616356,1,Active
Active,IC50,0.6,170735621.0,0.6,6.221848749616356,1,Active
Active,IC50,0.6,170735713.0,0.6,6.221848749616356,1,Active
Active,IC50,0.6,170735630.0,0.6,6.221848749616356,1,Active
Active,IC50,0.6,156013304.0,0.6,6.221848749616356,1,Active
Active,IC50,0.6,170735493.0,0.6,6.221848749616356,1,Active
Active,IC50,0.6,170735728.0,0.6,6.221848749616356,1,Active
Active,IC50,0.6,170735647.0,0.6,6.221848749616356,1,Active
Active,IC50,0.6,170735763.0,0.6,6.221848749616356,1,Active
Active,IC50,0.6,170735501.0,0.6,6.221848749616356,1,Active
Active,IC50,0.6,170735640.0,0.6,6.221848749616356,1,Active
Active,IC50,0.6,170735451.0,0.6,6.221848749616356,1,Active
Active,IC50,0.6,121342398.0,0.6,6.221848749616356,1,Active
Active,IC50,0.6,170735420.0,0.6,6.221848749616356,1,Active
Active,IC50,0.6,73776818.0,0.6,6.221848749616356,1,Active
Active,IC50,0.60256,145960489.0,0.60256,6.219999701663429,1,Active
Active,IC50,0.604,168272867.0,0.604,6.218963061378868,1,Active
Active,IC50,0.607,153465850.0,0.607,6.2168113089247425,1,Active
Active,IC50,0.608,153465805.0,0.608,6.216096420727265,1,Active
Active,IC50,0.609,124221564.0,0.609,6.215382707367125,1,Active
Active,IC50,0.61,145950888.0,0.61,6.214670164989233,1,Active
Active,IC50,0.61,155352399.0,0.61,6.214670164989233,1,Active
Active,Kd,0.61,129165926.0,0.61,6.214670164989233,1,Active
Active,IC50,0.61,118691572.0,0.61,6.214670164989233,1,Active
Active,IC50,0.615,177373899.0,0.615,6.211124884224583,1,Active
Active,IC50,0.616,162673427.0,0.616,6.210419287835575,1,Active
Active,Ki,0.617,155521295.0,0.617,6.209714835966758,1,Active
Active,IC50,0.62,170649764.0,0.62,6.2076083105017466,1,Active
Active,IC50,0.62,130311154.0,0.62,6.2076083105017466,1,Active
Active,Kd,0.62,170556477.0,0.62,6.2076083105017466,1,Active
Active,IC50,0.62,127034596.0,0.62,6.2076083105017466,1,Active
Active,IC50,0.62,145953287.0,0.62,6.2076083105017466,1,Active
Active,IC50,0.62,134159769.0,0.62,6.2076083105017466,1,Active
Active,Kd,0.62,129166180.0,0.62,6.2076083105017466,1,Active
Active,IC50,0.6206,171345947.0,0.6206,6.207188228751853,1,Active
Active,IC50,0.623,126686912.0,0.623,6.205511953340831,1,Active
Active,Ki,0.623,155043618.0,0.623,6.205511953340831,1,Active
Active,IC50,0.6238,20862022.0,0.6238,6.204954629578875,1,Active
Active,Ki,0.63,170556508.0,0.63,6.200659450546418,1,Active
Active,IC50,0.63,117723252.0,0.63,6.200659450546418,1,Active
Active,IC50,0.63,118889558.0,0.63,6.200659450546418,1,Active
Active,IC50,0.63,129046567.0,0.63,6.200659450546418,1,Active
Active,IC50,0.63,86296314.0,0.63,6.200659450546418,1,Active
Active,IC50,0.63,118889628.0,0.63,6.200659450546418,1,Active
Active,IC50,0.63,9550180.0,0.63,6.200659450546418,1,Active
Active,IC50,0.63,137644677.0,0.63,6.200659450546418,1,Active
Active,IC50,0.63096,122181557.0,0.63096,6.199998172182031,1,Active
Active,IC50,0.63096,164623562.0,0.63096,6.199998172182031,1,Active
Active,IC50,0.63096,118719866.0,0.63096,6.199998172182031,1,Active
Active,IC50,0.63096,122705117.0,0.63096,6.199998172182031,1,Active
Active,IC50,0.63096,145977495.0,0.63096,6.199998172182031,1,Active
Active,IC50,0.63096,155533896.0,0.63096,6.199998172182031,1,Active
Active,IC50,0.63096,122180559.0,0.63096,6.199998172182031,1,Active
Active,IC50,0.63096,145989699.0,0.63096,6.199998172182031,1,Active
Active,IC50,0.63096,164609805.0,0.63096,6.199998172182031,1,Active
Active,IC50,0.63096,168298001.0,0.63096,6.199998172182031,1,Active
Active,IC50,0.63096,162647977.0,0.63096,6.199998172182031,1,Active
Active,IC50,0.63096,118719857.0,0.63096,6.199998172182031,1,Active
Active,IC50,0.63096,90667411.0,0.63096,6.199998172182031,1,Active
Active,IC50,0.63096,129023252.0,0.63096,6.199998172182031,1,Active
Active,IC50,0.63096,118719859.0,0.63096,6.199998172182031,1,Active
Active,IC50,0.63096,142418047.0,0.63096,6.199998172182031,1,Active
Active,IC50,0.63096,145963947.0,0.63096,6.199998172182031,1,Active
Active,IC50,0.63096,135341844.0,0.63096,6.199998172182031,1,Active
Active,IC50,0.63096,135319024.0,0.63096,6.199998172182031,1,Active
Active,IC50,0.63096,118719871.0,0.63096,6.199998172182031,1,Active
Active,IC50,0.63096,134305994.0,0.63096,6.199998172182031,1,Active
Active,IC50,0.63096,145946095.0,0.63096,6.199998172182031,1,Active
Active,IC50,0.63096,118719864.0,0.63096,6.199998172182031,1,Active
Active,IC50,0.63096,145971629.0,0.63096,6.199998172182031,1,Active
Active,IC50,0.63096,90667404.0,0.63096,6.199998172182031,1,Active
Active,IC50,0.63096,164615880.0,0.63096,6.199998172182031,1,Active
Active,IC50,0.63096,156016400.0,0.63096,6.199998172182031,1,Active
Active,IC50,0.63096,172468034.0,0.63096,6.199998172182031,1,Active
Active,IC50,0.63096,70681170.0,0.63096,6.199998172182031,1,Active
Active,IC50,0.63096,168278247.0,0.63096,6.199998172182031,1,Active
Active,IC50,0.63096,90667417.0,0.63096,6.199998172182031,1,Active
Active,IC50,0.63096,172448040.0,0.63096,6.199998172182031,1,Active
Active,IC50,0.63096,168299238.0,0.63096,6.199998172182031,1,Active
Active,IC50,0.63096,135341830.0,0.63096,6.199998172182031,1,Active
Active,IC50,0.63096,145975795.0,0.63096,6.199998172182031,1,Active
Active,IC50,0.63096,145961967.0,0.63096,6.199998172182031,1,Active
Active,Ki,0.63096,164621879.0,0.63096,6.199998172182031,1,Active
Active,IC50,0.631,52935916.0,0.631,6.199970640755866,1,Active
Active,IC50,0.636,149381980.0,0.636,6.196542884351586,1,Active
Active,IC50,0.637,121271813.0,0.637,6.195860567664649,1,Active
Active,Kd,0.64,20350618.0,0.64,6.1938200260161125,1,Active
Active,IC50,0.64,153465733.0,0.64,6.1938200260161125,1,Active
Active,IC50,0.64,137644942.0,0.64,6.1938200260161125,1,Active
Active,IC50,0.64,71624784.0,0.64,6.1938200260161125,1,Active
Active,Kd,0.641,153617028.0,0.641,6.193141970481182,1,Active
Active,Ki,0.641,145976334.0,0.641,6.193141970481182,1,Active
Active,IC50,0.641,148403119.0,0.641,6.193141970481182,1,Active
Active,IC50,0.643,153465912.0,0.643,6.191789027075778,1,Active
Active,IC50,0.646,118539998.0,0.646,6.189767482004916,1,Active
Active,IC50,0.647,139571046.0,0.647,6.189095719331299,1,Active
Active,IC50,0.649,153465766.0,0.649,6.187755303199631,1,Active
Active,IC50,0.65,145972096.0,0.65,6.187086643357144,1,Active
Active,IC50,0.65,118317783.0,0.65,6.187086643357144,1,Active
Active,IC50,0.65,117891964.0,0.65,6.187086643357144,1,Active
Active,IC50,0.65,122164733.0,0.65,6.187086643357144,1,Active
Active,IC50,0.654,162652601.0,0.654,6.184422251675732,1,Active
Active,IC50,0.6558,155514491.0,0.6558,6.183228587666654,1,Active
Active,IC50,0.6577,172463217.0,0.6577,6.181972158140744,1,Active
Active,IC50,0.658,121271823.0,0.658,6.181774106386045,1,Active
Active,IC50,0.658,168281499.0,0.658,6.181774106386045,1,Active
Active,Kd,0.66,170556484.0,0.66,6.180456064458132,1,Active
Active,IC50,0.66,170649825.0,0.66,6.180456064458132,1,Active
Active,IC50,0.66,86294101.0,0.66,6.180456064458132,1,Active
Active,Ki,0.661,71615941.0,0.661,6.179798540514359,1,Active
Active,Ki,0.661,155043563.0,0.661,6.179798540514359,1,Active
Active,Ki,0.661,89656381.0,0.661,6.179798540514359,1,Active
Active,IC50,0.662,118540007.0,0.662,6.1791420105603,1,Active
Active,IC50,0.6657,155536900.0,0.6657,6.176721443048329,1,Active
Active,IC50,0.6665,160643803.0,0.6665,6.176199846250122,1,Active
Active,IC50,0.669,139341518.0,0.669,6.174573882232177,1,Active
Active,IC50,0.669,162662404.0,0.669,6.174573882232177,1,Active
Active,IC50,0.67,16228516.0,0.67,6.173925197299173,1,Active
Active,IC50,0.67,127051526.0,0.67,6.173925197299173,1,Active
Active,IC50,0.67,86282038.0,0.67,6.173925197299173,1,Active
Active,IC50,0.67,127051229.0,0.67,6.173925197299173,1,Active
Active,IC50,0.674,168286626.0,0.674,6.17134010346468,1,Active
Active,IC50,0.6761,20862013.0,0.6761,6.169989064063882,1,Active
Active,IC50,0.677,172637380.0,0.677,6.169411331314856,1,Active
Active,Ki,0.68,172464050.0,0.68,6.167491087293763,1,Active
Active,IC50,0.68,153465813.0,0.68,6.167491087293763,1,Active
Active,IC50,0.68,156012056.0,0.68,6.167491087293763,1,Active
Active,IC50,0.68,118889416.0,0.68,6.167491087293763,1,Active
Active,IC50,0.68,155562178.0,0.68,6.167491087293763,1,Active
Active,IC50,0.68,158335936.0,0.68,6.167491087293763,1,Active
Active,IC50,0.682,153465872.0,0.682,6.166215625343521,1,Active
Active,Ki,0.689,155042781.0,0.689,6.161780778092374,1,Active
Active,IC50,0.69,155532286.0,0.69,6.161150909262744,1,Active
Active,Kd,0.69,170556472.0,0.69,6.161150909262744,1,Active
Active,IC50,0.69,145977109.0,0.69,6.161150909262744,1,Active
Active,IC50,0.693,166636223.0,0.693,6.159266765388193,1,Active
Active,IC50,0.694,154634411.0,0.694,6.158640529545145,1,Active
Active,IC50,0.695,122553455.0,0.695,6.158015195409886,1,Active
Active,IC50,0.697,117889570.0,0.697,6.15676722190199,1,Active
Active,Ki,0.698,155043077.0,0.698,6.156144577376839,1,Active
Active,IC50,0.7,86294278.0,0.7,6.154901959985743,1,Active
Active,IC50,0.7,126572988.0,0.7,6.154901959985743,1,Active
Active,IC50,0.7,126572450.0,0.7,6.154901959985743,1,Active
Active,IC50,0.707,168275892.0,0.707,6.150580586203101,1,Active
Active,IC50,0.7087,155551595.0,0.7087,6.149537567238483,1,Active
Active,IC50,0.7091,155563442.0,0.7091,6.149292514625463,1,Active
Active,IC50,0.7094,155538579.0,0.7094,6.149108815864076,1,Active
Active,IC50,0.71,153534005.0,0.71,6.1487416512809245,1,Active
Active,IC50,0.71,118021764.0,0.71,6.1487416512809245,1,Active
Active,IC50,0.71,137796660.0,0.71,6.1487416512809245,1,Active
Active,IC50,0.711,75201813.0,0.711,6.148130399270234,1,Active
Active,IC50,0.717,146524974.0,0.717,6.1444808443322,1,Active
Active,IC50,0.72,138375219.0,0.72,6.142667503568732,1,Active
Active,IC50,0.72,137631402.0,0.72,6.142667503568732,1,Active
Active,IC50,0.72,170649762.0,0.72,6.142667503568732,1,Active
Active,IC50,0.722,145961700.0,0.722,6.141462802430361,1,Active
Active,IC50,0.722,153465831.0,0.722,6.141462802430361,1,Active
Active,Ki,0.722,118116488.0,0.722,6.141462802430361,1,Active
Active,Ki,0.725,118116336.0,0.725,6.139661993429006,1,Active
Active,Ki,0.73,136226505.0,0.73,6.136677139879544,1,Active
Active,IC50,0.73,142296532.0,0.73,6.136677139879544,1,Active
Active,IC50,0.73,71272103.0,0.73,6.136677139879544,1,Active
Active,IC50,0.73,781533.0,0.73,6.136677139879544,1,Active
Active,IC50,0.73,73774680.0,0.73,6.136677139879544,1,Active
Active,IC50,0.735,153465909.0,0.735,6.133712660915805,1,Active
Active,Ki,0.736,147823626.0,0.736,6.133122185662502,1,Active
Active,IC50,0.738,3156673.0,0.738,6.131943638176958,1,Active
Active,IC50,0.738,168285547.0,0.738,6.131943638176958,1,Active
Active,IC50,0.74,156020804.0,0.74,6.130768280269024,1,Active
Active,IC50,0.74,139341727.0,0.74,6.130768280269024,1,Active
Active,IC50,0.74,155457793.0,0.74,6.130768280269024,1,Active
Active,IC50,0.74,126572996.0,0.74,6.130768280269024,1,Active
Active,IC50,0.74,118889554.0,0.74,6.130768280269024,1,Active
Active,IC50,0.748,118540011.0,0.748,6.126098402135539,1,Active
Active,IC50,0.75,147589118.0,0.75,6.1249387366083,1,Active
Active,IC50,0.75,67951304.0,0.75,6.1249387366083,1,Active
Active,IC50,0.75,155541456.0,0.75,6.1249387366083,1,Active
Active,IC50,0.75,118021977.0,0.75,6.1249387366083,1,Active
Active,IC50,0.75,141414541.0,0.75,6.1249387366083,1,Active
Active,IC50,0.751,139558326.0,0.751,6.124360062995832,1,Active
Active,IC50,0.7529,171348223.0,0.7529,6.123262702859336,1,Active
Active,Kd,0.756,163303994.0,0.756,6.121478204498794,1,Active
Active,IC50,0.758,146524961.0,0.758,6.120330794367947,1,Active
Active,IC50,0.7595,162645900.0,0.7595,6.119472221801195,1,Active
Active,IC50,0.76,121373247.0,0.76,6.119186407719209,1,Active
Active,IC50,0.76,118080085.0,0.76,6.119186407719209,1,Active
Active,IC50,0.76,155540785.0,0.76,6.119186407719209,1,Active
Active,Ki,0.76,172451835.0,0.76,6.119186407719209,1,Active
Active,IC50,0.76,142296576.0,0.76,6.119186407719209,1,Active
Active,IC50,0.76,118732070.0,0.76,6.119186407719209,1,Active
Active,Ki,0.765,71811999.0,0.765,6.116338564846382,1,Active
Active,IC50,0.766,153465782.0,0.766,6.115771230367396,1,Active
Active,Ki,0.768,89657612.0,0.768,6.114638779968488,1,Active
Active,IC50,0.7692,2347699.0,0.7692,6.113960724433558,1,Active
Active,IC50,0.77,118889530.0,0.77,6.113509274827518,1,Active
Active,IC50,0.77,127052470.0,0.77,6.113509274827518,1,Active
Active,IC50,0.77,142296539.0,0.77,6.113509274827518,1,Active
Active,IC50,0.77,142296583.0,0.77,6.113509274827518,1,Active
Active,IC50,0.77,170649744.0,0.77,6.113509274827518,1,Active
Active,IC50,0.771,153465866.0,0.771,6.112945621949043,1,Active
Active,IC50,0.772,86567432.0,0.772,6.112382699664264,1,Active
Active,IC50,0.774,153465902.0,0.774,6.111259039317107,1,Active
Active,IC50,0.775,50799781.0,0.775,6.110698297493689,1,Active
Active,Ki,0.775,90388015.0,0.775,6.110698297493689,1,Active
Active,IC50,0.776,153465824.0,0.776,6.110138278741812,1,Active
Active,IC50,0.777,171352724.0,0.777,6.1095789811990855,1,Active
Active,IC50,0.779,146525114.0,0.779,6.108462542327436,1,Active
Active,IC50,0.78,170649802.0,0.78,6.107905397309519,1,Active
Active,IC50,0.78,127051228.0,0.78,6.107905397309519,1,Active
Active,IC50,0.78,82104609.0,0.78,6.107905397309519,1,Active
Active,IC50,0.78,86293165.0,0.78,6.107905397309519,1,Active
Active,IC50,0.78,139341747.0,0.78,6.107905397309519,1,Active
Active,Ki,0.786,71812086.0,0.786,6.104577453960592,1,Active
Active,IC50,0.79,118080305.0,0.79,6.102372908709558,1,Active
Active,IC50,0.79,164626006.0,0.79,6.102372908709558,1,Active
Active,Kd,0.79,166629731.0,0.79,6.102372908709558,1,Active
Active,IC50,0.79,118732083.0,0.79,6.102372908709558,1,Active
Active,IC50,0.79,118889398.0,0.79,6.102372908709558,1,Active
Active,IC50,0.79,155533835.0,0.79,6.102372908709558,1,Active
Active,IC50,0.79,155352472.0,0.79,6.102372908709558,1,Active
Active,IC50,0.79,73775695.0,0.79,6.102372908709558,1,Active
Active,IC50,0.79,71003537.0,0.79,6.102372908709558,1,Active
Active,Ki,0.79,163304002.0,0.79,6.102372908709558,1,Active
Active,IC50,0.79,145954210.0,0.79,6.102372908709558,1,Active
Active,IC50,0.79,71297183.0,0.79,6.102372908709558,1,Active
Active,IC50,0.7907,172469796.0,0.7907,6.101988261202498,1,Active
Active,IC50,0.793,145961395.0,0.793,6.100726812682396,1,Active
Active,IC50,0.79433,164617958.0,0.79433,6.0999990348465305,1,Active
Active,IC50,0.79433,118719873.0,0.79433,6.0999990348465305,1,Active
Active,IC50,0.79433,122180562.0,0.79433,6.0999990348465305,1,Active
Active,IC50,0.79433,164609717.0,0.79433,6.0999990348465305,1,Active
Active,IC50,0.79433,145965008.0,0.79433,6.0999990348465305,1,Active
Active,IC50,0.79433,122180557.0,0.79433,6.0999990348465305,1,Active
Active,IC50,0.79433,145973981.0,0.79433,6.0999990348465305,1,Active
Active,IC50,0.79433,145978686.0,0.79433,6.0999990348465305,1,Active
Active,IC50,0.79433,145971844.0,0.79433,6.0999990348465305,1,Active
Active,IC50,0.79433,90667409.0,0.79433,6.0999990348465305,1,Active
Active,IC50,0.79433,156017970.0,0.79433,6.0999990348465305,1,Active
Active,IC50,0.79433,90667410.0,0.79433,6.0999990348465305,1,Active
Active,IC50,0.79433,145988346.0,0.79433,6.0999990348465305,1,Active
Active,Ki,0.79433,164616886.0,0.79433,6.0999990348465305,1,Active
Active,IC50,0.79433,156021501.0,0.79433,6.0999990348465305,1,Active
Active,IC50,0.79433,156016674.0,0.79433,6.0999990348465305,1,Active
Active,IC50,0.79433,118719856.0,0.79433,6.0999990348465305,1,Active
Active,IC50,0.79433,90667406.0,0.79433,6.0999990348465305,1,Active
Active,Ki,0.79433,164620863.0,0.79433,6.0999990348465305,1,Active
Active,IC50,0.79433,134315940.0,0.79433,6.0999990348465305,1,Active
Active,IC50,0.79433,52933893.0,0.79433,6.0999990348465305,1,Active
Active,IC50,0.79433,162657122.0,0.79433,6.0999990348465305,1,Active
Active,IC50,0.79433,70681173.0,0.79433,6.0999990348465305,1,Active
Active,IC50,0.79433,52933159.0,0.79433,6.0999990348465305,1,Active
Active,IC50,0.79433,164613188.0,0.79433,6.0999990348465305,1,Active
Active,IC50,0.79433,164616447.0,0.79433,6.0999990348465305,1,Active
Active,IC50,0.79433,126675335.0,0.79433,6.0999990348465305,1,Active
Active,IC50,0.79433,152126300.0,0.79433,6.0999990348465305,1,Active
Active,IC50,0.79433,152105256.0,0.79433,6.0999990348465305,1,Active
Active,IC50,0.79433,146681131.0,0.79433,6.0999990348465305,1,Active
Active,IC50,0.79433,145976380.0,0.79433,6.0999990348465305,1,Active
Active,IC50,0.79433,127026595.0,0.79433,6.0999990348465305,1,Active
Active,IC50,0.79433,118719862.0,0.79433,6.0999990348465305,1,Active
Active,IC50,0.79433,118719867.0,0.79433,6.0999990348465305,1,Active
Active,IC50,0.79433,122179616.0,0.79433,6.0999990348465305,1,Active
Active,IC50,0.798,166059010.0,0.798,6.09799710864927,1,Active
Active,IC50,0.799,177380735.0,0.799,6.097453220686009,1,Active
Active,IC50,0.8,118732074.0,0.8,6.096910013008056,1,Active
Active,IC50,0.8,11163579.0,0.8,6.096910013008056,1,Active
Active,Ki,0.8,170556513.0,0.8,6.096910013008056,1,Active
Active,IC50,0.8,153465774.0,0.8,6.096910013008056,1,Active
Active,IC50,0.8,2936353.0,0.8,6.096910013008056,1,Active
Active,IC50,0.8,155569378.0,0.8,6.096910013008056,1,Active
Active,IC50,0.8,170649807.0,0.8,6.096910013008056,1,Active
Active,IC50,0.807,117834061.0,0.807,6.09312646527793,1,Active
Active,IC50,0.81,117673802.0,0.81,6.0915149811213505,1,Active
Active,IC50,0.81,126572512.0,0.81,6.0915149811213505,1,Active
Active,IC50,0.81,145962081.0,0.81,6.0915149811213505,1,Active
Active,IC50,0.81,30342999.0,0.81,6.0915149811213505,1,Active
Active,IC50,0.81,126587428.0,0.81,6.0915149811213505,1,Active
Active,IC50,0.81,140898359.0,0.81,6.0915149811213505,1,Active
Active,IC50,0.81,172462603.0,0.81,6.0915149811213505,1,Active
Active,Kd,0.81,112499908.0,0.81,6.0915149811213505,1,Active
Active,IC50,0.81,126572981.0,0.81,6.0915149811213505,1,Active
Active,IC50,0.8104,155565624.0,0.8104,6.091300567647776,1,Active
Active,IC50,0.811,44180398.0,0.811,6.090979145788844,1,Active
Active,IC50,0.8137,172449330.0,0.8137,6.089535684004386,1,Active
Active,IC50,0.8183,172460298.0,0.8183,6.087087448823903,1,Active
Active,IC50,0.82,24156462.0,0.82,6.086186147616283,1,Active
Active,Ki,0.82,130345597.0,0.82,6.086186147616283,1,Active
Active,IC50,0.8205,162654601.0,0.8205,6.085921414610888,1,Active
Active,Ki,0.824,90388552.0,0.824,6.084072788302884,1,Active
Active,Ki,0.83,163303988.0,0.83,6.080921907623926,1,Active
Active,IC50,0.83,162664083.0,0.83,6.080921907623926,1,Active
Active,IC50,0.83,138375212.0,0.83,6.080921907623926,1,Active
Active,IC50,0.83,134457974.0,0.83,6.080921907623926,1,Active
Active,IC50,0.83,145953078.0,0.83,6.080921907623926,1,Active
Active,IC50,0.835,130311629.0,0.835,6.078313524516398,1,Active
Active,IC50,0.84,121373004.0,0.84,6.075720713938118,1,Active
Active,IC50,0.842,166634732.0,0.842,6.0746879085003505,1,Active
Active,IC50,0.842,145961590.0,0.842,6.0746879085003505,1,Active
Active,IC50,0.843,44181604.0,0.843,6.074172425375258,1,Active
Active,IC50,0.85,171346906.0,0.85,6.070581074285707,1,Active
Active,IC50,0.85,155535800.0,0.85,6.070581074285707,1,Active
Active,Kd,0.85,72201027.0,0.85,6.070581074285707,1,Active
Active,IC50,0.85,86282721.0,0.85,6.070581074285707,1,Active
Active,IC50,0.85,118889462.0,0.85,6.070581074285707,1,Active
Active,IC50,0.85,117673812.0,0.85,6.070581074285707,1,Active
Active,IC50,0.854,153465720.0,0.854,6.068542129310995,1,Active
Active,IC50,0.856,153465810.0,0.856,6.0675262353228465,1,Active
Active,IC50,0.8561,172454992.0,0.8561,6.067475502949458,1,Active
Active,IC50,0.857,156775105.0,0.857,6.0670191780768015,1,Active
Active,IC50,0.86,145954453.0,0.86,6.0655015487564325,1,Active
Active,IC50,0.86,126572993.0,0.86,6.0655015487564325,1,Active
Active,IC50,0.86,155534784.0,0.86,6.0655015487564325,1,Active
Active,IC50,0.86,166059012.0,0.86,6.0655015487564325,1,Active
Active,IC50,0.86,168288911.0,0.86,6.0655015487564325,1,Active
Active,IC50,0.86,117841270.0,0.86,6.0655015487564325,1,Active
Active,IC50,0.866,153465794.0,0.866,6.062482107982653,1,Active
Active,Ki,0.867,90388367.0,0.867,6.06198090252379,1,Active
Active,Ki,0.87,163304004.0,0.87,6.060480747381382,1,Active
Active,IC50,0.87,153465779.0,0.87,6.060480747381382,1,Active
Active,IC50,0.87,156010498.0,0.87,6.060480747381382,1,Active
Active,IC50,0.8741,172455892.0,0.8741,6.058438879763929,1,Active
Active,IC50,0.88,171345725.0,0.88,6.055517327849832,1,Active
Active,IC50,0.88,71271805.0,0.88,6.055517327849832,1,Active
Active,IC50,0.88,126572979.0,0.88,6.055517327849832,1,Active
Active,IC50,0.88,71450122.0,0.88,6.055517327849832,1,Active
Active,IC50,0.88,166632744.0,0.88,6.055517327849832,1,Active
Active,IC50,0.88,145971747.0,0.88,6.055517327849832,1,Active
Active,Kd,0.88,112499912.0,0.88,6.055517327849832,1,Active
Active,IC50,0.885,146525036.0,0.885,6.053056729302175,1,Active
Active,IC50,0.888,46844147.0,0.888,6.051587034221399,1,Active
Active,IC50,0.889,146525122.0,0.889,6.051098239029787,1,Active
Active,IC50,0.889,155564141.0,0.889,6.051098239029787,1,Active
Active,IC50,0.89,121372999.0,0.89,6.050609993355088,1,Active
Active,IC50,0.89,9497211.0,0.89,6.050609993355088,1,Active
Active,IC50,0.89,122553485.0,0.89,6.050609993355088,1,Active
Active,IC50,0.89,138375207.0,0.89,6.050609993355088,1,Active
Active,Ki,0.89,90026969.0,0.89,6.050609993355088,1,Active
Active,IC50,0.894,121278255.0,0.894,6.048662481204082,1,Active
Active,IC50,0.898,121271769.0,0.898,6.0467236633326955,1,Active
Active,IC50,0.9,148154142.0,0.9,6.045757490560675,1,Active
Active,IC50,0.9,136052611.0,0.9,6.045757490560675,1,Active
Active,IC50,0.9,53054263.0,0.9,6.045757490560675,1,Active
Active,Ki,0.9,136226503.0,0.9,6.045757490560675,1,Active
Active,Ki,0.9,90017103.0,0.9,6.045757490560675,1,Active
Active,IC50,0.9,118447693.0,0.9,6.045757490560675,1,Active
Active,IC50,0.9,118889489.0,0.9,6.045757490560675,1,Active
Active,IC50,0.9,118437946.0,0.9,6.045757490560675,1,Active
Active,IC50,0.9,118889503.0,0.9,6.045757490560675,1,Active
Active,IC50,0.9,121373151.0,0.9,6.045757490560675,1,Active
Active,Ki,0.904,118116303.0,0.904,6.043831569524636,1,Active
Active,IC50,0.904,117834606.0,0.904,6.043831569524636,1,Active
Active,IC50,0.905,139341533.0,0.905,6.043351420794797,1,Active
Active,IC50,0.91,165437017.0,0.91,6.040958607678906,1,Active
Active,Ki,0.91,135566898.0,0.91,6.040958607678906,1,Active
Active,IC50,0.91,118022972.0,0.91,6.040958607678906,1,Active
Active,IC50,0.91,162658946.0,0.91,6.040958607678906,1,Active
Active,IC50,0.91,155926791.0,0.91,6.040958607678906,1,Active
Active,IC50,0.91,154688859.0,0.91,6.040958607678906,1,Active
Active,Ki,0.91,172465116.0,0.91,6.040958607678906,1,Active
Active,IC50,0.916,153465724.0,0.916,6.03810452633215,1,Active
Active,Ki,0.918,155539263.0,0.918,6.037157318798758,1,Active
Active,IC50,0.92,118021398.0,0.92,6.036212172654444,1,Active
Active,IC50,0.9236,172457077.0,0.9236,6.034516075754861,1,Active
Active,IC50,0.93,118889561.0,0.93,6.031517051446065,1,Active
Active,IC50,0.93,141759312.0,0.93,6.031517051446065,1,Active
Active,IC50,0.93,169422744.0,0.93,6.031517051446065,1,Active
Active,IC50,0.93,153465749.0,0.93,6.031517051446065,1,Active
Active,IC50,0.93,118732081.0,0.93,6.031517051446065,1,Active
Active,IC50,0.93,118889396.0,0.93,6.031517051446065,1,Active
Active,Ki,0.932,71812116.0,0.932,6.030584087646019,1,Active
Active,IC50,0.94,126572995.0,0.94,6.026872146400302,1,Active
Active,Kd,0.94,155352301.0,0.94,6.026872146400302,1,Active
Active,Kd,0.94,145991689.0,0.94,6.026872146400302,1,Active
Active,IC50,0.94,153266770.0,0.94,6.026872146400302,1,Active
Active,Ki,0.942,71616057.0,0.942,6.025949097207123,1,Active
Active,Ki,0.943,71812112.0,0.943,6.0254883072626715,1,Active
Active,Ki,0.943,71812111.0,0.943,6.0254883072626715,1,Active
Active,Ki,0.944,155042786.0,0.944,6.025028005701931,1,Active
Active,IC50,0.945,145962602.0,0.945,6.024568191490737,1,Active
Active,Ki,0.945,155511268.0,0.945,6.024568191490737,1,Active
Active,IC50,0.945,168276470.0,0.945,6.024568191490737,1,Active
Active,Kd,0.95,72201025.0,0.95,6.022276394711152,1,Active
Active,IC50,0.953,121277992.0,0.953,6.020907099361674,1,Active
Active,IC50,0.95499,145963629.0,0.95499,6.020001176026261,1,Active
Active,IC50,0.9566,168280719.0,0.9566,6.019269623464055,1,Active
Active,IC50,0.958,121427806.0,0.958,6.018634490921456,1,Active
Active,IC50,0.96,129046599.0,0.96,6.017728766960432,1,Active
Active,Ki,0.961,139208207.0,0.961,6.017276612331455,1,Active
Active,IC50,0.961,159546729.0,0.961,6.017276612331455,1,Active
Active,IC50,0.963,148554163.0,0.963,6.016373712875465,1,Active
Active,IC50,0.965,162654777.0,0.965,6.015472686656207,1,Active
Active,IC50,0.968,117834596.0,0.968,6.014124642691606,1,Active
Active,IC50,0.97,135126542.0,0.97,6.013228265733755,1,Active
Active,Ki,0.97,126961716.0,0.97,6.013228265733755,1,Active
Active,Ki,0.97,122187521.0,0.97,6.013228265733755,1,Active
Active,IC50,0.98,19910.0,0.98,6.008773924307505,1,Active
Active,Kd,0.98,129165989.0,0.98,6.008773924307505,1,Active
Active,Kd,0.98,129166147.0,0.98,6.008773924307505,1,Active
Active,IC50,0.98,152636346.0,0.98,6.008773924307505,1,Active
Active,IC50,0.98,138375228.0,0.98,6.008773924307505,1,Active
Active,IC50,0.98,155352474.0,0.98,6.008773924307505,1,Active
Active,IC50,0.98,4539.0,0.98,6.008773924307505,1,Active
Active,IC50,0.989,153465855.0,0.989,6.004803708402821,1,Active
Unspecified,Kd,0.99,123773279.0,0.99,6.00436480540245,1,Active
Active,Kd,0.99,170556475.0,0.99,6.00436480540245,1,Active
Active,IC50,0.995,121278328.0,0.995,6.002176919254275,1,Active
Unspecified,IC50,0.999,126521430.0,0.999,6.000434511774018,1,Active
Active,IC50,1.0,156009986.0,1.0,6.0,1,Active
Active,IC50,1.0,117628347.0,1.0,6.0,1,Active
Active,IC50,1.0,117628387.0,1.0,6.0,1,Active
Active,IC50,1.0,90425784.0,1.0,6.0,1,Active
Active,IC50,1.0,117628256.0,1.0,6.0,1,Active
Active,IC50,1.0,118059805.0,1.0,6.0,1,Active
Active,IC50,1.0,118060019.0,1.0,6.0,1,Active
Active,IC50,1.0,86267918.0,1.0,6.0,1,Active
Active,IC50,1.0,117628352.0,1.0,6.0,1,Active
Active,IC50,1.0,118059543.0,1.0,6.0,1,Active
Active,IC50,1.0,118159679.0,1.0,6.0,1,Active
Active,IC50,1.0,117628353.0,1.0,6.0,1,Active
Active,IC50,1.0,132099513.0,1.0,6.0,1,Active
Active,IC50,1.0,117628325.0,1.0,6.0,1,Active
Active,IC50,1.0,117628480.0,1.0,6.0,1,Active
Active,IC50,1.0,117628294.0,1.0,6.0,1,Active
Active,IC50,1.0,118060384.0,1.0,6.0,1,Active
Active,IC50,1.0,90426936.0,1.0,6.0,1,Active
Active,IC50,1.0,117628375.0,1.0,6.0,1,Active
Active,IC50,1.0,117628456.0,1.0,6.0,1,Active
Active,IC50,1.0,117628485.0,1.0,6.0,1,Active
Active,IC50,1.0,118059787.0,1.0,6.0,1,Active
Active,IC50,1.0,118059950.0,1.0,6.0,1,Active
Active,IC50,1.0,118159873.0,1.0,6.0,1,Active
Active,IC50,1.0,132269121.0,1.0,6.0,1,Active
Active,IC50,1.0,145965751.0,1.0,6.0,1,Active
Active,IC50,1.0,86267505.0,1.0,6.0,1,Active
Active,IC50,1.0,117628233.0,1.0,6.0,1,Active
Active,IC50,1.0,117628330.0,1.0,6.0,1,Active
Active,IC50,1.0,154732835.0,1.0,6.0,1,Active
Active,IC50,1.0,90427356.0,1.0,6.0,1,Active
Active,IC50,1.0,90449007.0,1.0,6.0,1,Active
Active,IC50,1.0,117628240.0,1.0,6.0,1,Active
Active,IC50,1.0,11327430.0,1.0,6.0,1,Active
Active,IC50,1.0,118159682.0,1.0,6.0,1,Active
Active,IC50,1.0,118059767.0,1.0,6.0,1,Active
Active,IC50,1.0,118060175.0,1.0,6.0,1,Active
Active,IC50,1.0,117628324.0,1.0,6.0,1,Active
Active,IC50,1.0,118159756.0,1.0,6.0,1,Active
Active,IC50,1.0,90448949.0,1.0,6.0,1,Active
Active,IC50,1.0,145967243.0,1.0,6.0,1,Active
Active,IC50,1.0,118889449.0,1.0,6.0,1,Active
Active,IC50,1.0,90448897.0,1.0,6.0,1,Active
Active,IC50,1.0,118059471.0,1.0,6.0,1,Active
Active,IC50,1.0,118060171.0,1.0,6.0,1,Active
Active,IC50,1.0,90448946.0,1.0,6.0,1,Active
Active,IC50,1.0,118059977.0,1.0,6.0,1,Active
Active,IC50,1.0,118060178.0,1.0,6.0,1,Active
Active,IC50,1.0,117628307.0,1.0,6.0,1,Active
Active,IC50,1.0,117628275.0,1.0,6.0,1,Active
Active,IC50,1.0,154732834.0,1.0,6.0,1,Active
Active,IC50,1.0,90448974.0,1.0,6.0,1,Active
Active,IC50,1.0,132099523.0,1.0,6.0,1,Active
Active,IC50,1.0,118059550.0,1.0,6.0,1,Active
Active,IC50,1.0,117628385.0,1.0,6.0,1,Active
Active,IC50,1.0,118059540.0,1.0,6.0,1,Active
Active,IC50,1.0,117628305.0,1.0,6.0,1,Active
Active,IC50,1.0,117628328.0,1.0,6.0,1,Active
Active,IC50,1.0,118059769.0,1.0,6.0,1,Active
Active,IC50,1.0,118059983.0,1.0,6.0,1,Active
Active,IC50,1.0,117628488.0,1.0,6.0,1,Active
Active,IC50,1.0,154732831.0,1.0,6.0,1,Active
Active,IC50,1.0,117628323.0,1.0,6.0,1,Active
Active,IC50,1.0,76335637.0,1.0,6.0,1,Active
Active,IC50,1.0,118159607.0,1.0,6.0,1,Active
Active,IC50,1.0,117628278.0,1.0,6.0,1,Active
Active,IC50,1.0,117628356.0,1.0,6.0,1,Active
Active,IC50,1.0,81689821.0,1.0,6.0,1,Active
Active,IC50,1.0,86267709.0,1.0,6.0,1,Active
Active,IC50,1.0,90426265.0,1.0,6.0,1,Active
Unspecified,IC50,1.0,145959024.0,1.0,6.0,1,Active
Unspecified,IC50,1.0,142296544.0,1.0,6.0,1,Active
Active,IC50,1.0,134579157.0,1.0,6.0,1,Active
Unspecified,IC50,1.0,145971247.0,1.0,6.0,1,Active
Active,IC50,1.0,53054289.0,1.0,6.0,1,Active
Active,IC50,1.0,90427124.0,1.0,6.0,1,Active
Active,IC50,1.0,90448951.0,1.0,6.0,1,Active
Active,IC50,1.0,118059425.0,1.0,6.0,1,Active
Active,IC50,1.0,118059878.0,1.0,6.0,1,Active
Active,IC50,1.0,132099515.0,1.0,6.0,1,Active
Active,IC50,1.0,117628424.0,1.0,6.0,1,Active
Active,IC50,1.0,162673731.0,1.0,6.0,1,Active
Active,IC50,1.0,86267714.0,1.0,6.0,1,Active
Active,IC50,1.0,117628326.0,1.0,6.0,1,Active
Active,IC50,1.0,117628343.0,1.0,6.0,1,Active
Active,IC50,1.0,118059963.0,1.0,6.0,1,Active
Active,IC50,1.0,117628410.0,1.0,6.0,1,Active
Active,IC50,1.0,117628366.0,1.0,6.0,1,Active
Active,IC50,1.0,90426108.0,1.0,6.0,1,Active
Active,IC50,1.0,117628232.0,1.0,6.0,1,Active
Active,IC50,1.0,117628292.0,1.0,6.0,1,Active
Active,IC50,1.0,117628257.0,1.0,6.0,1,Active
Active,IC50,1.0,90426491.0,1.0,6.0,1,Active
Active,IC50,1.0,117628407.0,1.0,6.0,1,Active
Active,IC50,1.0,90426398.0,1.0,6.0,1,Active
Active,IC50,1.0,118059623.0,1.0,6.0,1,Active
Active,IC50,1.0,90426474.0,1.0,6.0,1,Active
Active,IC50,1.0,86267713.0,1.0,6.0,1,Active
Active,IC50,1.0,117628512.0,1.0,6.0,1,Active
Active,IC50,1.0,117628464.0,1.0,6.0,1,Active
Active,IC50,1.0,90448947.0,1.0,6.0,1,Active
Unspecified,IC50,1.0,177376987.0,1.0,6.0,1,Active
Unspecified,IC50,1.0,172455715.0,1.0,6.0,1,Active
Active,IC50,1.0,155518008.0,1.0,6.0,1,Active
Unspecified,IC50,1.0,90395632.0,1.0,6.0,1,Active
Active,IC50,1.0,155461069.0,1.0,6.0,1,Active
Active,IC50,1.0,118059935.0,1.0,6.0,1,Active
Active,IC50,1.0,117628392.0,1.0,6.0,1,Active
Active,IC50,1.0,117628411.0,1.0,6.0,1,Active
Active,IC50,1.0,117628318.0,1.0,6.0,1,Active
Active,IC50,1.0,117628382.0,1.0,6.0,1,Active
Active,IC50,1.0,117628254.0,1.0,6.0,1,Active
Active,IC50,1.0,117628432.0,1.0,6.0,1,Active
Active,IC50,1.0,118059921.0,1.0,6.0,1,Active
Active,IC50,1.0,168288736.0,1.0,6.0,1,Active
Active,IC50,1.0,117628321.0,1.0,6.0,1,Active
Active,IC50,1.0,90426571.0,1.0,6.0,1,Active
Active,IC50,1.0,118059749.0,1.0,6.0,1,Active
Active,IC50,1.0,86267506.0,1.0,6.0,1,Active
Active,IC50,1.0,118059676.0,1.0,6.0,1,Active
Active,IC50,1.0,117628334.0,1.0,6.0,1,Active
Active,IC50,1.0,117634625.0,1.0,6.0,1,Active
Active,IC50,1.0,117628543.0,1.0,6.0,1,Active
Active,IC50,1.0,134821995.0,1.0,6.0,1,Active
Unspecified,IC50,1.0,118340631.0,1.0,6.0,1,Active
Active,IC50,1.0,118059539.0,1.0,6.0,1,Active
Active,IC50,1.0,117628230.0,1.0,6.0,1,Active
Active,IC50,1.0,117628243.0,1.0,6.0,1,Active
Active,IC50,1.0,117628384.0,1.0,6.0,1,Active
Active,IC50,1.0,118059691.0,1.0,6.0,1,Active
Active,IC50,1.0,118059743.0,1.0,6.0,1,Active
Active,IC50,1.0,117628509.0,1.0,6.0,1,Active
Active,IC50,1.0,117628296.0,1.0,6.0,1,Active
Unspecified,IC50,1.0,142296528.0,1.0,6.0,1,Active
Active,IC50,1.0,122179609.0,1.0,6.0,1,Active
Active,IC50,1.0,52933405.0,1.0,6.0,1,Active
Active,IC50,1.0,117628237.0,1.0,6.0,1,Active
Active,IC50,1.0,90427016.0,1.0,6.0,1,Active
Active,IC50,1.0,118059847.0,1.0,6.0,1,Active
Active,IC50,1.0,118059836.0,1.0,6.0,1,Active
Active,IC50,1.0,118059855.0,1.0,6.0,1,Active
Active,IC50,1.0,135309104.0,1.0,6.0,1,Active
Unspecified,IC50,1.0,139341530.0,1.0,6.0,1,Active
Active,IC50,1.0,117628235.0,1.0,6.0,1,Active
Active,IC50,1.0,739455.0,1.0,6.0,1,Active
Active,IC50,1.0,118060346.0,1.0,6.0,1,Active
Active,IC50,1.0,86267712.0,1.0,6.0,1,Active
Active,IC50,1.0,117628203.0,1.0,6.0,1,Active
Active,IC50,1.0,117628268.0,1.0,6.0,1,Active
Active,IC50,1.0,117628338.0,1.0,6.0,1,Active
Active,IC50,1.0,117628238.0,1.0,6.0,1,Active
Active,IC50,1.0,90426081.0,1.0,6.0,1,Active
Active,IC50,1.0,117628304.0,1.0,6.0,1,Active
Active,IC50,1.0,132099524.0,1.0,6.0,1,Active
Active,IC50,1.0,118060322.0,1.0,6.0,1,Active
Active,IC50,1.0,117628269.0,1.0,6.0,1,Active
Active,IC50,1.0,117628363.0,1.0,6.0,1,Active
Active,IC50,1.0,90448977.0,1.0,6.0,1,Active
Active,IC50,1.0,117628368.0,1.0,6.0,1,Active
Active,IC50,1.0,90448899.0,1.0,6.0,1,Active
Active,IC50,1.0,123814574.0,1.0,6.0,1,Active
Active,IC50,1.0,117628245.0,1.0,6.0,1,Active
Active,IC50,1.0,117628423.0,1.0,6.0,1,Active
Active,IC50,1.0,118059999.0,1.0,6.0,1,Active
Active,IC50,1.0,118059476.0,1.0,6.0,1,Active
Unspecified,IC50,1.0,177380732.0,1.0,6.0,1,Active
Active,IC50,1.0,132099514.0,1.0,6.0,1,Active
Active,IC50,1.0,117628332.0,1.0,6.0,1,Active
Active,IC50,1.0,117628333.0,1.0,6.0,1,Active
Active,IC50,1.0,90448948.0,1.0,6.0,1,Active
Active,IC50,1.0,162662694.0,1.0,6.0,1,Active
Active,IC50,1.0,135323654.0,1.0,6.0,1,Active
Active,Kd,1.0,102358573.0,1.0,6.0,1,Active
Active,IC50,1.0,90448898.0,1.0,6.0,1,Active
Active,IC50,1.0,117628273.0,1.0,6.0,1,Active
Active,IC50,1.0,90449059.0,1.0,6.0,1,Active
Active,IC50,1.0,117628379.0,1.0,6.0,1,Active
Active,IC50,1.0,117628479.0,1.0,6.0,1,Active
Active,IC50,1.0,118059804.0,1.0,6.0,1,Active
Active,IC50,1.0,117628378.0,1.0,6.0,1,Active
Active,IC50,1.0,117628438.0,1.0,6.0,1,Active
Active,IC50,1.0,90449009.0,1.0,6.0,1,Active
Active,IC50,1.0,118059928.0,1.0,6.0,1,Active
Active,IC50,1.0,118059530.0,1.0,6.0,1,Active
Active,IC50,1.0,117628429.0,1.0,6.0,1,Active
Active,IC50,1.0,117628223.0,1.0,6.0,1,Active
Active,IC50,1.0,90667407.0,1.0,6.0,1,Active
Active,IC50,1.0,86267715.0,1.0,6.0,1,Active
Active,IC50,1.0,118060057.0,1.0,6.0,1,Active
Active,IC50,1.0,118059649.0,1.0,6.0,1,Active
Active,IC50,1.0,118059979.0,1.0,6.0,1,Active
Active,IC50,1.0,117628362.0,1.0,6.0,1,Active
Active,IC50,1.0,86267508.0,1.0,6.0,1,Active
Active,IC50,1.0,117628310.0,1.0,6.0,1,Active
Active,IC50,1.0,117628251.0,1.0,6.0,1,Active
Active,IC50,1.0,117628562.0,1.0,6.0,1,Active
Active,IC50,1.0,117628431.0,1.0,6.0,1,Active
Active,IC50,1.0,117628280.0,1.0,6.0,1,Active
Active,IC50,1.0,117628542.0,1.0,6.0,1,Active
Active,IC50,1.0,90667413.0,1.0,6.0,1,Active
Active,IC50,1.0,118059510.0,1.0,6.0,1,Active
Active,IC50,1.0,117628264.0,1.0,6.0,1,Active
Active,IC50,1.0,118719868.0,1.0,6.0,1,Active
Active,IC50,1.0,118719872.0,1.0,6.0,1,Active
Unspecified,IC50,1.0,177373900.0,1.0,6.0,1,Active
Unspecified,IC50,1.0,171481801.0,1.0,6.0,1,Active
Unspecified,IC50,1.0,171481800.0,1.0,6.0,1,Active
Active,IC50,1.0,117628477.0,1.0,6.0,1,Active
Active,IC50,1.0,90448976.0,1.0,6.0,1,Active
Active,IC50,1.0,118059806.0,1.0,6.0,1,Active
Active,IC50,1.0,90426828.0,1.0,6.0,1,Active
Active,IC50,1.0,117628414.0,1.0,6.0,1,Active
Active,IC50,1.0,147626697.0,1.0,6.0,1,Active
Active,IC50,1.0,117628441.0,1.0,6.0,1,Active
Active,IC50,1.0,117628297.0,1.0,6.0,1,Active
Active,IC50,1.0,90448937.0,1.0,6.0,1,Active
Active,IC50,1.0,123539296.0,1.0,6.0,1,Active
Active,IC50,1.0,117628434.0,1.0,6.0,1,Active
Active,IC50,1.0,118069537.0,1.0,6.0,1,Active
Active,IC50,1.0,122180558.0,1.0,6.0,1,Active
Active,IC50,1.0,117628396.0,1.0,6.0,1,Active
Active,IC50,1.0,162673611.0,1.0,6.0,1,Active
Active,IC50,1.0,118059515.0,1.0,6.0,1,Active
Active,IC50,1.0,118059891.0,1.0,6.0,1,Active
Active,IC50,1.0,90449054.0,1.0,6.0,1,Active
Active,IC50,1.0,132099512.0,1.0,6.0,1,Active
Active,IC50,1.0,117628397.0,1.0,6.0,1,Active
Unspecified,IC50,1.0,177380729.0,1.0,6.0,1,Active
Unspecified,IC50,1.0,177380724.0,1.0,6.0,1,Active
Active,IC50,1.0,117628306.0,1.0,6.0,1,Active
Active,IC50,1.0,117628261.0,1.0,6.0,1,Active
Active,IC50,1.0,117628289.0,1.0,6.0,1,Active
Active,IC50,1.0,117628420.0,1.0,6.0,1,Active
Active,IC50,1.0,117628249.0,1.0,6.0,1,Active
Active,IC50,1.0,118060004.0,1.0,6.0,1,Active
Active,IC50,1.0,118059786.0,1.0,6.0,1,Active
Active,IC50,1.0,117628545.0,1.0,6.0,1,Active
Active,IC50,1.0,117628342.0,1.0,6.0,1,Active
Active,IC50,1.0,86267305.0,1.0,6.0,1,Active
Active,IC50,1.0,86267919.0,1.0,6.0,1,Active
Active,IC50,1.0,117634637.0,1.0,6.0,1,Active
Active,IC50,1.0,118719858.0,1.0,6.0,1,Active
Active,IC50,1.0,117628320.0,1.0,6.0,1,Active
Active,IC50,1.0,117628437.0,1.0,6.0,1,Active
Active,IC50,1.0,90449051.0,1.0,6.0,1,Active
Active,IC50,1.0,118059391.0,1.0,6.0,1,Active
Active,IC50,1.0,118059564.0,1.0,6.0,1,Active
Active,IC50,1.0,117628229.0,1.0,6.0,1,Active
Active,IC50,1.0,156017937.0,1.0,6.0,1,Active
Active,IC50,1.0,132099511.0,1.0,6.0,1,Active
Unspecified,IC50,1.0,127038801.0,1.0,6.0,1,Active
Active,IC50,1.0,118059565.0,1.0,6.0,1,Active
Active,IC50,1.0,132099527.0,1.0,6.0,1,Active
Active,IC50,1.0,117628274.0,1.0,6.0,1,Active
Active,IC50,1.0,117628374.0,1.0,6.0,1,Active
Active,IC50,1.0,117628258.0,1.0,6.0,1,Active
Active,IC50,1.0,117628267.0,1.0,6.0,1,Active
Active,IC50,1.0,164623358.0,1.0,6.0,1,Active
Active,IC50,1.0,118059778.0,1.0,6.0,1,Active
Active,IC50,1.0,118060025.0,1.0,6.0,1,Active
Active,IC50,1.0,118059876.0,1.0,6.0,1,Active
Active,IC50,1.0,117628409.0,1.0,6.0,1,Active
Active,IC50,1.0,117628570.0,1.0,6.0,1,Active
Active,IC50,1.0,117628221.0,1.0,6.0,1,Active
Active,IC50,1.0,118059812.0,1.0,6.0,1,Active
Active,IC50,1.0,1535153.0,1.0,6.0,1,Active
Active,IC50,1.0,117628452.0,1.0,6.0,1,Active
Active,IC50,1.0,117628544.0,1.0,6.0,1,Active
Active,IC50,1.0,117628260.0,1.0,6.0,1,Active
Active,IC50,1.0,118060010.0,1.0,6.0,1,Active
Active,IC50,1.0,86267507.0,1.0,6.0,1,Active
Active,IC50,1.0,117628319.0,1.0,6.0,1,Active
Active,IC50,1.0,90425675.0,1.0,6.0,1,Active
Active,IC50,1.0,117628612.0,1.0,6.0,1,Active
Active,IC50,1.0,117628246.0,1.0,6.0,1,Active
Active,IC50,1.0,164612481.0,1.0,6.0,1,Active
Active,IC50,1.0,118719869.0,1.0,6.0,1,Active
Active,IC50,1.0,117628514.0,1.0,6.0,1,Active
Active,IC50,1.0,118059482.0,1.0,6.0,1,Active
Active,IC50,1.0,118719874.0,1.0,6.0,1,Active
Active,IC50,1.0,118059604.0,1.0,6.0,1,Active
Active,IC50,1.0,117928476.0,1.0,6.0,1,Active
Active,IC50,1.0,56950426.0,1.0,6.0,1,Active
Active,IC50,1.0,86267503.0,1.0,6.0,1,Active
Active,IC50,1.0,134306300.0,1.0,6.0,1,Active
Unspecified,IC50,1.0,177380227.0,1.0,6.0,1,Active
Active,IC50,1.0,135308996.0,1.0,6.0,1,Active
Active,IC50,1.0,135308922.0,1.0,6.0,1,Active
Active,IC50,1.0,118927549.0,1.0,6.0,1,Active
Active,IC50,1.0,117628290.0,1.0,6.0,1,Active
Active,IC50,1.0,117628376.0,1.0,6.0,1,Active
Active,IC50,1.007,121278079.0,1.007,5.996970529446382,0,Active
Active,IC50,1.01,153465919.0,1.01,5.995678626217358,0,Active
Active,IC50,1.02,121372992.0,1.02,5.991399828238082,0,Active
Active,IC50,1.02,153465858.0,1.02,5.991399828238082,0,Active
Active,IC50,1.02,156017741.0,1.02,5.991399828238082,0,Active
Active,IC50,1.02,53268718.0,1.02,5.991399828238082,0,Active
Active,Ki,1.02,89656444.0,1.02,5.991399828238082,0,Active
Active,IC50,1.02,145971920.0,1.02,5.991399828238082,0,Active
Active,IC50,1.03,142296527.0,1.03,5.987162775294828,0,Active
Active,Ki,1.03,118116617.0,1.03,5.987162775294828,0,Active
Active,IC50,1.0335,168282183.0,1.0335,5.9856895190366926,0,Active
Active,IC50,1.04,137650944.0,1.04,5.982966660701219,0,Active
Active,IC50,1.04,137655523.0,1.04,5.982966660701219,0,Active
Active,Ki,1.04,71812015.0,1.04,5.982966660701219,0,Active
Active,IC50,1.04,142296584.0,1.04,5.982966660701219,0,Active
Active,IC50,1.043,149394379.0,1.043,5.981715691573469,0,Active
Active,IC50,1.05,141414540.0,1.05,5.978810700930062,0,Active
Active,IC50,1.05,127052167.0,1.05,5.978810700930062,0,Active
Active,IC50,1.06,170649751.0,1.06,5.97469413473523,0,Active
Active,IC50,1.06,172445295.0,1.06,5.97469413473523,0,Active
Active,IC50,1.066,139558368.0,1.066,5.972242795309446,0,Active
Active,Ki,1.07,71812069.0,1.07,5.97061622231479,0,Active
Active,IC50,1.083,122553421.0,1.083,5.96537154337468,0,Active
Active,IC50,1.09,15944463.0,1.09,5.962573502059376,0,Active
Active,IC50,1.094,44181276.0,1.094,5.960982678002588,0,Active
Active,IC50,1.09648,145960623.0,1.09648,5.95999928552668,0,Active
Active,IC50,1.098,121278064.0,1.098,5.959397659885927,0,Active
Active,IC50,1.098,147755336.0,1.098,5.959397659885927,0,Active
Active,IC50,1.1,132181414.0,1.1,5.958607314841775,0,Active
Active,IC50,1.1,91826327.0,1.1,5.958607314841775,0,Active
Active,Ki,1.1,89656345.0,1.1,5.958607314841775,0,Active
Active,Ki,1.1,170556527.0,1.1,5.958607314841775,0,Active
Active,IC50,1.1,153465768.0,1.1,5.958607314841775,0,Active
Active,Kd,1.1,132154361.0,1.1,5.958607314841775,0,Active
Active,Ki,1.1,131740828.0,1.1,5.958607314841775,0,Active
Active,IC50,1.1,57344432.0,1.1,5.958607314841775,0,Active
Active,IC50,1.1,153465918.0,1.1,5.958607314841775,0,Active
Active,Ki,1.1,136387556.0,1.1,5.958607314841775,0,Active
Active,IC50,1.1,166635120.0,1.1,5.958607314841775,0,Active
Active,IC50,1.1,166626205.0,1.1,5.958607314841775,0,Active
Active,Kd,1.1,129166140.0,1.1,5.958607314841775,0,Active
Active,Kd,1.1,132154365.0,1.1,5.958607314841775,0,Active
Active,IC50,1.1,1149106.0,1.1,5.958607314841775,0,Active
Active,IC50,1.1,86281504.0,1.1,5.958607314841775,0,Active
Active,IC50,1.1,53054258.0,1.1,5.958607314841775,0,Active
Active,IC50,1.1,53054298.0,1.1,5.958607314841775,0,Active
Active,IC50,1.1085,145978839.0,1.1085,5.955264302549493,0,Active
Active,IC50,1.11,1585889.0,1.11,5.954677021213342,0,Active
Active,IC50,1.114,124221565.0,1.114,5.95311480916229,0,Active
Active,IC50,1.12,170649806.0,1.12,5.950781977329818,0,Active
Active,IC50,1.12,122467498.0,1.12,5.950781977329818,0,Active
Active,IC50,1.121,118796361.0,1.121,5.9503943874050265,0,Active
Active,IC50,1.122,139570847.0,1.122,5.950007143079858,0,Active
Active,IC50,1.129,166058994.0,1.129,5.947306058075032,0,Active
Active,IC50,1.13,153465755.0,1.13,5.94692155651658,0,Active
Active,IC50,1.13,153465803.0,1.13,5.94692155651658,0,Active
Active,IC50,1.13,155521991.0,1.13,5.94692155651658,0,Active
Active,IC50,1.134,171351977.0,1.134,5.945386945443112,0,Active
Active,IC50,1.14,145956336.0,1.14,5.943095148663527,0,Active
Active,Ki,1.14,71811977.0,1.14,5.943095148663527,0,Active
Active,IC50,1.147,127050405.0,1.147,5.940436582098732,0,Active
Active,IC50,1.159,168290444.0,1.159,5.935916564036404,0,Active
Active,IC50,1.16,151102117.0,1.16,5.935542010773082,0,Active
Active,IC50,1.16,121372997.0,1.16,5.935542010773082,0,Active
Active,IC50,1.17,71624903.0,1.17,5.931814138253839,0,Active
Active,Kd,1.17,166635257.0,1.17,5.931814138253839,0,Active
Active,IC50,1.17,145953835.0,1.17,5.931814138253839,0,Active
Active,IC50,1.17,155555499.0,1.17,5.931814138253839,0,Active
Active,IC50,1.17,145958773.0,1.17,5.931814138253839,0,Active
Active,IC50,1.17,117841259.0,1.17,5.931814138253839,0,Active
Active,IC50,1.17,127033475.0,1.17,5.931814138253839,0,Active
Active,IC50,1.175,20862014.0,1.175,5.9299621333922445,0,Active
Active,IC50,1.177,20862015.0,1.177,5.929223537156565,0,Active
Active,IC50,1.181,155461085.0,1.181,5.927750102386486,0,Active
Active,Ki,1.19,168273435.0,1.19,5.924453038607469,0,Active
Active,IC50,1.19,127033172.0,1.19,5.924453038607469,0,Active
Active,IC50,1.19,151364732.0,1.19,5.924453038607469,0,Active
Active,IC50,1.198,139558250.0,1.198,5.921543181946707,0,Active
Active,Ki,1.2,137655200.0,1.2,5.920818753952375,0,Active
Active,IC50,1.2,70979101.0,1.2,5.920818753952375,0,Active
Active,Kd,1.2,121335206.0,1.2,5.920818753952375,0,Active
Active,IC50,1.2,86282723.0,1.2,5.920818753952375,0,Active
Active,IC50,1.2,53054321.0,1.2,5.920818753952375,0,Active
Active,IC50,1.2,134578833.0,1.2,5.920818753952375,0,Active
Active,IC50,1.2,70978954.0,1.2,5.920818753952375,0,Active
Active,IC50,1.2,138375236.0,1.2,5.920818753952375,0,Active
Active,IC50,1.2,134457684.0,1.2,5.920818753952375,0,Active
Active,Kd,1.2,155352280.0,1.2,5.920818753952375,0,Active
Active,IC50,1.2,121342404.0,1.2,5.920818753952375,0,Active
Active,Kd,1.2,137701509.0,1.2,5.920818753952375,0,Active
Active,IC50,1.2,121372899.0,1.2,5.920818753952375,0,Active
Active,Ki,1.2,71812014.0,1.2,5.920818753952375,0,Active
Active,Ki,1.2,71812099.0,1.2,5.920818753952375,0,Active
Active,IC50,1.2,138375223.0,1.2,5.920818753952375,0,Active
Active,IC50,1.2,118889494.0,1.2,5.920818753952375,0,Active
Active,IC50,1.2,53054200.0,1.2,5.920818753952375,0,Active
Active,Ki,1.2,16258758.0,1.2,5.920818753952375,0,Active
Active,IC50,1.201,117892000.0,1.201,5.920456992597094,0,Active
Active,IC50,1.21,122467478.0,1.21,5.91721462968355,0,Active
Active,IC50,1.21,172453604.0,1.21,5.91721462968355,0,Active
Active,IC50,1.21,153465837.0,1.21,5.91721462968355,0,Active
Active,IC50,1.218,118093990.0,1.218,5.914352711703144,0,Active
Active,IC50,1.23,145960620.0,1.23,5.910094888560602,0,Active
Active,Ki,1.23,155567768.0,1.23,5.910094888560602,0,Active
Active,Kd,1.234,1534872.0,1.234,5.908684840302777,0,Active
Active,IC50,1.242,121277998.0,1.242,5.905878404159439,0,Active
Active,Ki,1.25,71811998.0,1.25,5.903089986991944,0,Active
Active,IC50,1.25,134144625.0,1.25,5.903089986991944,0,Active
Active,IC50,1.25,155525302.0,1.25,5.903089986991944,0,Active
Active,IC50,1.25,121373010.0,1.25,5.903089986991944,0,Active
Active,Ki,1.25,163304008.0,1.25,5.903089986991944,0,Active
Active,IC50,1.252,121278221.0,1.252,5.902395671125589,0,Active
Active,IC50,1.256,20862058.0,1.256,5.901010360598823,0,Active
Active,IC50,1.256,118547305.0,1.256,5.901010360598823,0,Active
Active,IC50,1.25893,91820725.0,1.25893,5.899998417198648,0,Active
Active,IC50,1.25893,57339435.0,1.25893,5.899998417198648,0,Active
Active,IC50,1.25893,70683271.0,1.25893,5.899998417198648,0,Active
Active,IC50,1.25893,162666777.0,1.25893,5.899998417198648,0,Active
Active,IC50,1.25893,70664240.0,1.25893,5.899998417198648,0,Active
Active,IC50,1.25893,71450297.0,1.25893,5.899998417198648,0,Active
Active,IC50,1.25893,164613763.0,1.25893,5.899998417198648,0,Active
Active,IC50,1.25893,168270421.0,1.25893,5.899998417198648,0,Active
Active,IC50,1.25893,135324065.0,1.25893,5.899998417198648,0,Active
Active,IC50,1.25893,52935478.0,1.25893,5.899998417198648,0,Active
Active,IC50,1.25893,68204735.0,1.25893,5.899998417198648,0,Active
Active,IC50,1.25893,122179607.0,1.25893,5.899998417198648,0,Active
Active,IC50,1.25893,122179617.0,1.25893,5.899998417198648,0,Active
Active,IC50,1.25893,145977417.0,1.25893,5.899998417198648,0,Active
Active,IC50,1.25893,127025419.0,1.25893,5.899998417198648,0,Active
Active,IC50,1.25893,156015467.0,1.25893,5.899998417198648,0,Active
Active,IC50,1.25893,164626000.0,1.25893,5.899998417198648,0,Active
Active,IC50,1.25893,164628998.0,1.25893,5.899998417198648,0,Active
Active,IC50,1.25893,122179611.0,1.25893,5.899998417198648,0,Active
Active,IC50,1.25893,68184870.0,1.25893,5.899998417198648,0,Active
Active,IC50,1.25893,52933655.0,1.25893,5.899998417198648,0,Active
Active,IC50,1.25893,52933161.0,1.25893,5.899998417198648,0,Active
Active,Kd,1.25893,91826679.0,1.25893,5.899998417198648,0,Active
Active,IC50,1.25893,156014414.0,1.25893,5.899998417198648,0,Active
Active,IC50,1.25893,52933403.0,1.25893,5.899998417198648,0,Active
Active,IC50,1.25893,134306039.0,1.25893,5.899998417198648,0,Active
Active,IC50,1.25893,67192581.0,1.25893,5.899998417198648,0,Active
Active,IC50,1.25893,48157449.0,1.25893,5.899998417198648,0,Active
Active,IC50,1.25893,1511199.0,1.25893,5.899998417198648,0,Active
Active,IC50,1.25893,162653620.0,1.25893,5.899998417198648,0,Active
Active,IC50,1.25893,90667416.0,1.25893,5.899998417198648,0,Active
Active,IC50,1.25893,142577883.0,1.25893,5.899998417198648,0,Active
Active,IC50,1.25893,145977402.0,1.25893,5.899998417198648,0,Active
Active,IC50,1.25893,71291177.0,1.25893,5.899998417198648,0,Active
Active,IC50,1.25893,72684073.0,1.25893,5.899998417198648,0,Active
Active,IC50,1.25893,90667405.0,1.25893,5.899998417198648,0,Active
Active,IC50,1.25893,145972969.0,1.25893,5.899998417198648,0,Active
Active,IC50,1.25893,162655013.0,1.25893,5.899998417198648,0,Active
Active,IC50,1.25893,162663302.0,1.25893,5.899998417198648,0,Active
Active,IC50,1.26,162526515.0,1.26,5.8996294548824375,0,Active
Active,Ki,1.27,136174604.0,1.27,5.896196279044043,0,Active
Active,Ki,1.28,136224170.0,1.28,5.892790030352131,0,Active
Active,Ki,1.28,118116341.0,1.28,5.892790030352131,0,Active
Active,IC50,1.29,162514086.0,1.29,5.889410289700751,0,Active
Active,Ki,1.29,89656216.0,1.29,5.889410289700751,0,Active
Active,IC50,1.298,166058985.0,1.298,5.88672530753565,0,Active
Active,Kd,1.3,130179025.0,1.3,5.886056647693163,0,Active
Active,IC50,1.3,126572437.0,1.3,5.886056647693163,0,Active
Active,Ki,1.3,136226508.0,1.3,5.886056647693163,0,Active
Active,IC50,1.3,67951267.0,1.3,5.886056647693163,0,Active
Active,IC50,1.3,153465721.0,1.3,5.886056647693163,0,Active
Active,Kd,1.3,55883830.0,1.3,5.886056647693163,0,Active
Active,IC50,1.3,153465778.0,1.3,5.886056647693163,0,Active
Active,Kd,1.3,177382443.0,1.3,5.886056647693163,0,Active
Active,IC50,1.3,86282582.0,1.3,5.886056647693163,0,Active
Active,IC50,1.3,155352384.0,1.3,5.886056647693163,0,Active
Active,IC50,1.3,138375234.0,1.3,5.886056647693163,0,Active
Active,IC50,1.3,56950561.0,1.3,5.886056647693163,0,Active
Active,IC50,1.3,138756791.0,1.3,5.886056647693163,0,Active
Active,Ki,1.3,136174603.0,1.3,5.886056647693163,0,Active
Active,IC50,1.3,118889581.0,1.3,5.886056647693163,0,Active
Active,Kd,1.3,132154364.0,1.3,5.886056647693163,0,Active
Active,IC50,1.309,171351183.0,1.309,5.8830603534492445,0,Active
Active,IC50,1.32,155560288.0,1.32,5.87942606879415,0,Active
Active,IC50,1.33,145953654.0,1.33,5.876148359032914,0,Active
Active,IC50,1.331,166058981.0,1.331,5.875821944525325,0,Active
Active,IC50,1.334,166058997.0,1.334,5.87484417041947,0,Active
Active,IC50,1.34,153465737.0,1.34,5.872895201635193,0,Active
Active,IC50,1.34,172441973.0,1.34,5.872895201635193,0,Active
Active,IC50,1.35,142296519.0,1.35,5.8696662315049934,0,Active
Active,IC50,1.35,146037625.0,1.35,5.8696662315049934,0,Active
Active,Ki,1.35,71812017.0,1.35,5.8696662315049934,0,Active
Active,IC50,1.35,117892031.0,1.35,5.8696662315049934,0,Active
Active,IC50,1.36,121373251.0,1.36,5.866461091629782,0,Active
Active,IC50,1.36,71624901.0,1.36,5.866461091629782,0,Active
Active,IC50,1.364,172130907.0,1.364,5.86518562967954,0,Active
Active,IC50,1.368,91826712.0,1.368,5.863913902615902,0,Active
Active,IC50,1.37,152522943.0,1.37,5.863279432843593,0,Active
Active,IC50,1.373,121271712.0,1.373,5.8623294627632445,0,Active
Active,IC50,1.38,71624902.0,1.38,5.860120913598763,0,Active
Active,IC50,1.38,127052166.0,1.38,5.860120913598763,0,Active
Active,Ki,1.38,163304011.0,1.38,5.860120913598763,0,Active
Active,IC50,1.385,117891936.0,1.385,5.858550226599533,0,Active
Active,IC50,1.4,177375308.0,1.4,5.853871964321762,0,Active
Active,IC50,1.4,138375221.0,1.4,5.853871964321762,0,Active
Active,Ki,1.4,71811954.0,1.4,5.853871964321762,0,Active
Active,Ki,1.4,136174612.0,1.4,5.853871964321762,0,Active
Active,IC50,1.4,149240221.0,1.4,5.853871964321762,0,Active
Active,Kd,1.4,60498769.0,1.4,5.853871964321762,0,Active
Active,IC50,1.4,147175900.0,1.4,5.853871964321762,0,Active
Active,IC50,1.4,137641504.0,1.4,5.853871964321762,0,Active
Active,IC50,1.4,118079032.0,1.4,5.853871964321762,0,Active
Active,IC50,1.4,118270997.0,1.4,5.853871964321762,0,Active
Active,IC50,1.4,118270427.0,1.4,5.853871964321762,0,Active
Active,IC50,1.4,73776817.0,1.4,5.853871964321762,0,Active
Active,IC50,1.4,155526120.0,1.4,5.853871964321762,0,Active
Active,IC50,1.4,118697183.0,1.4,5.853871964321762,0,Active
Active,Ki,1.4,122187519.0,1.4,5.853871964321762,0,Active
Active,IC50,1.4,155461139.0,1.4,5.853871964321762,0,Active
Active,IC50,1.4,155561660.0,1.4,5.853871964321762,0,Active
Active,IC50,1.4,91809474.0,1.4,5.853871964321762,0,Active
Active,IC50,1.402,168279481.0,1.402,5.85325198636936,0,Active
Active,IC50,1.4088,172451540.0,1.4088,5.85115065704078,0,Active
Active,IC50,1.41,152735298.0,1.41,5.85078088734462,0,Active
Active,IC50,1.41,118437919.0,1.41,5.85078088734462,0,Active
Active,IC50,1.41,153465887.0,1.41,5.85078088734462,0,Active
Active,IC50,1.41254,145962258.0,1.41254,5.849999245077863,0,Active
Active,IC50,1.416,137319657.0,1.416,5.84893674664625,0,Active
Active,IC50,1.42,170649804.0,1.42,5.847711655616943,0,Active
Active,IC50,1.42,166634957.0,1.42,5.847711655616943,0,Active
Active,IC50,1.43,145959848.0,1.43,5.844663962534939,0,Active
Active,IC50,1.43,155352395.0,1.43,5.844663962534939,0,Active
Active,Ki,1.43,139208206.0,1.43,5.844663962534939,0,Active
Active,IC50,1.434,155461058.0,1.434,5.843450848668219,0,Active
Active,IC50,1.44,145979375.0,1.44,5.841637507904751,0,Active
Active,IC50,1.453,146525013.0,1.453,5.837734385701978,0,Active
Active,IC50,1.47,142296518.0,1.47,5.8326826652518236,0,Active
Active,IC50,1.473,121277983.0,1.473,5.831797253157369,0,Active
Active,IC50,1.477,121278325.0,1.477,5.830619504688051,0,Active
Active,IC50,1.479,121278105.0,1.479,5.830031826003108,0,Active
Active,IC50,1.48,168287159.0,1.48,5.8297382846050425,0,Active
Active,Ki,1.48,163304007.0,1.48,5.8297382846050425,0,Active
Active,IC50,1.481,171347855.0,1.481,5.829444941478791,0,Active
Active,IC50,1.49,127052165.0,1.49,5.826813731587726,0,Active
Active,IC50,1.49,149287176.0,1.49,5.826813731587726,0,Active
Active,IC50,1.493,166139231.0,1.493,5.825940192274975,0,Active
Active,IC50,1.5,155802736.0,1.5,5.823908740944319,0,Active
Active,IC50,1.5,155802740.0,1.5,5.823908740944319,0,Active
Active,IC50,1.5,155802721.0,1.5,5.823908740944319,0,Active
Active,IC50,1.5,155352248.0,1.5,5.823908740944319,0,Active
Active,IC50,1.5,155802739.0,1.5,5.823908740944319,0,Active
Active,IC50,1.5,155520664.0,1.5,5.823908740944319,0,Active
Active,Kd,1.5,129166207.0,1.5,5.823908740944319,0,Active
Active,IC50,1.5,155802716.0,1.5,5.823908740944319,0,Active
Active,IC50,1.5,121237857.0,1.5,5.823908740944319,0,Active
Active,IC50,1.5,138403665.0,1.5,5.823908740944319,0,Active
Active,IC50,1.5,122686347.0,1.5,5.823908740944319,0,Active
Active,IC50,1.5,138403651.0,1.5,5.823908740944319,0,Active
Active,Ki,1.5,71812085.0,1.5,5.823908740944319,0,Active
Active,IC50,1.5,118889411.0,1.5,5.823908740944319,0,Active
Active,IC50,1.5,122688358.0,1.5,5.823908740944319,0,Active
Active,IC50,1.5,155802714.0,1.5,5.823908740944319,0,Active
Active,IC50,1.5,155802707.0,1.5,5.823908740944319,0,Active
Active,IC50,1.5,155802735.0,1.5,5.823908740944319,0,Active
Active,IC50,1.5,137529563.0,1.5,5.823908740944319,0,Active
Active,IC50,1.5,155802719.0,1.5,5.823908740944319,0,Active
Active,IC50,1.5,122688350.0,1.5,5.823908740944319,0,Active
Active,IC50,1.5,137529539.0,1.5,5.823908740944319,0,Active
Active,IC50,1.5,137529596.0,1.5,5.823908740944319,0,Active
Active,IC50,1.5,137529582.0,1.5,5.823908740944319,0,Active
Active,IC50,1.5,137529541.0,1.5,5.823908740944319,0,Active
Active,Ki,1.5,90388178.0,1.5,5.823908740944319,0,Active
Active,IC50,1.5,118201266.0,1.5,5.823908740944319,0,Active
Active,IC50,1.5,153465870.0,1.5,5.823908740944319,0,Active
Active,IC50,1.5,137638824.0,1.5,5.823908740944319,0,Active
Active,IC50,1.5,155802737.0,1.5,5.823908740944319,0,Active
Active,IC50,1.5,53054313.0,1.5,5.823908740944319,0,Active
Active,IC50,1.5,155802717.0,1.5,5.823908740944319,0,Active
Active,IC50,1.5,155802726.0,1.5,5.823908740944319,0,Active
Active,IC50,1.5,155802724.0,1.5,5.823908740944319,0,Active
Active,IC50,1.5,155802711.0,1.5,5.823908740944319,0,Active
Active,IC50,1.5,155802742.0,1.5,5.823908740944319,0,Active
Active,IC50,1.5,155802738.0,1.5,5.823908740944319,0,Active
Active,IC50,1.5,155802741.0,1.5,5.823908740944319,0,Active
Active,IC50,1.5,137529561.0,1.5,5.823908740944319,0,Active
Active,IC50,1.5,122686488.0,1.5,5.823908740944319,0,Active
Active,Kd,1.5,132154360.0,1.5,5.823908740944319,0,Active
Active,IC50,1.5,122694948.0,1.5,5.823908740944319,0,Active
Active,IC50,1.5,122686665.0,1.5,5.823908740944319,0,Active
Active,IC50,1.5,122687149.0,1.5,5.823908740944319,0,Active
Active,Ki,1.5,130345531.0,1.5,5.823908740944319,0,Active
Active,IC50,1.5,118196465.0,1.5,5.823908740944319,0,Active
Active,IC50,1.5,137529520.0,1.5,5.823908740944319,0,Active
Active,IC50,1.5,137529543.0,1.5,5.823908740944319,0,Active
Active,IC50,1.5,118201194.0,1.5,5.823908740944319,0,Active
Active,IC50,1.5,118889526.0,1.5,5.823908740944319,0,Active
Active,IC50,1.5,138403644.0,1.5,5.823908740944319,0,Active
Active,IC50,1.5,122467484.0,1.5,5.823908740944319,0,Active
Active,IC50,1.5,71624786.0,1.5,5.823908740944319,0,Active
Active,IC50,1.5,118196600.0,1.5,5.823908740944319,0,Active
Active,IC50,1.5,137529526.0,1.5,5.823908740944319,0,Active
Active,IC50,1.5,138374972.0,1.5,5.823908740944319,0,Active
Active,IC50,1.5,138374954.0,1.5,5.823908740944319,0,Active
Active,IC50,1.5,122686407.0,1.5,5.823908740944319,0,Active
Active,IC50,1.5,122687400.0,1.5,5.823908740944319,0,Active
Active,IC50,1.5,122694962.0,1.5,5.823908740944319,0,Active
Active,IC50,1.5,138403662.0,1.5,5.823908740944319,0,Active
Active,IC50,1.5,137635792.0,1.5,5.823908740944319,0,Active
Active,IC50,1.5,153465764.0,1.5,5.823908740944319,0,Active
Active,IC50,1.5,121335281.0,1.5,5.823908740944319,0,Active
Active,IC50,1.5,122694863.0,1.5,5.823908740944319,0,Active
Active,IC50,1.5,134485973.0,1.5,5.823908740944319,0,Active
Active,Kd,1.5,175874058.0,1.5,5.823908740944319,0,Active
Active,IC50,1.5,155564453.0,1.5,5.823908740944319,0,Active
Active,IC50,1.51,121373159.0,1.51,5.82102305270683,0,Active
Active,IC50,1.511,121278070.0,1.511,5.820735535660974,0,Active
Active,Ki,1.523,155043546.0,1.523,5.817300096663957,0,Active
Active,IC50,1.529,155511836.0,1.529,5.81559251458768,0,Active
Active,IC50,1.53,142296611.0,1.53,5.815308569182402,0,Active
Active,IC50,1.53,137650788.0,1.53,5.815308569182402,0,Active
Active,IC50,1.53,155926794.0,1.53,5.815308569182402,0,Active
Active,IC50,1.535,117891924.0,1.535,5.813891620186794,0,Active
Active,IC50,1.54,168281952.0,1.54,5.812479279163537,0,Active
Active,IC50,1.54,121373265.0,1.54,5.812479279163537,0,Active
Active,IC50,1.5412,172457670.0,1.5412,5.812140999659037,0,Active
Active,IC50,1.542,153465757.0,1.542,5.811915626285062,0,Active
Active,IC50,1.544,124190490.0,1.544,5.811352704000282,0,Active
Active,IC50,1.55,1581020.0,1.55,5.809668301829708,0,Active
Active,IC50,1.559,171350072.0,1.559,5.807153884811158,0,Active
Active,IC50,1.56,70979369.0,1.56,5.806875401645538,0,Active
Active,IC50,1.569,155516089.0,1.569,5.804377056413063,0,Active
Active,IC50,1.57,155352297.0,1.57,5.804100347590766,0,Active
Active,IC50,1.57,170649801.0,1.57,5.804100347590766,0,Active
Active,IC50,1.57,134457906.0,1.57,5.804100347590766,0,Active
Active,IC50,1.5745,142296568.0,1.5745,5.802857335027437,0,Active
Active,IC50,1.58,153465806.0,1.58,5.801342913045577,0,Active
Active,Ki,1.58,89656125.0,1.58,5.801342913045577,0,Active
Active,IC50,1.58,127030768.0,1.58,5.801342913045577,0,Active
Active,IC50,1.58,126572975.0,1.58,5.801342913045577,0,Active
Active,IC50,1.58489,134306163.0,1.58489,5.800000874803203,0,Active
Active,IC50,1.58489,52932930.0,1.58489,5.800000874803203,0,Active
Active,IC50,1.58489,162661014.0,1.58489,5.800000874803203,0,Active
Active,IC50,1.58489,90667394.0,1.58489,5.800000874803203,0,Active
Active,IC50,1.58489,127026594.0,1.58489,5.800000874803203,0,Active
Active,IC50,1.58489,90667408.0,1.58489,5.800000874803203,0,Active
Active,IC50,1.58489,155532169.0,1.58489,5.800000874803203,0,Active
Active,IC50,1.58489,155563640.0,1.58489,5.800000874803203,0,Active
Active,IC50,1.58489,164618498.0,1.58489,5.800000874803203,0,Active
Inactive,IC50,1.58489,156022246.0,1.58489,5.800000874803203,0,Inactive
Active,IC50,1.58489,155516719.0,1.58489,5.800000874803203,0,Active
Active,IC50,1.58489,134306834.0,1.58489,5.800000874803203,0,Active
Active,IC50,1.58489,164619148.0,1.58489,5.800000874803203,0,Active
Active,IC50,1.58489,168299359.0,1.58489,5.800000874803203,0,Active
Active,IC50,1.58489,162654357.0,1.58489,5.800000874803203,0,Active
Active,Ki,1.58489,156010114.0,1.58489,5.800000874803203,0,Active
Active,IC50,1.58489,122181555.0,1.58489,5.800000874803203,0,Active
Active,IC50,1.58489,162662995.0,1.58489,5.800000874803203,0,Active
Active,IC50,1.58489,164623489.0,1.58489,5.800000874803203,0,Active
Active,IC50,1.58489,168298779.0,1.58489,5.800000874803203,0,Active
Active,IC50,1.58489,162654568.0,1.58489,5.800000874803203,0,Active
Active,IC50,1.58489,145989855.0,1.58489,5.800000874803203,0,Active
Active,IC50,1.58489,126675333.0,1.58489,5.800000874803203,0,Active
Active,IC50,1.58489,162648409.0,1.58489,5.800000874803203,0,Active
Active,IC50,1.58489,118721305.0,1.58489,5.800000874803203,0,Active
Active,IC50,1.58489,164609858.0,1.58489,5.800000874803203,0,Active
Active,IC50,1.58489,52933407.0,1.58489,5.800000874803203,0,Active
Active,IC50,1.58489,145976415.0,1.58489,5.800000874803203,0,Active
Active,IC50,1.58489,134306291.0,1.58489,5.800000874803203,0,Active
Active,IC50,1.58489,164618897.0,1.58489,5.800000874803203,0,Active
Active,IC50,1.586,121278290.0,1.586,5.799696817018415,0,Active
Active,IC50,1.59,141414512.0,1.59,5.798602875679548,0,Active
Active,IC50,1.59,153056270.0,1.59,5.798602875679548,0,Active
Active,IC50,1.6,129046598.0,1.6,5.795880017344075,0,Active
Active,IC50,1.6,118889501.0,1.6,5.795880017344075,0,Active
Active,IC50,1.6,177377439.0,1.6,5.795880017344075,0,Active
Active,IC50,1.6,118078985.0,1.6,5.795880017344075,0,Active
Active,IC50,1.6,147826952.0,1.6,5.795880017344075,0,Active
Active,IC50,1.6,121383058.0,1.6,5.795880017344075,0,Active
Active,IC50,1.6,155545496.0,1.6,5.795880017344075,0,Active
Active,Ki,1.6,86299220.0,1.6,5.795880017344075,0,Active
Active,IC50,1.6,86282861.0,1.6,5.795880017344075,0,Active
Active,IC50,1.6,155556861.0,1.6,5.795880017344075,0,Active
Active,IC50,1.6,141414558.0,1.6,5.795880017344075,0,Active
Active,IC50,1.6,155527566.0,1.6,5.795880017344075,0,Active
Active,IC50,1.6,118079690.0,1.6,5.795880017344075,0,Active
Active,IC50,1.6,118022266.0,1.6,5.795880017344075,0,Active
Active,IC50,1.6,153465925.0,1.6,5.795880017344075,0,Active
Active,IC50,1.6,121335316.0,1.6,5.795880017344075,0,Active
Active,IC50,1.6,137659158.0,1.6,5.795880017344075,0,Active
Active,IC50,1.6,138375230.0,1.6,5.795880017344075,0,Active
Active,IC50,1.6,138375216.0,1.6,5.795880017344075,0,Active
Active,IC50,1.614,139571080.0,1.614,5.7920964696139485,0,Active
Active,IC50,1.62,117841267.0,1.62,5.790484985457369,0,Active
Active,Ki,1.631,155043424.0,1.631,5.787546038959724,0,Active
Active,IC50,1.64,16728036.0,1.64,5.785156151952302,0,Active
Active,IC50,1.645,155523002.0,1.645,5.783834097714007,0,Active
Active,IC50,1.65,16193338.0,1.65,5.782516055786093,0,Active
Active,IC50,1.66,117834640.0,1.66,5.779891911959945,0,Active
Active,IC50,1.67,147647774.0,1.67,5.777283528852417,0,Active
Active,IC50,1.67,127032241.0,1.67,5.777283528852417,0,Active
Active,IC50,1.671,172130895.0,1.671,5.777023550106609,0,Active
Active,IC50,1.6725,154689055.0,1.6725,5.776633873560139,0,Active
Active,IC50,1.68,153465882.0,1.68,5.774690718274137,0,Active
Active,IC50,1.68,121373272.0,1.68,5.774690718274137,0,Active
Active,IC50,1.6843,172460709.0,1.6843,5.773580551351397,0,Active
Active,IC50,1.686,121278087.0,1.686,5.773142429711276,0,Active
Active,IC50,1.686,132070069.0,1.686,5.773142429711276,0,Active
Active,IC50,1.688,20862036.0,1.688,5.772627557710364,0,Active
Active,IC50,1.69,121376821.0,1.69,5.772113295386326,0,Active
Active,IC50,1.69,172459788.0,1.69,5.772113295386326,0,Active
Active,IC50,1.69,121372991.0,1.69,5.772113295386326,0,Active
Active,IC50,1.69,90670355.0,1.69,5.772113295386326,0,Active
Active,IC50,1.696,155528305.0,1.696,5.770574152079305,0,Active
Active,IC50,1.7,118080153.0,1.7,5.769551078621726,0,Active
Active,IC50,1.7,121271842.0,1.7,5.769551078621726,0,Active
Active,Ki,1.7,90032394.0,1.7,5.769551078621726,0,Active
Active,IC50,1.7,118918705.0,1.7,5.769551078621726,0,Active
Active,IC50,1.7,131985884.0,1.7,5.769551078621726,0,Active
Active,IC50,1.7,153025069.0,1.7,5.769551078621726,0,Active
Active,IC50,1.7,148848831.0,1.7,5.769551078621726,0,Active
Active,Ki,1.7,90026512.0,1.7,5.769551078621726,0,Active
Active,IC50,1.7,51063711.0,1.7,5.769551078621726,0,Active
Active,IC50,1.7,71624785.0,1.7,5.769551078621726,0,Active
Active,Ki,1.7,71617334.0,1.7,5.769551078621726,0,Active
Active,Kd,1.7,135565635.0,1.7,5.769551078621726,0,Active
Active,IC50,1.7,134578837.0,1.7,5.769551078621726,0,Active
Active,IC50,1.705,172466377.0,1.705,5.768275616671484,0,Active
Active,IC50,1.71,146525027.0,1.71,5.767003889607846,0,Active
Active,IC50,1.71,172454408.0,1.71,5.767003889607846,0,Active
Active,IC50,1.72,168281853.0,1.72,5.764471553092451,0,Active
Active,IC50,1.72,127034597.0,1.72,5.764471553092451,0,Active
Active,IC50,1.722,121278062.0,1.722,5.763966852882364,0,Active
Active,Ki,1.73,163304005.0,1.73,5.761953896871205,0,Active
Active,IC50,1.734,172439754.0,1.734,5.760950906859809,0,Active
Active,IC50,1.7349,172442358.0,1.7349,5.7607255529767425,0,Active
Active,Kd,1.742,171348647.0,1.742,5.758951849328356,0,Active
Active,IC50,1.753,121271808.0,1.753,5.756218083906205,0,Active
Active,Ki,1.77,71811979.0,1.77,5.752026733638194,0,Active
Active,IC50,1.77,153534004.0,1.77,5.752026733638194,0,Active
Active,IC50,1.777,117892008.0,1.777,5.750312572194699,0,Active
Active,IC50,1.78,153465781.0,1.78,5.749579997691106,0,Active
Active,IC50,1.781,20862024.0,1.781,5.749336080536756,0,Active
Active,Ki,1.79,71811959.0,1.79,5.747146969020107,0,Active
Active,IC50,1.79,155513805.0,1.79,5.747146969020107,0,Active
Active,IC50,1.79,121373579.0,1.79,5.747146969020107,0,Active
Active,IC50,1.8,53054276.0,1.8,5.7447274948966935,0,Active
Active,IC50,1.8,147088461.0,1.8,5.7447274948966935,0,Active
Active,IC50,1.8,170649791.0,1.8,5.7447274948966935,0,Active
Active,IC50,1.8,153465722.0,1.8,5.7447274948966935,0,Active
Active,IC50,1.8,53054325.0,1.8,5.7447274948966935,0,Active
Active,IC50,1.8,129046646.0,1.8,5.7447274948966935,0,Active
Active,IC50,1.8,138375225.0,1.8,5.7447274948966935,0,Active
Active,IC50,1.8,142641556.0,1.8,5.7447274948966935,0,Active
Active,IC50,1.8,146525103.0,1.8,5.7447274948966935,0,Active
Active,IC50,1.8,153465840.0,1.8,5.7447274948966935,0,Active
Active,Ki,1.8,71616417.0,1.8,5.7447274948966935,0,Active
Active,Kd,1.8,112499930.0,1.8,5.7447274948966935,0,Active
Active,IC50,1.8,118270589.0,1.8,5.7447274948966935,0,Active
Active,IC50,1.8,121342523.0,1.8,5.7447274948966935,0,Active
Active,IC50,1.801,121278315.0,1.801,5.744486287180466,0,Active
Active,Ki,1.81,118116607.0,1.81,5.7423214251308154,0,Active
Active,IC50,1.81,19596259.0,1.81,5.7423214251308154,0,Active
Active,IC50,1.81,155535834.0,1.81,5.7423214251308154,0,Active
Active,IC50,1.81,137640120.0,1.81,5.7423214251308154,0,Active
Active,IC50,1.81,155527993.0,1.81,5.7423214251308154,0,Active
Active,IC50,1.81,162514098.0,1.81,5.7423214251308154,0,Active
Active,IC50,1.81,153465892.0,1.81,5.7423214251308154,0,Active
Active,Ki,1.82,71812035.0,1.82,5.739928612014925,0,Active
Active,IC50,1.822,121278049.0,1.822,5.739451627363021,0,Active
Active,IC50,1.827,146525026.0,1.827,5.738261452647462,0,Active
Active,Kd,1.83,177380894.0,1.83,5.73754891026957,0,Active
Active,IC50,1.834,172440088.0,1.834,5.736600668665997,0,Active
Active,IC50,1.84,141414522.0,1.84,5.735182176990463,0,Active
Active,IC50,1.84,117723265.0,1.84,5.735182176990463,0,Active
Active,Ki,1.84,136226509.0,1.84,5.735182176990463,0,Active
Active,IC50,1.85,118889406.0,1.85,5.732828271596986,0,Active
Active,IC50,1.85,118889369.0,1.85,5.732828271596986,0,Active
Active,Ki,1.86,71812113.0,1.86,5.730487055782084,0,Active
Active,IC50,1.862,177380233.0,1.862,5.730020323354676,0,Active
Active,Ki,1.88,71811960.0,1.88,5.72584215073632,0,Active
Active,IC50,1.884,166058977.0,1.884,5.724919101543142,0,Active
Active,IC50,1.885,166058979.0,1.885,5.724688645458189,0,Active
Active,IC50,1.89,172450342.0,1.89,5.723538195826756,0,Active
Active,IC50,1.9,71935082.0,1.9,5.721246399047171,0,Active
Active,IC50,1.9,66553124.0,1.9,5.721246399047171,0,Active
Active,IC50,1.9,138375239.0,1.9,5.721246399047171,0,Active
Active,IC50,1.9,153465804.0,1.9,5.721246399047171,0,Active
Active,Ki,1.9,90019957.0,1.9,5.721246399047171,0,Active
Active,IC50,1.9,166632939.0,1.9,5.721246399047171,0,Active
Active,Kd,1.9,132154359.0,1.9,5.721246399047171,0,Active
Active,IC50,1.9,155528780.0,1.9,5.721246399047171,0,Active
Active,IC50,1.913,166059016.0,1.913,5.718285029972704,0,Active
Active,Kd,1.914,162394695.0,1.914,5.718058066559175,0,Active
Active,IC50,1.929,166058974.0,1.929,5.7146677723561154,0,Active
Active,IC50,1.93,121373009.0,1.93,5.714442690992226,0,Active
Active,IC50,1.93,121372901.0,1.93,5.714442690992226,0,Active
Active,IC50,1.93,153534003.0,1.93,5.714442690992226,0,Active
Active,Kd,1.93,177380893.0,1.93,5.714442690992226,0,Active
Active,IC50,1.934,137651815.0,1.934,5.713543530253017,0,Active
Active,IC50,1.94,118200236.0,1.94,5.7121982700697735,0,Active
Active,IC50,1.94,153465877.0,1.94,5.7121982700697735,0,Active
Active,Ki,1.948,90388075.0,1.948,5.710411047457403,0,Active
Active,Ki,1.95,163304010.0,1.95,5.709965388637482,0,Active
Active,IC50,1.96,15944506.0,1.96,5.707743928643524,0,Active
Active,IC50,1.96,155566209.0,1.96,5.707743928643524,0,Active
Active,IC50,1.97,121372994.0,1.97,5.7055337738384075,0,Active
Active,IC50,1.97,172440464.0,1.97,5.7055337738384075,0,Active
Active,IC50,1.97,172444583.0,1.97,5.7055337738384075,0,Active
Active,IC50,1.98,121372900.0,1.98,5.703334809738469,0,Active
Active,IC50,1.98,153465886.0,1.98,5.703334809738469,0,Active
Active,IC50,1.98,138805951.0,1.98,5.703334809738469,0,Active
Active,IC50,1.99,135398123.0,1.99,5.701146923590294,0,Active
Active,IC50,1.99,121376886.0,1.99,5.701146923590294,0,Active
Active,IC50,1.99526,162677121.0,1.99526,5.700000503883016,0,Active
Active,IC50,1.99526,138707811.0,1.99526,5.700000503883016,0,Active
Active,IC50,1.99526,122180561.0,1.99526,5.700000503883016,0,Active
Active,IC50,1.99526,177647185.0,1.99526,5.700000503883016,0,Active
Active,IC50,1.99526,164620048.0,1.99526,5.700000503883016,0,Active
Active,IC50,1.99526,164612975.0,1.99526,5.700000503883016,0,Active
Active,IC50,1.99526,145981045.0,1.99526,5.700000503883016,0,Active
Active,IC50,1.99526,123870588.0,1.99526,5.700000503883016,0,Active
Active,IC50,1.99526,90667393.0,1.99526,5.700000503883016,0,Active
Active,IC50,1.99526,156021091.0,1.99526,5.700000503883016,0,Active
Active,IC50,1.99526,162655928.0,1.99526,5.700000503883016,0,Active
Active,IC50,1.99526,122179615.0,1.99526,5.700000503883016,0,Active
Active,IC50,1.99526,164627250.0,1.99526,5.700000503883016,0,Active
Active,IC50,1.99526,162659616.0,1.99526,5.700000503883016,0,Active
Active,IC50,1.99526,1511198.0,1.99526,5.700000503883016,0,Active
Active,IC50,1.99526,156021600.0,1.99526,5.700000503883016,0,Active
Active,IC50,1.99526,162661060.0,1.99526,5.700000503883016,0,Active
Active,IC50,1.99526,90667418.0,1.99526,5.700000503883016,0,Active
Active,Ki,1.99526,164614980.0,1.99526,5.700000503883016,0,Active
Active,IC50,1.99526,156012481.0,1.99526,5.700000503883016,0,Active
Active,IC50,1.99526,164615223.0,1.99526,5.700000503883016,0,Active
Active,IC50,1.99526,155530439.0,1.99526,5.700000503883016,0,Active
Active,IC50,1.996,75201755.0,1.996,5.699839463048647,0,Active
Active,IC50,2.0,54759170.0,2.0,5.698970004336019,0,Active
Active,IC50,2.0,137642411.0,2.0,5.698970004336019,0,Active
Active,IC50,2.0,137348598.0,2.0,5.698970004336019,0,Active
Active,Kd,2.0,132186469.0,2.0,5.698970004336019,0,Active
Active,IC50,2.0,118889412.0,2.0,5.698970004336019,0,Active
Active,IC50,2.0,153465729.0,2.0,5.698970004336019,0,Active
Active,IC50,2.0,118889605.0,2.0,5.698970004336019,0,Active
Unspecified,IC50,2.0,139341588.0,2.0,5.698970004336019,0,Inactive
Active,IC50,2.0,53054250.0,2.0,5.698970004336019,0,Active
Active,IC50,2.01,8781434.0,2.01,5.696803942579511,0,Active
Active,IC50,2.01,124182259.0,2.01,5.696803942579511,0,Active
Active,IC50,2.017,172637381.0,2.017,5.695294101787234,0,Active
Active,IC50,2.02,121373074.0,2.02,5.694648630553377,0,Active
Active,IC50,2.037,166139134.0,2.037,5.691008970999836,0,Active
Active,IC50,2.05,30342991.0,2.05,5.688246138944246,0,Active
Active,IC50,2.05,117841263.0,2.05,5.688246138944246,0,Active
Active,IC50,2.06,118732061.0,2.06,5.686132779630847,0,Active
Active,IC50,2.08,162526532.0,2.08,5.681936665037238,0,Active
Active,IC50,2.08,121427801.0,2.08,5.681936665037238,0,Active
Active,IC50,2.08,121373793.0,2.08,5.681936665037238,0,Active
Active,IC50,2.089,86281607.0,2.089,5.680061560019691,0,Active
Active,IC50,2.092,137319656.0,2.092,5.679438319804763,0,Active
Active,IC50,2.1,57389114.0,2.1,5.6777807052660805,0,Active
Active,IC50,2.1,153465891.0,2.1,5.6777807052660805,0,Active
Active,IC50,2.1,70979130.0,2.1,5.6777807052660805,0,Active
Active,IC50,2.1,138375211.0,2.1,5.6777807052660805,0,Active
Active,IC50,2.1,1895574.0,2.1,5.6777807052660805,0,Active
Active,IC50,2.1,155525718.0,2.1,5.6777807052660805,0,Active
Active,IC50,2.1,2841849.0,2.1,5.6777807052660805,0,Active
Active,IC50,2.1,3900479.0,2.1,5.6777807052660805,0,Active
Active,IC50,2.1,138375191.0,2.1,5.6777807052660805,0,Active
Active,IC50,2.11,121372990.0,2.11,5.675717544702307,0,Active
Active,IC50,2.111,121278072.0,2.111,5.675511766692344,0,Active
Active,IC50,2.114,153465835.0,2.114,5.674895017028593,0,Active
Active,IC50,2.117,171358553.0,2.117,5.674279141980588,0,Active
Active,IC50,2.12,121372866.0,2.12,5.673664139071248,0,Active
Active,IC50,2.12,146525105.0,2.12,5.673664139071248,0,Active
Active,IC50,2.12,145950283.0,2.12,5.673664139071248,0,Active
Active,IC50,2.128,121271715.0,2.128,5.672028376376989,0,Active
Active,IC50,2.13,162671626.0,2.13,5.671620396561262,0,Active
Active,IC50,2.13,121373354.0,2.13,5.671620396561262,0,Active
Active,IC50,2.134,156775111.0,2.134,5.670805584911549,0,Active
Active,IC50,2.139,118284116.0,2.139,5.669789215428472,0,Active
Active,IC50,2.14,121372619.0,2.14,5.669586226650809,0,Active
Active,IC50,2.15,164619249.0,2.15,5.667561540084395,0,Active
Active,IC50,2.169,166058996.0,2.169,5.6637404479858064,0,Active
Active,IC50,2.169,44181600.0,2.169,5.6637404479858064,0,Active
Active,IC50,2.172,127049631.0,2.172,5.66314017908319,0,Active
Active,IC50,2.176,121278074.0,2.176,5.662341108973858,0,Active
Active,IC50,2.18,121373352.0,2.18,5.661543506395395,0,Active
Active,Ki,2.182,90388046.0,2.182,5.6611452537476765,0,Active
Active,IC50,2.19,153534008.0,2.19,5.6595558851598815,0,Active
Active,IC50,2.19,145958595.0,2.19,5.6595558851598815,0,Active
Active,IC50,2.2,137643978.0,2.2,5.657577319177793,0,Active
Active,IC50,2.2,153465927.0,2.2,5.657577319177793,0,Active
Active,IC50,2.2,91826321.0,2.2,5.657577319177793,0,Active
Active,IC50,2.2,71661885.0,2.2,5.657577319177793,0,Active
Active,Ki,2.2,170556534.0,2.2,5.657577319177793,0,Active
Active,IC50,2.2,121373072.0,2.2,5.657577319177793,0,Active
Active,Kd,2.2,162640908.0,2.2,5.657577319177793,0,Active
Active,IC50,2.2,118889500.0,2.2,5.657577319177793,0,Active
Active,Ki,2.2,71812084.0,2.2,5.657577319177793,0,Active
Active,IC50,2.2,121372993.0,2.2,5.657577319177793,0,Active
Active,Ki,2.2,137653121.0,2.2,5.657577319177793,0,Active
Active,IC50,2.2,121373014.0,2.2,5.657577319177793,0,Active
Active,Kd,2.2,162645225.0,2.2,5.657577319177793,0,Active
Active,IC50,2.217,121278205.0,2.217,5.654234306885511,0,Active
Active,IC50,2.218,121271713.0,2.218,5.654038458186859,0,Active
Active,IC50,2.226,155555122.0,2.226,5.652474840001311,0,Active
Active,IC50,2.229,118547303.0,2.229,5.651889931519762,0,Active
Active,IC50,2.23,124190307.0,2.23,5.651695136951839,0,Active
Active,IC50,2.23,172457178.0,2.23,5.651695136951839,0,Active
Active,IC50,2.233,172637378.0,2.233,5.651111276928562,0,Active
Active,IC50,2.23872,145960723.0,2.23872,5.650000220873455,0,Active
Active,IC50,2.24,141414499.0,2.24,5.649751981665837,0,Active
Active,IC50,2.25,172441934.0,2.25,5.647817481888637,0,Active
Active,IC50,2.25,155534471.0,2.25,5.647817481888637,0,Active
Active,IC50,2.252,139558254.0,2.252,5.647431613820691,0,Active
Active,IC50,2.254,121277875.0,2.254,5.647046088289912,0,Active
Active,IC50,2.255,121278203.0,2.255,5.64685345378602,0,Active
Active,IC50,2.257,121278132.0,2.257,5.646468440922238,0,Active
Active,IC50,2.26,118732060.0,2.26,5.645891560852599,0,Active
Active,IC50,2.26,172458205.0,2.26,5.645891560852599,0,Active
Active,IC50,2.265,166059006.0,2.265,5.644931793651149,0,Active
Active,IC50,2.27,145950376.0,2.27,5.6439741428068775,0,Active
Active,IC50,2.27,134159770.0,2.27,5.6439741428068775,0,Active
Active,IC50,2.28,121424080.0,2.28,5.642065152999546,0,Active
Active,IC50,2.28,1069081.0,2.28,5.642065152999546,0,Active
Active,IC50,2.29,105539841.0,2.29,5.640164517660112,0,Active
Active,IC50,2.3,86282585.0,2.3,5.638272163982407,0,Active
Active,IC50,2.3,121335312.0,2.3,5.638272163982407,0,Active
Active,IC50,2.3,71272605.0,2.3,5.638272163982407,0,Active
Active,IC50,2.3,86282722.0,2.3,5.638272163982407,0,Active
Active,IC50,2.3,137635443.0,2.3,5.638272163982407,0,Active
Active,IC50,2.3,118889574.0,2.3,5.638272163982407,0,Active
Active,IC50,2.3,130311559.0,2.3,5.638272163982407,0,Active
Active,IC50,2.3,138375238.0,2.3,5.638272163982407,0,Active
Active,Ki,2.31,136224171.0,2.31,5.636388020107856,0,Active
Active,IC50,2.314,121277642.0,2.314,5.6356366453842694,0,Active
Active,IC50,2.32,153465859.0,2.32,5.634512015109101,0,Active
Active,IC50,2.324,121278075.0,2.324,5.633763876281707,0,Active
Active,IC50,2.326,171350163.0,2.326,5.63339028960757,0,Active
Active,Kd,2.33,177382793.0,2.33,5.632644078973981,0,Active
Active,IC50,2.33,44816274.0,2.33,5.632644078973981,0,Active
Active,IC50,2.33,121373263.0,2.33,5.632644078973981,0,Active
Active,IC50,2.33,134578818.0,2.33,5.632644078973981,0,Active
Active,IC50,2.33,118889632.0,2.33,5.632644078973981,0,Active
Active,IC50,2.34,121372890.0,2.34,5.6307841425898575,0,Active
Active,IC50,2.34,168274898.0,2.34,5.6307841425898575,0,Active
Active,IC50,2.34,121373158.0,2.34,5.6307841425898575,0,Active
Active,Kd,2.34,90654872.0,2.34,5.6307841425898575,0,Active
Active,IC50,2.34,121372998.0,2.34,5.6307841425898575,0,Active
Active,IC50,2.35,141414557.0,2.35,5.628932137728263,0,Active
Active,IC50,2.357,166059019.0,2.357,5.627640417475676,0,Active
Active,IC50,2.36,172461173.0,2.36,5.627087997029894,0,Active
Active,IC50,2.36,121373167.0,2.36,5.627087997029894,0,Active
Active,IC50,2.36,147292787.0,2.36,5.627087997029894,0,Active
Active,IC50,2.36,172467082.0,2.36,5.627087997029894,0,Active
Unspecified,Ki,2.38,118116827.0,2.38,5.623423042943488,0,Inactive
Active,IC50,2.38,134457696.0,2.38,5.623423042943488,0,Active
Active,Ki,2.39,136226513.0,2.39,5.621602099051862,0,Active
Active,IC50,2.39,153465916.0,2.39,5.621602099051862,0,Active
Active,IC50,2.4,155352364.0,2.4,5.619788758288394,0,Active
Active,IC50,2.4,155352348.0,2.4,5.619788758288394,0,Active
Active,IC50,2.4,71661709.0,2.4,5.619788758288394,0,Active
Active,IC50,2.4,53054297.0,2.4,5.619788758288394,0,Active
Active,IC50,2.4,155531469.0,2.4,5.619788758288394,0,Active
Active,IC50,2.4,155563724.0,2.4,5.619788758288394,0,Active
Active,Ki,2.4,11999501.0,2.4,5.619788758288394,0,Active
Active,IC50,2.4,155352314.0,2.4,5.619788758288394,0,Active
Active,IC50,2.4,155352406.0,2.4,5.619788758288394,0,Active
Active,IC50,2.4,168273561.0,2.4,5.619788758288394,0,Active
Unspecified,Ki,2.4,89656100.0,2.4,5.619788758288394,0,Inactive
Active,Kd,2.4,177380780.0,2.4,5.619788758288394,0,Active
Active,IC50,2.41,121373776.0,2.41,5.617982957425132,0,Active
Active,IC50,2.41,155551883.0,2.41,5.617982957425132,0,Active
Active,IC50,2.42,164614401.0,2.42,5.616184634019569,0,Active
Active,IC50,2.43,5860882.0,2.43,5.614393726401688,0,Active
Active,IC50,2.436,155564647.0,2.436,5.613322716039162,0,Active
Active,IC50,2.436,168281359.0,2.436,5.613322716039162,0,Active
Active,IC50,2.45,121376897.0,2.45,5.610833915635467,0,Active
Active,IC50,2.4561,123291080.0,2.4561,5.609753954890778,0,Active
Active,Kd,2.46,2118.0,2.46,5.609064892896621,0,Active
Active,IC50,2.46,121372690.0,2.46,5.609064892896621,0,Active
Active,IC50,2.463,139571040.0,2.463,5.608535588160897,0,Active
Active,Ki,2.47,71812114.0,2.47,5.607303046740334,0,Active
Active,IC50,2.47,141414549.0,2.47,5.607303046740334,0,Active
Active,IC50,2.47,137637084.0,2.47,5.607303046740334,0,Active
Active,IC50,2.47,121373164.0,2.47,5.607303046740334,0,Active
Active,IC50,2.47,170649753.0,2.47,5.607303046740334,0,Active
Active,IC50,2.471,121277994.0,2.471,5.607127254597921,0,Active
Active,IC50,2.48,89657555.0,2.48,5.605548319173784,0,Active
Active,IC50,2.48,121372607.0,2.48,5.605548319173784,0,Active
Active,IC50,2.487,132070065.0,2.487,5.604324214730064,0,Active
Active,IC50,2.49,121373163.0,2.49,5.603800652904264,0,Active
Active,Ki,2.49,71811953.0,2.49,5.603800652904264,0,Active
Active,IC50,2.49,137161573.0,2.49,5.603800652904264,0,Active
Active,Kd,2.49,177382792.0,2.49,5.603800652904264,0,Active
Active,IC50,2.5,5169.0,2.5,5.6020599913279625,0,Active
Active,IC50,2.5,119081691.0,2.5,5.6020599913279625,0,Active
Active,IC50,2.5,56950420.0,2.5,5.6020599913279625,0,Active
Active,IC50,2.5,71661710.0,2.5,5.6020599913279625,0,Active
Active,IC50,2.5,86282725.0,2.5,5.6020599913279625,0,Active
Active,IC50,2.5,132186523.0,2.5,5.6020599913279625,0,Active
Active,IC50,2.5,1253361.0,2.5,5.6020599913279625,0,Active
Active,IC50,2.5,73355395.0,2.5,5.6020599913279625,0,Active
Active,IC50,2.5,18536630.0,2.5,5.6020599913279625,0,Active
Active,IC50,2.5,86282584.0,2.5,5.6020599913279625,0,Active
Active,Ki,2.5,137636712.0,2.5,5.6020599913279625,0,Active
Active,IC50,2.51189,162660461.0,2.51189,5.59999938302362,0,Active
Active,IC50,2.51189,132289425.0,2.51189,5.59999938302362,0,Active
Active,IC50,2.51189,155564034.0,2.51189,5.59999938302362,0,Active
Active,IC50,2.51189,156019914.0,2.51189,5.59999938302362,0,Active
Active,IC50,2.51189,118719876.0,2.51189,5.59999938302362,0,Active
Active,IC50,2.51189,134315998.0,2.51189,5.59999938302362,0,Active
Active,IC50,2.51189,162661761.0,2.51189,5.59999938302362,0,Active
Active,IC50,2.51189,164623521.0,2.51189,5.59999938302362,0,Active
Active,IC50,2.51189,156018488.0,2.51189,5.59999938302362,0,Active
Active,IC50,2.51189,162657412.0,2.51189,5.59999938302362,0,Active
Active,IC50,2.51189,72201024.0,2.51189,5.59999938302362,0,Active
Active,IC50,2.51189,162652853.0,2.51189,5.59999938302362,0,Active
Active,IC50,2.51189,134308362.0,2.51189,5.59999938302362,0,Active
Active,IC50,2.51189,135323983.0,2.51189,5.59999938302362,0,Active
Active,IC50,2.51189,91668540.0,2.51189,5.59999938302362,0,Active
Active,IC50,2.51189,91827383.0,2.51189,5.59999938302362,0,Active
Active,IC50,2.51189,145966845.0,2.51189,5.59999938302362,0,Active
Active,IC50,2.51189,164625852.0,2.51189,5.59999938302362,0,Active
Active,IC50,2.51189,162673701.0,2.51189,5.59999938302362,0,Active
Active,IC50,2.51189,127025979.0,2.51189,5.59999938302362,0,Active
Active,IC50,2.51189,145966639.0,2.51189,5.59999938302362,0,Active
Active,IC50,2.51189,164622846.0,2.51189,5.59999938302362,0,Active
Active,IC50,2.51189,156613431.0,2.51189,5.59999938302362,0,Active
Active,IC50,2.512,121278167.0,2.512,5.599980364934842,0,Active
Active,IC50,2.514,171342251.0,2.514,5.599634726650061,0,Active
Active,IC50,2.52,121372675.0,2.52,5.598599459218456,0,Active
Active,IC50,2.52,121372610.0,2.52,5.598599459218456,0,Active
Active,IC50,2.537,121278169.0,2.537,5.595679532778269,0,Active
Active,IC50,2.54,121373599.0,2.54,5.5951662833800615,0,Active
Active,IC50,2.55,122467469.0,2.55,5.5934598195660445,0,Active
Active,IC50,2.55,141414556.0,2.55,5.5934598195660445,0,Active
Active,IC50,2.55,155535585.0,2.55,5.5934598195660445,0,Active
Active,IC50,2.568,118540010.0,2.568,5.590404980603184,0,Active
Active,IC50,2.571,121278173.0,2.571,5.58989792335714,0,Active
Active,IC50,2.574,121278319.0,2.574,5.589391457431632,0,Active
Active,IC50,2.579,145975649.0,2.579,5.588548657862063,0,Active
Active,IC50,2.58,126572980.0,2.58,5.58838029403677,0,Active
Active,IC50,2.58,105539836.0,2.58,5.58838029403677,0,Active
Active,IC50,2.598,121278206.0,2.598,5.585360853262991,0,Active
Active,IC50,2.598,155516938.0,2.598,5.585360853262991,0,Active
Active,IC50,2.6,53054248.0,2.6,5.585026652029182,0,Active
Active,IC50,2.6,135126537.0,2.6,5.585026652029182,0,Active
Active,IC50,2.6,71661708.0,2.6,5.585026652029182,0,Active
Active,IC50,2.6,138375189.0,2.6,5.585026652029182,0,Active
Active,IC50,2.6,155556713.0,2.6,5.585026652029182,0,Active
Active,IC50,2.6,155352283.0,2.6,5.585026652029182,0,Active
Active,IC50,2.6,71624896.0,2.6,5.585026652029182,0,Active
Active,IC50,2.6,71664046.0,2.6,5.585026652029182,0,Active
Active,Kd,2.6,129165821.0,2.6,5.585026652029182,0,Active
Active,IC50,2.6,134578824.0,2.6,5.585026652029182,0,Active
Active,IC50,2.6,56924692.0,2.6,5.585026652029182,0,Active
Active,IC50,2.61,121373344.0,2.61,5.583359492661719,0,Active
Active,IC50,2.626,121277879.0,2.626,5.58070527824654,0,Active
Active,IC50,2.63,121373154.0,2.63,5.580044251510242,0,Active
Active,IC50,2.63,121373224.0,2.63,5.580044251510242,0,Active
Active,IC50,2.63,121372898.0,2.63,5.580044251510242,0,Active
Active,IC50,2.64,121373150.0,2.64,5.578396073130169,0,Active
Active,IC50,2.64,136577469.0,2.64,5.578396073130169,0,Active
Active,IC50,2.65,121373235.0,2.65,5.576754126063192,0,Active
Active,IC50,2.65,171357334.0,2.65,5.576754126063192,0,Active
Active,IC50,2.65,121372987.0,2.65,5.576754126063192,0,Active
Active,IC50,2.654,156790239.0,2.654,5.576099081471583,0,Active
Active,Kd,2.66,166629264.0,2.66,5.575118363368933,0,Active
Active,IC50,2.668,139558319.0,2.668,5.573814174755489,0,Active
Active,IC50,2.671,132070059.0,2.671,5.573326111978627,0,Active
Active,IC50,2.68,149079571.0,2.68,5.5718652059712115,0,Active
Active,IC50,2.7,129046569.0,2.7,5.568636235841012,0,Active
Active,Ki,2.7,71811955.0,2.7,5.568636235841012,0,Active
Active,IC50,2.7,138375195.0,2.7,5.568636235841012,0,Active
Active,IC50,2.7,121372689.0,2.7,5.568636235841012,0,Active
Active,IC50,2.7,146037609.0,2.7,5.568636235841012,0,Active
Active,IC50,2.7,166629703.0,2.7,5.568636235841012,0,Active
Active,IC50,2.7,132503236.0,2.7,5.568636235841012,0,Active
Active,IC50,2.7,137643020.0,2.7,5.568636235841012,0,Active
Active,IC50,2.703,141508015.0,2.703,5.568153954301275,0,Active
Active,IC50,2.72,121373356.0,2.72,5.565431095965801,0,Active
Active,IC50,2.72,147028617.0,2.72,5.565431095965801,0,Active
Active,IC50,2.72,121373233.0,2.72,5.565431095965801,0,Active
Active,IC50,2.726,121278186.0,2.726,5.564474148501345,0,Active
Active,IC50,2.729,121278126.0,2.729,5.563996464330104,0,Active
Active,IC50,2.73,145989646.0,2.73,5.5638373529592435,0,Active
Active,IC50,2.74,134142603.0,2.74,5.562249437179612,0,Active
Active,IC50,2.74,121373202.0,2.74,5.562249437179612,0,Active
Active,IC50,2.7405,168279916.0,2.7405,5.562170193591781,0,Active
Active,IC50,2.742,132070055.0,2.742,5.561932549546506,0,Active
Active,IC50,2.75,138961801.0,2.75,5.560667306169737,0,Active
Active,IC50,2.75,146596147.0,2.75,5.560667306169737,0,Active
Active,IC50,2.75,118021878.0,2.75,5.560667306169737,0,Active
Active,IC50,2.75,118022321.0,2.75,5.560667306169737,0,Active
Active,IC50,2.75,123922024.0,2.75,5.560667306169737,0,Active
Active,IC50,2.75,118027849.0,2.75,5.560667306169737,0,Active
Active,IC50,2.75,123982512.0,2.75,5.560667306169737,0,Active
Active,IC50,2.75,118022428.0,2.75,5.560667306169737,0,Active
Active,IC50,2.75,118022108.0,2.75,5.560667306169737,0,Active
Active,IC50,2.75,118021820.0,2.75,5.560667306169737,0,Active
Active,IC50,2.75,118022119.0,2.75,5.560667306169737,0,Active
Active,IC50,2.75,118021684.0,2.75,5.560667306169737,0,Active
Active,IC50,2.75,118022313.0,2.75,5.560667306169737,0,Active
Active,IC50,2.75,132028447.0,2.75,5.560667306169737,0,Active
Active,IC50,2.75,123341761.0,2.75,5.560667306169737,0,Active
Active,IC50,2.75,123482135.0,2.75,5.560667306169737,0,Active
Active,IC50,2.75,118074136.0,2.75,5.560667306169737,0,Active
Active,IC50,2.75,123784048.0,2.75,5.560667306169737,0,Active
Active,IC50,2.75,118022230.0,2.75,5.560667306169737,0,Active
Active,IC50,2.75,123299990.0,2.75,5.560667306169737,0,Active
Active,IC50,2.75,146599927.0,2.75,5.560667306169737,0,Active
Active,IC50,2.75,118027827.0,2.75,5.560667306169737,0,Active
Active,IC50,2.75,118027873.0,2.75,5.560667306169737,0,Active
Active,IC50,2.75,123775816.0,2.75,5.560667306169737,0,Active
Active,IC50,2.75,118021856.0,2.75,5.560667306169737,0,Active
Active,IC50,2.75,118022657.0,2.75,5.560667306169737,0,Active
Active,IC50,2.75,123231534.0,2.75,5.560667306169737,0,Active
Active,IC50,2.75,118021689.0,2.75,5.560667306169737,0,Active
Active,IC50,2.75,123249618.0,2.75,5.560667306169737,0,Active
Active,IC50,2.75,123408859.0,2.75,5.560667306169737,0,Active
Active,IC50,2.75,148255387.0,2.75,5.560667306169737,0,Active
Active,IC50,2.75,156600935.0,2.75,5.560667306169737,0,Active
Active,IC50,2.75,124012402.0,2.75,5.560667306169737,0,Active
Active,IC50,2.75,146599904.0,2.75,5.560667306169737,0,Active
Active,IC50,2.75,118022283.0,2.75,5.560667306169737,0,Active
Active,IC50,2.75,118021599.0,2.75,5.560667306169737,0,Active
Active,IC50,2.75,135355242.0,2.75,5.560667306169737,0,Active
Active,IC50,2.75,123204517.0,2.75,5.560667306169737,0,Active
Active,IC50,2.75,118021983.0,2.75,5.560667306169737,0,Active
Active,IC50,2.75,118022305.0,2.75,5.560667306169737,0,Active
Active,IC50,2.75,118022338.0,2.75,5.560667306169737,0,Active
Active,IC50,2.75,118027856.0,2.75,5.560667306169737,0,Active
Active,IC50,2.75,123351635.0,2.75,5.560667306169737,0,Active
Active,IC50,2.75,118021501.0,2.75,5.560667306169737,0,Active
Active,IC50,2.75,146600167.0,2.75,5.560667306169737,0,Active
Active,IC50,2.75,118022095.0,2.75,5.560667306169737,0,Active
Active,IC50,2.75,118021324.0,2.75,5.560667306169737,0,Active
Active,IC50,2.75,123419348.0,2.75,5.560667306169737,0,Active
Active,IC50,2.75,123316344.0,2.75,5.560667306169737,0,Active
Active,IC50,2.75,118022121.0,2.75,5.560667306169737,0,Active
Active,IC50,2.75,118022550.0,2.75,5.560667306169737,0,Active
Active,IC50,2.75,118021896.0,2.75,5.560667306169737,0,Active
Active,IC50,2.75,118021622.0,2.75,5.560667306169737,0,Active
Active,IC50,2.75,132032898.0,2.75,5.560667306169737,0,Active
Active,IC50,2.75,118022203.0,2.75,5.560667306169737,0,Active
Active,IC50,2.75,123528365.0,2.75,5.560667306169737,0,Active
Active,IC50,2.75,118021990.0,2.75,5.560667306169737,0,Active
Active,IC50,2.75,146596078.0,2.75,5.560667306169737,0,Active
Active,IC50,2.75,118027826.0,2.75,5.560667306169737,0,Active
Active,IC50,2.75,123424450.0,2.75,5.560667306169737,0,Active
Active,IC50,2.75,118021940.0,2.75,5.560667306169737,0,Active
Active,IC50,2.75,118021855.0,2.75,5.560667306169737,0,Active
Active,IC50,2.75,118021502.0,2.75,5.560667306169737,0,Active
Active,IC50,2.75,10377377.0,2.75,5.560667306169737,0,Active
Active,IC50,2.75,118021903.0,2.75,5.560667306169737,0,Active
Active,IC50,2.75,123745896.0,2.75,5.560667306169737,0,Active
Active,IC50,2.75,118021141.0,2.75,5.560667306169737,0,Active
Active,IC50,2.75,118021598.0,2.75,5.560667306169737,0,Active
Active,IC50,2.75,118021979.0,2.75,5.560667306169737,0,Active
Active,IC50,2.75,146534191.0,2.75,5.560667306169737,0,Active
Active,IC50,2.75,118022437.0,2.75,5.560667306169737,0,Active
Active,IC50,2.75,118021911.0,2.75,5.560667306169737,0,Active
Active,IC50,2.75,118021459.0,2.75,5.560667306169737,0,Active
Active,IC50,2.75,118021794.0,2.75,5.560667306169737,0,Active
Active,IC50,2.75,118022135.0,2.75,5.560667306169737,0,Active
Active,IC50,2.75,123555380.0,2.75,5.560667306169737,0,Active
Active,IC50,2.75,118021572.0,2.75,5.560667306169737,0,Active
Active,IC50,2.75,135355645.0,2.75,5.560667306169737,0,Active
Active,IC50,2.75,146600163.0,2.75,5.560667306169737,0,Active
Active,IC50,2.75,135355431.0,2.75,5.560667306169737,0,Active
Active,IC50,2.75,118022534.0,2.75,5.560667306169737,0,Active
Active,IC50,2.75,118021513.0,2.75,5.560667306169737,0,Active
Active,IC50,2.75,118021589.0,2.75,5.560667306169737,0,Active
Active,IC50,2.75,118021943.0,2.75,5.560667306169737,0,Active
Active,IC50,2.75,118022332.0,2.75,5.560667306169737,0,Active
Active,IC50,2.75,118022001.0,2.75,5.560667306169737,0,Active
Active,IC50,2.75,118021884.0,2.75,5.560667306169737,0,Active
Active,IC50,2.75,118021489.0,2.75,5.560667306169737,0,Active
Active,IC50,2.75,118021552.0,2.75,5.560667306169737,0,Active
Active,IC50,2.75,118021612.0,2.75,5.560667306169737,0,Active
Active,IC50,2.75,118021604.0,2.75,5.560667306169737,0,Active
Active,IC50,2.75,118022320.0,2.75,5.560667306169737,0,Active
Active,IC50,2.75,118021967.0,2.75,5.560667306169737,0,Active
Active,IC50,2.75,118020757.0,2.75,5.560667306169737,0,Active
Active,IC50,2.75,118022033.0,2.75,5.560667306169737,0,Active
Active,IC50,2.75,118022107.0,2.75,5.560667306169737,0,Active
Active,IC50,2.75,118021813.0,2.75,5.560667306169737,0,Active
Active,IC50,2.75,118023108.0,2.75,5.560667306169737,0,Active
Active,IC50,2.75,122633972.0,2.75,5.560667306169737,0,Active
Active,IC50,2.75,118022009.0,2.75,5.560667306169737,0,Active
Active,IC50,2.75,118021372.0,2.75,5.560667306169737,0,Active
Active,IC50,2.75,118021804.0,2.75,5.560667306169737,0,Active
Active,IC50,2.75,118021349.0,2.75,5.560667306169737,0,Active
Active,IC50,2.75,122633877.0,2.75,5.560667306169737,0,Active
Active,IC50,2.75,118022143.0,2.75,5.560667306169737,0,Active
Active,IC50,2.75,118021864.0,2.75,5.560667306169737,0,Active
Active,IC50,2.75,123366115.0,2.75,5.560667306169737,0,Active
Active,IC50,2.75,118022063.0,2.75,5.560667306169737,0,Active
Active,IC50,2.75,118022654.0,2.75,5.560667306169737,0,Active
Active,IC50,2.75,118021933.0,2.75,5.560667306169737,0,Active
Active,IC50,2.75,118021488.0,2.75,5.560667306169737,0,Active
Active,IC50,2.75,123434871.0,2.75,5.560667306169737,0,Active
Active,IC50,2.75,123512021.0,2.75,5.560667306169737,0,Active
Active,IC50,2.75,123638039.0,2.75,5.560667306169737,0,Active
Active,IC50,2.75,123399264.0,2.75,5.560667306169737,0,Active
Active,IC50,2.75,118021443.0,2.75,5.560667306169737,0,Active
Active,IC50,2.75,135355226.0,2.75,5.560667306169737,0,Active
Active,IC50,2.75,123380235.0,2.75,5.560667306169737,0,Active
Active,IC50,2.75,118021549.0,2.75,5.560667306169737,0,Active
Active,IC50,2.75,118022314.0,2.75,5.560667306169737,0,Active
Active,IC50,2.75,118027854.0,2.75,5.560667306169737,0,Active
Active,IC50,2.75,118021630.0,2.75,5.560667306169737,0,Active
Active,IC50,2.75,118022050.0,2.75,5.560667306169737,0,Active
Active,IC50,2.75,118022387.0,2.75,5.560667306169737,0,Active
Active,IC50,2.75,123295360.0,2.75,5.560667306169737,0,Active
Active,IC50,2.75,118022363.0,2.75,5.560667306169737,0,Active
Active,IC50,2.75,123623525.0,2.75,5.560667306169737,0,Active
Active,IC50,2.75,123870247.0,2.75,5.560667306169737,0,Active
Active,IC50,2.75,123317754.0,2.75,5.560667306169737,0,Active
Active,IC50,2.75,123743061.0,2.75,5.560667306169737,0,Active
Active,IC50,2.75,118022036.0,2.75,5.560667306169737,0,Active
Active,IC50,2.75,122633741.0,2.75,5.560667306169737,0,Active
Active,IC50,2.75,146599936.0,2.75,5.560667306169737,0,Active
Active,IC50,2.75,123510173.0,2.75,5.560667306169737,0,Active
Active,IC50,2.75,118021819.0,2.75,5.560667306169737,0,Active
Active,IC50,2.75,118022587.0,2.75,5.560667306169737,0,Active
Active,IC50,2.75,118021867.0,2.75,5.560667306169737,0,Active
Active,IC50,2.75,123925139.0,2.75,5.560667306169737,0,Active
Active,IC50,2.75,3499770.0,2.75,5.560667306169737,0,Active
Active,IC50,2.75,118022133.0,2.75,5.560667306169737,0,Active
Active,IC50,2.76,117834605.0,2.76,5.559090917934783,0,Active
Active,Ki,2.76,71811995.0,2.76,5.559090917934783,0,Active
Active,IC50,2.761,121278123.0,2.761,5.558933593360737,0,Active
Active,IC50,2.77,146524812.0,2.77,5.557520230935552,0,Active
Active,IC50,2.77,121372685.0,2.77,5.557520230935552,0,Active
Active,IC50,2.778,132070072.0,2.778,5.556267758598403,0,Active
Active,IC50,2.78,121372614.0,2.78,5.555955204081924,0,Active
Active,IC50,2.78,155352365.0,2.78,5.555955204081924,0,Active
Active,Ki,2.79,136174611.0,2.79,5.554395796726403,0,Active
Active,Ki,2.8,130345587.0,2.8,5.552841968657781,0,Active
Active,IC50,2.8,118918714.0,2.8,5.552841968657781,0,Active
Active,IC50,2.8,53054324.0,2.8,5.552841968657781,0,Active
Active,IC50,2.8,86282859.0,2.8,5.552841968657781,0,Active
Active,IC50,2.8,132186700.0,2.8,5.552841968657781,0,Active
Active,IC50,2.816,172637383.0,2.816,5.5503673495299255,0,Active
Active,IC50,2.82,118352192.0,2.82,5.549750891680639,0,Active
Active,Kd,2.82,146035913.0,2.82,5.549750891680639,0,Active
Active,IC50,2.827,171342449.0,2.827,5.5486741915104805,0,Active
Active,IC50,2.83,54695746.0,2.83,5.548213564475709,0,Active
Active,IC50,2.83,153465801.0,2.83,5.548213564475709,0,Active
Active,IC50,2.84,168294726.0,2.84,5.546681659952962,0,Active
Active,IC50,2.84,121372678.0,2.84,5.546681659952962,0,Active
Active,IC50,2.842,168278133.0,2.842,5.546375926408549,0,Active
Active,IC50,2.86,153465917.0,2.86,5.543633966870957,0,Active
Active,IC50,2.86,121373777.0,2.86,5.543633966870957,0,Active
Active,IC50,2.86,172462431.0,2.86,5.543633966870957,0,Active
Active,Ki,2.86,71811974.0,2.86,5.543633966870957,0,Active
Active,IC50,2.86,117841269.0,2.86,5.543633966870957,0,Active
Active,IC50,2.87,118112245.0,2.87,5.542118103266008,0,Active
Active,IC50,2.87,584972.0,2.87,5.542118103266008,0,Active
Active,IC50,2.87,137161598.0,2.87,5.542118103266008,0,Active
Active,IC50,2.89,118120979.0,2.89,5.539102157243452,0,Active
Active,IC50,2.89,117834602.0,2.89,5.539102157243452,0,Active
Active,IC50,2.9,153384914.0,2.9,5.537602002101044,0,Active
Active,Kd,2.9,129166080.0,2.9,5.537602002101044,0,Active
Active,IC50,2.9,118889498.0,2.9,5.537602002101044,0,Active
Active,IC50,2.9,129046566.0,2.9,5.537602002101044,0,Active
Active,IC50,2.9,18536615.0,2.9,5.537602002101044,0,Active
Active,IC50,2.9,119081417.0,2.9,5.537602002101044,0,Active
Active,Kd,2.9,166626167.0,2.9,5.537602002101044,0,Active
Active,IC50,2.9,121373226.0,2.9,5.537602002101044,0,Active
Active,IC50,2.9,121373359.0,2.9,5.537602002101044,0,Active
Active,IC50,2.91,121373791.0,2.91,5.536107011014093,0,Active
Active,IC50,2.913,121278148.0,2.913,5.535659515372333,0,Active
Active,IC50,2.92,121373035.0,2.92,5.534617148551582,0,Active
Active,IC50,2.93,121373387.0,2.93,5.533132379645891,0,Active
Active,IC50,2.939,168269451.0,2.939,5.531800413927387,0,Active
Active,IC50,2.94,166139246.0,2.94,5.531652669587842,0,Active
Active,IC50,2.94,118889621.0,2.94,5.531652669587842,0,Active
Active,IC50,2.948,1332686.0,2.948,5.530472520812986,0,Active
Active,IC50,2.95,137410598.0,2.95,5.530177984021837,0,Active
Active,IC50,2.956,121278207.0,2.956,5.5292955702772115,0,Active
Active,IC50,2.96,145981267.0,2.96,5.528708288941061,0,Active
Active,IC50,2.973,121278140.0,2.973,5.5268050907950625,0,Active
Active,Kd,2.98,166626060.0,2.98,5.525783735923745,0,Active
Active,IC50,2.98,121278334.0,2.98,5.525783735923745,0,Active
Active,IC50,2.98,162514091.0,2.98,5.525783735923745,0,Active
Active,IC50,2.98,127030451.0,2.98,5.525783735923745,0,Active
Active,IC50,2.99,127052469.0,2.99,5.52432881167557,0,Active
Active,IC50,2.99,121372620.0,2.99,5.52432881167557,0,Active
Active,IC50,2.991,118279322.0,2.991,5.5241835869686815,0,Active
Unspecified,IC50,3.0,156790241.0,3.0,5.522878745280337,0,Inactive
Unspecified,IC50,3.0,172446131.0,3.0,5.522878745280337,0,Inactive
Unspecified,IC50,3.0,156790237.0,3.0,5.522878745280337,0,Inactive
Unspecified,IC50,3.0,168288292.0,3.0,5.522878745280337,0,Inactive
Unspecified,IC50,3.0,168288729.0,3.0,5.522878745280337,0,Inactive
Unspecified,IC50,3.0,168278916.0,3.0,5.522878745280337,0,Inactive
Active,IC50,3.0,155352404.0,3.0,5.522878745280337,0,Active
Active,IC50,3.0,56950422.0,3.0,5.522878745280337,0,Active
Active,IC50,3.0,138375209.0,3.0,5.522878745280337,0,Active
Active,IC50,3.0,786866.0,3.0,5.522878745280337,0,Active
Unspecified,IC50,3.0,156790228.0,3.0,5.522878745280337,0,Inactive
Unspecified,IC50,3.0,156790234.0,3.0,5.522878745280337,0,Inactive
Unspecified,IC50,3.0,156790226.0,3.0,5.522878745280337,0,Inactive
Unspecified,IC50,3.0,168276367.0,3.0,5.522878745280337,0,Inactive
Active,Ki,3.0,137660755.0,3.0,5.522878745280337,0,Active
Active,Kd,3.0,129165815.0,3.0,5.522878745280337,0,Active
Active,IC50,3.0,71938587.0,3.0,5.522878745280337,0,Active
Active,IC50,3.0,53054319.0,3.0,5.522878745280337,0,Active
Active,IC50,3.02,984803.0,3.02,5.519993057042849,0,Active
Active,IC50,3.02,170649782.0,3.02,5.519993057042849,0,Active
Active,IC50,3.02,164615879.0,3.02,5.519993057042849,0,Active
Active,IC50,3.021,121278030.0,3.021,5.519849274726719,0,Active
Active,IC50,3.023,121277888.0,3.023,5.519561852822183,0,Active
Active,IC50,3.03,153465898.0,3.03,5.518557371497695,0,Active
Active,IC50,3.05,121373156.0,3.05,5.515700160653214,0,Active
Active,IC50,3.05,141414497.0,3.05,5.515700160653214,0,Active
Active,IC50,3.055,153465815.0,3.055,5.514988785421427,0,Active
Active,IC50,3.06,121372676.0,3.06,5.51427857351842,0,Active
Active,IC50,3.06,121372893.0,3.06,5.51427857351842,0,Active
Active,IC50,3.081,121277910.0,3.081,5.5113083016830595,0,Active
Active,IC50,3.09,3692581.0,3.09,5.510041520575165,0,Active
Active,IC50,3.1,170649741.0,3.1,5.508638306165727,0,Active
Active,IC50,3.1,130179008.0,3.1,5.508638306165727,0,Active
Active,IC50,3.1,121365519.0,3.1,5.508638306165727,0,Active
Active,IC50,3.1,121278048.0,3.1,5.508638306165727,0,Active
Active,IC50,3.1,155512097.0,3.1,5.508638306165727,0,Active
Active,IC50,3.11,121278266.0,3.11,5.507239610973162,0,Active
Active,IC50,3.113,121278158.0,3.113,5.506820879317485,0,Active
Active,IC50,3.126,132070053.0,3.126,5.505011026316832,0,Active
Active,IC50,3.13,127032857.0,3.13,5.504455662453552,0,Active
Active,IC50,3.13,162526545.0,3.13,5.504455662453552,0,Active
Active,Ki,3.13,136226510.0,3.13,5.504455662453552,0,Active
Active,IC50,3.13,57675134.0,3.13,5.504455662453552,0,Active
Active,IC50,3.147,139570815.0,3.147,5.502103257086779,0,Active
Active,IC50,3.161,121278171.0,3.161,5.500175504160421,0,Active
Active,IC50,3.16228,146681132.0,3.16228,5.499999678657065,0,Active
Active,IC50,3.16228,15990224.0,3.16228,5.499999678657065,0,Active
Active,IC50,3.16228,156018730.0,3.16228,5.499999678657065,0,Active
Active,IC50,3.16228,134316214.0,3.16228,5.499999678657065,0,Active
Active,IC50,3.16228,52932933.0,3.16228,5.499999678657065,0,Active
Active,IC50,3.16228,162666801.0,3.16228,5.499999678657065,0,Active
Active,IC50,3.16228,134848776.0,3.16228,5.499999678657065,0,Active
Active,IC50,3.16228,162649221.0,3.16228,5.499999678657065,0,Active
Active,IC50,3.16228,122180563.0,3.16228,5.499999678657065,0,Active
Active,IC50,3.16228,122180556.0,3.16228,5.499999678657065,0,Active
Active,IC50,3.16228,122180552.0,3.16228,5.499999678657065,0,Active
Active,IC50,3.16228,162650500.0,3.16228,5.499999678657065,0,Active
Active,IC50,3.16228,122179610.0,3.16228,5.499999678657065,0,Active
Active,IC50,3.16228,162675849.0,3.16228,5.499999678657065,0,Active
Active,IC50,3.17,117841264.0,3.17,5.498940737782249,0,Active
Active,IC50,3.18,166059018.0,3.18,5.497572880015567,0,Active
Active,IC50,3.19,121373007.0,3.19,5.496209316942819,0,Active
Active,IC50,3.19,121373601.0,3.19,5.496209316942819,0,Active
Active,IC50,3.191,121277976.0,3.191,5.496073195806489,0,Active
Active,IC50,3.2,86282728.0,3.2,5.494850021680094,0,Active
Active,IC50,3.2,155534567.0,3.2,5.494850021680094,0,Active
Active,IC50,3.2,118889408.0,3.2,5.494850021680094,0,Active
Active,IC50,3.2,134578832.0,3.2,5.494850021680094,0,Active
Active,IC50,3.2,164515204.0,3.2,5.494850021680094,0,Active
Active,IC50,3.2,155526975.0,3.2,5.494850021680094,0,Active
Active,IC50,3.2,152991140.0,3.2,5.494850021680094,0,Active
Active,IC50,3.2,137637179.0,3.2,5.494850021680094,0,Active
Active,IC50,3.2,56950289.0,3.2,5.494850021680094,0,Active
Active,IC50,3.2,153465857.0,3.2,5.494850021680094,0,Active
Active,IC50,3.21,153465792.0,3.21,5.493494967595128,0,Active
Active,IC50,3.21,155352332.0,3.21,5.493494967595128,0,Active
Active,IC50,3.22,172444059.0,3.22,5.492144128304169,0,Active
Active,IC50,3.23,155352410.0,3.23,5.490797477668897,0,Active
Active,IC50,3.23,164515203.0,3.23,5.490797477668897,0,Active
Active,Ki,3.23,71812070.0,3.23,5.490797477668897,0,Active
Active,Ki,3.23,168278932.0,3.23,5.490797477668897,0,Active
Active,IC50,3.23594,145963723.0,3.23594,5.489999539566098,0,Active
Active,IC50,3.24,121278280.0,3.24,5.489454989793388,0,Active
Active,IC50,3.24,121278298.0,3.24,5.489454989793388,0,Active
Active,IC50,3.24,137653732.0,3.24,5.489454989793388,0,Active
Active,IC50,3.24,1523399.0,3.24,5.489454989793388,0,Active
Active,IC50,3.25,146525129.0,3.25,5.488116639021126,0,Active
Active,IC50,3.25,121278000.0,3.25,5.488116639021126,0,Active
Active,IC50,3.27,153465765.0,3.27,5.485452247339714,0,Active
Active,IC50,3.27,121373027.0,3.27,5.485452247339714,0,Active
Active,IC50,3.29,138805952.0,3.29,5.482804102050026,0,Active
Active,IC50,3.3,53054251.0,3.3,5.481486060122113,0,Active
Active,IC50,3.3,121342452.0,3.3,5.481486060122113,0,Active
Active,IC50,3.3,132166150.0,3.3,5.481486060122113,0,Active
Active,Ki,3.3,130345556.0,3.3,5.481486060122113,0,Active
Active,IC50,3.3,132186701.0,3.3,5.481486060122113,0,Active
Active,IC50,3.3,71661524.0,3.3,5.481486060122113,0,Active
Active,IC50,3.3,53054274.0,3.3,5.481486060122113,0,Active
Active,IC50,3.303,134511257.0,3.303,5.481091426308586,0,Active
Active,IC50,3.323,139530491.0,3.323,5.478469658721289,0,Active
Active,IC50,3.33,121383057.0,3.33,5.47755576649368,0,Active
Active,IC50,3.34,52233804.0,3.34,5.476253533188435,0,Active
Active,IC50,3.35,121278172.0,3.35,5.474955192963154,0,Active
Active,Ki,3.37,71812071.0,3.37,5.4723700991286615,0,Active
Active,IC50,3.379,139208476.0,3.379,5.471211808225104,0,Active
Active,IC50,3.38,146589044.0,3.38,5.471083299722345,0,Active
Active,IC50,3.4,121372894.0,3.4,5.468521082957745,0,Active
Active,IC50,3.4,121342393.0,3.4,5.468521082957745,0,Active
Active,IC50,3.4,137640750.0,3.4,5.468521082957745,0,Active
Active,Kd,3.4,171353103.0,3.4,5.468521082957745,0,Active
Active,Kd,3.4,117602342.0,3.4,5.468521082957745,0,Active
Active,Kd,3.406,177382789.0,3.406,5.467755356373418,0,Active
Active,IC50,3.42,146589040.0,3.42,5.465973893943865,0,Active
Active,IC50,3.43,121372872.0,3.43,5.464705879957229,0,Active
Active,IC50,3.44,153385145.0,3.44,5.46344155742847,0,Active
Active,IC50,3.44,122467468.0,3.44,5.46344155742847,0,Active
Active,IC50,3.442,132070054.0,3.442,5.463189134008458,0,Active
Active,IC50,3.458,121278130.0,3.458,5.461175011062096,0,Active
Active,IC50,3.459,162533529.0,3.459,5.461049437985639,0,Active
Active,IC50,3.46,121373304.0,3.46,5.460923901207224,0,Active
Active,IC50,3.466,155517720.0,3.466,5.460171441622101,0,Active
Active,IC50,3.475,139530385.0,3.475,5.4590451910738675,0,Active
Active,IC50,3.48,155554197.0,3.48,5.458420756053419,0,Active
Active,IC50,3.48,168280948.0,3.48,5.458420756053419,0,Active
Active,Kd,3.5,25023738.0,3.5,5.455931955649724,0,Active
Active,IC50,3.5,121373003.0,3.5,5.455931955649724,0,Active
Active,IC50,3.5,71661707.0,3.5,5.455931955649724,0,Active
Active,IC50,3.5,121342454.0,3.5,5.455931955649724,0,Active
Active,IC50,3.51,127030774.0,3.51,5.454692883534176,0,Active
Active,IC50,3.52,121373211.0,3.52,5.453457336521869,0,Active
Active,IC50,3.52,121372683.0,3.52,5.453457336521869,0,Active
Active,IC50,3.53,121373244.0,3.53,5.452225294612178,0,Active
Active,IC50,3.54,145956329.0,3.54,5.450996737974212,0,Active
Active,IC50,3.54,121373005.0,3.54,5.450996737974212,0,Active
Active,IC50,3.55,141414532.0,3.55,5.449771646944906,0,Active
Active,IC50,3.55,155352353.0,3.55,5.449771646944906,0,Active
Active,IC50,3.55,171349925.0,3.55,5.449771646944906,0,Active
Active,IC50,3.57,121373008.0,3.57,5.447331783887806,0,Active
Active,IC50,3.589,121278029.0,3.589,5.44502654166676,0,Active
Active,IC50,3.59,145992400.0,3.59,5.444905551421681,0,Active
Active,Kd,3.6,122705989.0,3.6,5.443697499232712,0,Active
Active,IC50,3.6,168283332.0,3.6,5.443697499232712,0,Active
Active,IC50,3.6,121342392.0,3.6,5.443697499232712,0,Active
Active,IC50,3.6,155559572.0,3.6,5.443697499232712,0,Active
Active,IC50,3.6,139341517.0,3.6,5.443697499232712,0,Active
Active,IC50,3.6,138375199.0,3.6,5.443697499232712,0,Active
Active,IC50,3.61,171348264.0,3.61,5.442492798094342,0,Active
Active,IC50,3.61,164515202.0,3.61,5.442492798094342,0,Active
Active,Ki,3.62,71812096.0,3.62,5.441291429466834,0,Active
Active,IC50,3.62,152321821.0,3.62,5.441291429466834,0,Active
Active,IC50,3.62,172454839.0,3.62,5.441291429466834,0,Active
Active,IC50,3.62,121373047.0,3.62,5.441291429466834,0,Active
Active,IC50,3.62,155531461.0,3.62,5.441291429466834,0,Active
Active,IC50,3.621,121278149.0,3.621,5.441171475182989,0,Active
Active,IC50,3.64,145958221.0,3.64,5.438898616350944,0,Active
Active,IC50,3.65,121277887.0,3.65,5.437707135543525,0,Active
Active,IC50,3.65,30342838.0,3.65,5.437707135543525,0,Active
Active,IC50,3.651,132070070.0,3.651,5.437588167050272,0,Active
Active,IC50,3.66,121373093.0,3.66,5.436518914605589,0,Active
Active,IC50,3.67,121372889.0,3.67,5.435333935747911,0,Active
Active,Kd,3.67,166634748.0,3.67,5.435333935747911,0,Active
Active,IC50,3.67,155926793.0,3.67,5.435333935747911,0,Active
Active,IC50,3.68,121373207.0,3.68,5.434152181326482,0,Active
Active,Ki,3.68,71811938.0,3.68,5.434152181326482,0,Active
Active,IC50,3.681,118796362.0,3.681,5.434034182553333,0,Active
Active,IC50,3.69,121373774.0,3.69,5.432973633840939,0,Active
Active,IC50,3.69,121372995.0,3.69,5.432973633840939,0,Active
Active,IC50,3.7,18536633.0,3.7,5.431798275933005,0,Active
Active,IC50,3.7,171352254.0,3.7,5.431798275933005,0,Active
Active,IC50,3.7,86281104.0,3.7,5.431798275933005,0,Active
Active,IC50,3.7,121365488.0,3.7,5.431798275933005,0,Active
Active,IC50,3.7,2475074.0,3.7,5.431798275933005,0,Active
Active,IC50,3.7,71661332.0,3.7,5.431798275933005,0,Active
Active,IC50,3.7,91827373.0,3.7,5.431798275933005,0,Active
Active,IC50,3.708,121278052.0,3.708,5.43086027452754,0,Active
Active,IC50,3.724,155527786.0,3.724,5.428990327690695,0,Active
Active,IC50,3.73,127051527.0,3.73,5.428291168191312,0,Active
Active,Ki,3.73,71811952.0,3.73,5.428291168191312,0,Active
Active,IC50,3.734,139530479.0,3.734,5.4278256863869405,0,Active
Active,IC50,3.74,1523400.0,3.74,5.42712839779952,0,Active
Active,Kd,3.751,122467465.0,3.751,5.425852935849277,0,Active
Active,IC50,3.76,121386052.0,3.76,5.424812155072339,0,Active
Active,IC50,3.766,121278124.0,3.766,5.424119684319354,0,Active
Active,Ki,3.77,71812110.0,3.77,5.423658649794207,0,Active
Active,IC50,3.778,127049282.0,3.778,5.422738046414185,0,Active
Active,IC50,3.78,121373020.0,3.78,5.422508200162775,0,Active
Active,IC50,3.79,171346696.0,3.79,5.421360790031928,0,Active
Active,IC50,3.8,166635680.0,3.8,5.42021640338319,0,Active
Active,IC50,3.8,137639600.0,3.8,5.42021640338319,0,Active
Active,IC50,3.8,145962814.0,3.8,5.42021640338319,0,Active
Active,IC50,3.8,153465818.0,3.8,5.42021640338319,0,Active
Active,IC50,3.8,129046615.0,3.8,5.42021640338319,0,Active
Active,IC50,3.8,132168917.0,3.8,5.42021640338319,0,Active
Active,IC50,3.82,121373411.0,3.82,5.4179366370882915,0,Active
Active,IC50,3.83,132076630.0,3.83,5.416801226031377,0,Active
Active,IC50,3.848,163200124.0,3.848,5.414764936634224,0,Active
Active,IC50,3.85,121372623.0,3.85,5.414539270491499,0,Active
Active,IC50,3.85,121373025.0,3.85,5.414539270491499,0,Active
Active,IC50,3.85,121373210.0,3.85,5.414539270491499,0,Active
Active,IC50,3.852,139530412.0,3.852,5.4143137215475035,0,Active
Active,IC50,3.856,146525003.0,3.856,5.413862974769207,0,Active
Active,IC50,3.86,170649746.0,3.86,5.413412695328245,0,Active
Active,IC50,3.87,170649768.0,3.87,5.412289034981089,0,Active
Active,IC50,3.87,145981696.0,3.87,5.412289034981089,0,Active
Active,IC50,3.87,127031095.0,3.87,5.412289034981089,0,Active
Active,IC50,3.888,155553846.0,3.888,5.410273743745763,0,Active
Active,IC50,3.89,117834619.0,3.89,5.410050398674292,0,Active
Active,Ki,3.89,89656430.0,3.89,5.410050398674292,0,Active
Active,Kd,3.9,35397514.0,3.9,5.4089353929735005,0,Active
Active,Kd,3.9,52670835.0,3.9,5.4089353929735005,0,Active
Active,IC50,3.9,132181499.0,3.9,5.4089353929735005,0,Active
Active,IC50,3.9,86282860.0,3.9,5.4089353929735005,0,Active
Active,IC50,3.9,71624787.0,3.9,5.4089353929735005,0,Active
Active,IC50,3.9,135143907.0,3.9,5.4089353929735005,0,Active
Active,IC50,3.9,137631629.0,3.9,5.4089353929735005,0,Active
Active,IC50,3.9,155352376.0,3.9,5.4089353929735005,0,Active
Active,IC50,3.9,155352257.0,3.9,5.4089353929735005,0,Active
Active,Ki,3.91,136226514.0,3.91,5.407823242604133,0,Active
Active,IC50,3.915,121278038.0,3.915,5.407268233606038,0,Active
Active,IC50,3.926,121277876.0,3.926,5.406049704736013,0,Active
Active,IC50,3.942,155552980.0,3.942,5.404283380056576,0,Active
Active,IC50,3.96,150886798.0,3.96,5.402304814074488,0,Active
Active,IC50,3.974,171342171.0,3.974,5.400772137226204,0,Active
Active,IC50,3.98,170649779.0,3.98,5.400116927926312,0,Active
Active,IC50,3.98,121373075.0,3.98,5.400116927926312,0,Active
Active,IC50,3.98,124429951.0,3.98,5.400116927926312,0,Active
Active,IC50,3.98107,164623776.0,3.98107,5.40000018605658,0,Active
Active,IC50,3.98107,162648637.0,3.98107,5.40000018605658,0,Active
Active,IC50,3.98107,118719875.0,3.98107,5.40000018605658,0,Active
Active,IC50,3.98107,122179613.0,3.98107,5.40000018605658,0,Active
Active,IC50,3.98107,91820724.0,3.98107,5.40000018605658,0,Active
Active,IC50,3.98107,146754543.0,3.98107,5.40000018605658,0,Active
Active,IC50,3.98107,91826677.0,3.98107,5.40000018605658,0,Active
Active,IC50,3.98107,122180555.0,3.98107,5.40000018605658,0,Active
Active,IC50,3.98107,164614812.0,3.98107,5.40000018605658,0,Active
Active,IC50,3.98107,90667403.0,3.98107,5.40000018605658,0,Active
Active,IC50,3.98107,90667414.0,3.98107,5.40000018605658,0,Active
Active,IC50,3.98107,162646077.0,3.98107,5.40000018605658,0,Active
Active,IC50,3.98107,165430662.0,3.98107,5.40000018605658,0,Active
Active,Ki,3.98107,156019120.0,3.98107,5.40000018605658,0,Active
Active,IC50,3.98107,52933165.0,3.98107,5.40000018605658,0,Active
Active,IC50,3.98107,162653429.0,3.98107,5.40000018605658,0,Active
Active,IC50,3.98107,52934275.0,3.98107,5.40000018605658,0,Active
Active,IC50,3.99,121373239.0,3.99,5.399027104313252,0,Active
Active,IC50,3.99,129046576.0,3.99,5.399027104313252,0,Active
Active,IC50,3.99,121373011.0,3.99,5.399027104313252,0,Active
Active,IC50,4.0,121373790.0,4.0,5.3979400086720375,0,Active
Active,IC50,4.0,121382912.0,4.0,5.3979400086720375,0,Active
Unspecified,Kd,4.0,129318956.0,4.0,5.3979400086720375,0,Inactive
Active,IC50,4.0,91826324.0,4.0,5.3979400086720375,0,Active
Active,IC50,4.0,122191040.0,4.0,5.3979400086720375,0,Active
Active,IC50,4.002,44180159.0,4.002,5.3977229156998074,0,Active
Active,IC50,4.01,153465869.0,4.01,5.396855627379818,0,Active
Active,IC50,4.028,121271781.0,4.028,5.3949105381184195,0,Active
Active,IC50,4.05,121372989.0,4.05,5.392544976785332,0,Active
Active,IC50,4.05,121278287.0,4.05,5.392544976785332,0,Active
Active,IC50,4.06,153465808.0,4.06,5.391473966422806,0,Active
Active,IC50,4.06,121373039.0,4.06,5.391473966422806,0,Active
Active,IC50,4.066,155457756.0,4.066,5.39083262569798,0,Active
Active,IC50,4.07,121372882.0,4.07,5.39040559077478,0,Active
Active,IC50,4.09,121376903.0,4.09,5.388276691992658,0,Active
Active,IC50,4.1,121373316.0,4.1,5.3872161432802645,0,Active
Active,IC50,4.1,122467495.0,4.1,5.3872161432802645,0,Active
Active,IC50,4.1,71297184.0,4.1,5.3872161432802645,0,Active
Active,IC50,4.1,137650954.0,4.1,5.3872161432802645,0,Active
Active,Ki,4.1,11608911.0,4.1,5.3872161432802645,0,Active
Active,IC50,4.1,132181707.0,4.1,5.3872161432802645,0,Active
Active,IC50,4.1,71297185.0,4.1,5.3872161432802645,0,Active
Active,IC50,4.13,121376874.0,4.13,5.384049948343599,0,Active
Active,IC50,4.133,121278001.0,4.133,5.383734594718292,0,Active
Active,IC50,4.14,121373254.0,4.14,5.382999658879101,0,Active
Active,IC50,4.14,121278116.0,4.14,5.382999658879101,0,Active
Active,IC50,4.155,121278110.0,4.155,5.3814289718798705,0,Active
Active,IC50,4.16,121277989.0,4.16,5.380906669373257,0,Active
Active,IC50,4.17,46843908.0,4.17,5.379863945026242,0,Active
Active,IC50,4.17,171342515.0,4.17,5.379863945026242,0,Active
Active,IC50,4.18,121271849.0,4.18,5.3788237182249645,0,Active
Active,IC50,4.19,121372867.0,4.19,5.377785977033705,0,Active
Active,IC50,4.2,132166134.0,4.2,5.376750709602099,0,Active
Active,IC50,4.2,53054322.0,4.2,5.376750709602099,0,Active
Active,IC50,4.2,121372830.0,4.2,5.376750709602099,0,Active
Active,IC50,4.2,137646519.0,4.2,5.376750709602099,0,Active
Active,IC50,4.218,171346996.0,4.218,5.374893424596532,0,Active
Active,IC50,4.22,170649824.0,4.22,5.374687549038326,0,Active
Active,IC50,4.24,121372870.0,4.24,5.372634143407267,0,Active
Active,Ki,4.24,71811994.0,4.24,5.372634143407267,0,Active
Active,IC50,4.25,121373017.0,4.25,5.371611069949688,0,Active
Active,IC50,4.25,145955860.0,4.25,5.371611069949688,0,Active
Active,IC50,4.2658,145962475.0,4.2658,5.369999510099088,0,Active
Active,IC50,4.27,121365546.0,4.27,5.369572124974976,0,Active
Active,IC50,4.27,127033474.0,4.27,5.369572124974976,0,Active
Active,IC50,4.27,170649748.0,4.27,5.369572124974976,0,Active
Active,IC50,4.28,121278181.0,4.28,5.368556230986828,0,Active
Active,IC50,4.284,121278057.0,4.284,5.368150537840182,0,Active
Active,IC50,4.29,121373704.0,4.29,5.367542707815276,0,Active
Active,IC50,4.29,122467457.0,4.29,5.367542707815276,0,Active
Active,IC50,4.3,135404086.0,4.3,5.366531544420414,0,Active
Active,IC50,4.3,118889559.0,4.3,5.366531544420414,0,Active
Active,IC50,4.3,121372857.0,4.3,5.366531544420414,0,Active
Active,IC50,4.3,137653562.0,4.3,5.366531544420414,0,Active
Active,IC50,4.3,606801.0,4.3,5.366531544420414,0,Active
Active,Ki,4.3,66778782.0,4.3,5.366531544420414,0,Active
Active,IC50,4.31,136212224.0,4.31,5.3655227298392685,0,Active
Active,IC50,4.33,121373285.0,4.33,5.363512103646634,0,Active
Active,IC50,4.339,121278084.0,4.339,5.362610349870788,0,Active
Active,IC50,4.34,121373230.0,4.34,5.36251027048749,0,Active
Active,IC50,4.36,121278268.0,4.36,5.360513510731414,0,Active
Active,IC50,4.38,172442693.0,4.38,5.3585258894959,0,Active
Active,IC50,4.4,153465827.0,4.4,5.356547323513812,0,Active
Active,IC50,4.4,71271969.0,4.4,5.356547323513812,0,Active
Active,IC50,4.4,53054291.0,4.4,5.356547323513812,0,Active
Active,IC50,4.4,121385901.0,4.4,5.356547323513812,0,Active
Active,IC50,4.4,121373351.0,4.4,5.356547323513812,0,Active
Active,IC50,4.4,155539582.0,4.4,5.356547323513812,0,Active
Active,IC50,4.4,71664047.0,4.4,5.356547323513812,0,Active
Active,IC50,4.4,137654008.0,4.4,5.356547323513812,0,Active
Active,IC50,4.42,121373012.0,4.42,5.354577730650908,0,Active
Active,IC50,4.42,151443316.0,4.42,5.354577730650908,0,Active
Active,IC50,4.432,172637379.0,4.432,5.353400248279627,0,Active
Active,IC50,4.45,172461376.0,4.45,5.351639989019068,0,Active
Active,IC50,4.49,121373021.0,4.49,5.347753658996677,0,Active
Active,IC50,4.5,53054252.0,4.5,5.346787486224656,0,Active
Active,Ki,4.5,122187516.0,4.5,5.346787486224656,0,Active
Active,IC50,4.5,138375203.0,4.5,5.346787486224656,0,Active
Active,Kd,4.5,166635550.0,4.5,5.346787486224656,0,Active
Active,IC50,4.5,121277975.0,4.5,5.346787486224656,0,Active
Active,IC50,4.5,118933132.0,4.5,5.346787486224656,0,Active
Active,IC50,4.5,137652035.0,4.5,5.346787486224656,0,Active
Active,IC50,4.5,155557439.0,4.5,5.346787486224656,0,Active
Active,IC50,4.509,121278101.0,4.509,5.345919764693429,0,Active
Active,IC50,4.52,121373215.0,4.52,5.3448615651886175,0,Active
Active,IC50,4.53,146035918.0,4.53,5.343901797987169,0,Active
Active,IC50,4.53,117834648.0,4.53,5.343901797987169,0,Active
Active,IC50,4.55,121278226.0,4.55,5.341988603342887,0,Active
Active,IC50,4.56,146940803.0,4.56,5.341035157335565,0,Active
Active,IC50,4.56,121373274.0,4.56,5.341035157335565,0,Active
Active,IC50,4.56,30343069.0,4.56,5.341035157335565,0,Active
Active,IC50,4.581,121278157.0,4.581,5.3390397082239165,0,Active
Active,IC50,4.59,121373501.0,4.59,5.338187314462739,0,Active
Active,IC50,4.6,172462258.0,4.6,5.337242168318426,0,Active
Active,IC50,4.6,153465845.0,4.6,5.337242168318426,0,Active
Active,IC50,4.6,137650533.0,4.6,5.337242168318426,0,Active
Active,IC50,4.6,134135696.0,4.6,5.337242168318426,0,Active
Active,IC50,4.6,134457677.0,4.6,5.337242168318426,0,Active
Active,IC50,4.6,137650663.0,4.6,5.337242168318426,0,Active
Active,IC50,4.6,9822610.0,4.6,5.337242168318426,0,Active
Active,IC50,4.63,52233794.0,4.63,5.334419008982047,0,Active
Active,IC50,4.646,121278215.0,4.646,5.3329207945357835,0,Active
Active,IC50,4.66,121372864.0,4.66,5.33161408331,0,Active
Active,Ki,4.67,136174605.0,4.67,5.330683119433888,0,Active
Active,IC50,4.675,121278042.0,4.675,5.330218384791463,0,Active
Active,IC50,4.67735,145961969.0,4.67735,5.330000131185909,0,Active
Active,IC50,4.688,132070074.0,4.688,5.329012396989966,0,Active
Active,IC50,4.69,171354694.0,4.69,5.328827157284917,0,Active
Active,IC50,4.7,118889491.0,4.7,5.327902142064282,0,Active
Active,IC50,4.7,132186583.0,4.7,5.327902142064282,0,Active
Active,IC50,4.7,172465491.0,4.7,5.327902142064282,0,Active
Active,IC50,4.7,1523409.0,4.7,5.327902142064282,0,Active
Active,IC50,4.7,118889447.0,4.7,5.327902142064282,0,Active
Active,IC50,4.7,135804260.0,4.7,5.327902142064282,0,Active
Active,IC50,4.71,121278337.0,4.71,5.326979092871104,0,Active
Active,IC50,4.72,121372860.0,4.72,5.3260580013659125,0,Active
Active,IC50,4.73,145982424.0,4.73,5.325138859262188,0,Active
Active,IC50,4.747,20861769.0,4.747,5.32358076828164,0,Active
Active,IC50,4.75,155352340.0,4.75,5.323306390375134,0,Active
Active,IC50,4.752,121278153.0,4.752,5.323123568026863,0,Active
Active,IC50,4.756,121278076.0,4.756,5.322758154053346,0,Active
Active,IC50,4.76,121277995.0,4.76,5.3223930472795065,0,Active
Active,IC50,4.766,168274218.0,4.766,5.321845961989562,0,Active
Active,IC50,4.77,121373389.0,4.77,5.3214816209598865,0,Active
Active,IC50,4.77,121373200.0,4.77,5.3214816209598865,0,Active
Active,IC50,4.77,145989400.0,4.77,5.3214816209598865,0,Active
Active,IC50,4.774,121277892.0,4.774,5.321117585329264,0,Active
Active,IC50,4.779,139530401.0,4.779,5.320662969479206,0,Active
Active,IC50,4.7863,54669868.0,4.7863,5.32000008377078,0,Active
Active,IC50,4.79,145979516.0,4.79,5.319664486585436,0,Active
Active,IC50,4.8,121278335.0,4.8,5.318758762624412,0,Active
Active,IC50,4.8,1090309.0,4.8,5.318758762624412,0,Active
Active,IC50,4.8,1090310.0,4.8,5.318758762624412,0,Active
Active,IC50,4.8,66553125.0,4.8,5.318758762624412,0,Active
Active,Kd,4.8,127053754.0,4.8,5.318758762624412,0,Active
Active,IC50,4.8,121376850.0,4.8,5.318758762624412,0,Active
Active,IC50,4.8,39791103.0,4.8,5.318758762624412,0,Active
Active,IC50,4.81,127034059.0,4.81,5.317854923626168,0,Active
Active,IC50,4.81,117892025.0,4.81,5.317854923626168,0,Active
Active,IC50,4.81,121373104.0,4.81,5.317854923626168,0,Active
Active,IC50,4.84,122467476.0,4.84,5.315154638355588,0,Active
Active,Ki,4.88,139208208.0,4.88,5.311580177997289,0,Active
Active,IC50,4.889,139341608.0,4.889,5.310779962736165,0,Active
Active,IC50,4.89,121373736.0,4.89,5.31069114087638,0,Active
Active,IC50,4.89,153465846.0,4.89,5.31069114087638,0,Active
Active,IC50,4.89,138805950.0,4.89,5.31069114087638,0,Active
Active,IC50,4.9,137631500.0,4.9,5.309803919971486,0,Active
Active,IC50,4.9,127034058.0,4.9,5.309803919971486,0,Active
Active,IC50,4.9,137636683.0,4.9,5.309803919971486,0,Active
Active,IC50,4.914,132070073.0,4.914,5.308564847855938,0,Active
Active,Ki,4.92,136226498.0,4.92,5.308034897232639,0,Active
Active,IC50,4.93,121373260.0,4.93,5.30715308072277,0,Active
Active,Ki,4.93,168272019.0,4.93,5.30715308072277,0,Active
Active,IC50,4.95,130311118.0,4.95,5.305394801066432,0,Active
Active,IC50,4.96,118121011.0,4.96,5.304518323509803,0,Active
Active,IC50,4.96,141414537.0,4.96,5.304518323509803,0,Active
Active,IC50,4.967,132070057.0,4.967,5.303905840004777,0,Active
Active,IC50,4.98,168297374.0,4.98,5.302770657240282,0,Active
Active,IC50,4.98,121373407.0,4.98,5.302770657240282,0,Active
Active,IC50,4.989,126554277.0,4.989,5.3019864960608185,0,Active
Active,IC50,5.0,90375216.0,5.0,5.301029995663981,0,Active
Unspecified,IC50,5.0,118021658.0,5.0,5.301029995663981,0,Inactive
Active,IC50,5.0,118644602.0,5.0,5.301029995663981,0,Active
Active,IC50,5.0,78426858.0,5.0,5.301029995663981,0,Active
Active,IC50,5.0,90375232.0,5.0,5.301029995663981,0,Active
Unspecified,IC50,5.0,118022193.0,5.0,5.301029995663981,0,Inactive
Unspecified,IC50,5.0,118022130.0,5.0,5.301029995663981,0,Inactive
Unspecified,IC50,5.0,118022046.0,5.0,5.301029995663981,0,Inactive
Unspecified,IC50,5.0,118022285.0,5.0,5.301029995663981,0,Inactive
Active,IC50,5.0,155515117.0,5.0,5.301029995663981,0,Active
Unspecified,IC50,5.0,118022262.0,5.0,5.301029995663981,0,Inactive
Unspecified,IC50,5.0,118021457.0,5.0,5.301029995663981,0,Inactive
Unspecified,IC50,5.0,118021310.0,5.0,5.301029995663981,0,Inactive
Unspecified,IC50,5.0,118021555.0,5.0,5.301029995663981,0,Inactive
Unspecified,IC50,5.0,118021475.0,5.0,5.301029995663981,0,Inactive
Unspecified,IC50,5.0,123851308.0,5.0,5.301029995663981,0,Inactive
Active,IC50,5.0,155531262.0,5.0,5.301029995663981,0,Active
Unspecified,IC50,5.0,118021713.0,5.0,5.301029995663981,0,Inactive
Unspecified,IC50,5.0,135355155.0,5.0,5.301029995663981,0,Inactive
Active,IC50,5.0,90375551.0,5.0,5.301029995663981,0,Active
Unspecified,IC50,5.0,118022097.0,5.0,5.301029995663981,0,Inactive
Unspecified,IC50,5.0,118021674.0,5.0,5.301029995663981,0,Inactive
Active,IC50,5.0,78426721.0,5.0,5.301029995663981,0,Active
Unspecified,IC50,5.0,118022152.0,5.0,5.301029995663981,0,Inactive
Unspecified,IC50,5.0,118021554.0,5.0,5.301029995663981,0,Inactive
Active,IC50,5.0,90376140.0,5.0,5.301029995663981,0,Active
Unspecified,IC50,5.0,135355515.0,5.0,5.301029995663981,0,Inactive
Unspecified,IC50,5.0,135355548.0,5.0,5.301029995663981,0,Inactive
Unspecified,IC50,5.0,118021643.0,5.0,5.301029995663981,0,Inactive
Unspecified,IC50,5.0,135355062.0,5.0,5.301029995663981,0,Inactive
Active,IC50,5.0,78426860.0,5.0,5.301029995663981,0,Active
Unspecified,IC50,5.0,146599953.0,5.0,5.301029995663981,0,Inactive
Unspecified,IC50,5.0,123352172.0,5.0,5.301029995663981,0,Inactive
Active,IC50,5.0,78426859.0,5.0,5.301029995663981,0,Active
Active,IC50,5.0,90375533.0,5.0,5.301029995663981,0,Active
Active,IC50,5.0,90376263.0,5.0,5.301029995663981,0,Active
Unspecified,IC50,5.0,146596153.0,5.0,5.301029995663981,0,Inactive
Unspecified,IC50,5.0,123588635.0,5.0,5.301029995663981,0,Inactive
Unspecified,IC50,5.0,118021401.0,5.0,5.301029995663981,0,Inactive
Unspecified,IC50,5.0,132033210.0,5.0,5.301029995663981,0,Inactive
Unspecified,IC50,5.0,118021313.0,5.0,5.301029995663981,0,Inactive
Unspecified,IC50,5.0,123698661.0,5.0,5.301029995663981,0,Inactive
Unspecified,IC50,5.0,134311094.0,5.0,5.301029995663981,0,Inactive
Unspecified,IC50,5.0,15272537.0,5.0,5.301029995663981,0,Inactive
Unspecified,IC50,5.0,118022246.0,5.0,5.301029995663981,0,Inactive
Unspecified,IC50,5.0,136215391.0,5.0,5.301029995663981,0,Inactive
Active,IC50,5.0,90376226.0,5.0,5.301029995663981,0,Active
Unspecified,IC50,5.0,118022606.0,5.0,5.301029995663981,0,Inactive
Unspecified,IC50,5.0,135355244.0,5.0,5.301029995663981,0,Inactive
Unspecified,IC50,5.0,135355336.0,5.0,5.301029995663981,0,Inactive
Unspecified,IC50,5.0,132032836.0,5.0,5.301029995663981,0,Inactive
Unspecified,IC50,5.0,118022126.0,5.0,5.301029995663981,0,Inactive
Unspecified,IC50,5.0,118022106.0,5.0,5.301029995663981,0,Inactive
Unspecified,IC50,5.0,118021866.0,5.0,5.301029995663981,0,Inactive
Unspecified,IC50,5.0,118021578.0,5.0,5.301029995663981,0,Inactive
Unspecified,IC50,5.0,132007814.0,5.0,5.301029995663981,0,Inactive
Unspecified,IC50,5.0,146596092.0,5.0,5.301029995663981,0,Inactive
Unspecified,IC50,5.0,132033011.0,5.0,5.301029995663981,0,Inactive
Unspecified,IC50,5.0,132028440.0,5.0,5.301029995663981,0,Inactive
Unspecified,IC50,5.0,118022393.0,5.0,5.301029995663981,0,Inactive
Unspecified,IC50,5.0,118021623.0,5.0,5.301029995663981,0,Inactive
Unspecified,IC50,5.0,124030910.0,5.0,5.301029995663981,0,Inactive
Unspecified,IC50,5.0,123386719.0,5.0,5.301029995663981,0,Inactive
Unspecified,IC50,5.0,118021751.0,5.0,5.301029995663981,0,Inactive
Unspecified,IC50,5.0,118022034.0,5.0,5.301029995663981,0,Inactive
Unspecified,IC50,5.0,135355268.0,5.0,5.301029995663981,0,Inactive
Unspecified,IC50,5.0,135355034.0,5.0,5.301029995663981,0,Inactive
Unspecified,IC50,5.0,146596082.0,5.0,5.301029995663981,0,Inactive
Unspecified,IC50,5.0,123888585.0,5.0,5.301029995663981,0,Inactive
Unspecified,Kd,5.0,135276516.0,5.0,5.301029995663981,0,Inactive
Active,IC50,5.0,90375246.0,5.0,5.301029995663981,0,Active
Unspecified,IC50,5.0,123524830.0,5.0,5.301029995663981,0,Inactive
Unspecified,IC50,5.0,118021338.0,5.0,5.301029995663981,0,Inactive
Unspecified,IC50,5.0,118021389.0,5.0,5.301029995663981,0,Inactive
Unspecified,Kd,5.0,177382444.0,5.0,5.301029995663981,0,Inactive
Unspecified,IC50,5.0,146596150.0,5.0,5.301029995663981,0,Inactive
Unspecified,IC50,5.0,132033137.0,5.0,5.301029995663981,0,Inactive
Active,IC50,5.01,121373248.0,5.01,5.300162274132754,0,Active
Active,IC50,5.01,121373593.0,5.01,5.300162274132754,0,Active
Active,IC50,5.01187,164626663.0,5.01187,5.300000202445418,0,Active
Active,IC50,5.01187,91668541.0,5.01187,5.300000202445418,0,Active
Unspecified,Ki,5.01187,164620383.0,5.01187,5.300000202445418,0,Inactive
Active,IC50,5.01187,122180564.0,5.01187,5.300000202445418,0,Active
Active,IC50,5.01187,3589423.0,5.01187,5.300000202445418,0,Active
Active,IC50,5.01187,145965211.0,5.01187,5.300000202445418,0,Active
Active,IC50,5.01187,122181564.0,5.01187,5.300000202445418,0,Active
Active,IC50,5.01187,134817551.0,5.01187,5.300000202445418,0,Active
Unspecified,Ki,5.01187,164627363.0,5.01187,5.300000202445418,0,Inactive
Active,IC50,5.01187,4907545.0,5.01187,5.300000202445418,0,Active
Active,IC50,5.01187,122181569.0,5.01187,5.300000202445418,0,Active
Active,IC50,5.01187,162661263.0,5.01187,5.300000202445418,0,Active
Active,IC50,5.01187,145989122.0,5.01187,5.300000202445418,0,Active
Active,IC50,5.01187,68186034.0,5.01187,5.300000202445418,0,Active
Active,IC50,5.01187,155531635.0,5.01187,5.300000202445418,0,Active
Active,IC50,5.01187,162665171.0,5.01187,5.300000202445418,0,Active
Active,IC50,5.01187,122181550.0,5.01187,5.300000202445418,0,Active
Active,IC50,5.01187,134817552.0,5.01187,5.300000202445418,0,Active
Active,IC50,5.01187,122180532.0,5.01187,5.300000202445418,0,Active
Active,IC50,5.01187,122180553.0,5.01187,5.300000202445418,0,Active
Active,IC50,5.01187,162661344.0,5.01187,5.300000202445418,0,Active
Active,IC50,5.01187,76328466.0,5.01187,5.300000202445418,0,Active
Active,IC50,5.01187,122181562.0,5.01187,5.300000202445418,0,Active
Active,Kd,5.02,122172830.0,5.02,5.29929628285498,0,Active
Active,IC50,5.02,153465825.0,5.02,5.29929628285498,0,Active
Active,IC50,5.03,129046540.0,5.03,5.298432014944073,0,Active
Active,IC50,5.04,121383110.0,5.04,5.297569463554475,0,Active
Active,IC50,5.06,121383059.0,5.06,5.295849483160201,0,Active
Active,IC50,5.067,121271834.0,5.067,5.295249095709329,0,Active
Active,IC50,5.07,121372617.0,5.07,5.2949920406666635,0,Active
Active,IC50,5.09,121271827.0,5.09,5.293282217663242,0,Active
Active,IC50,5.093,139530537.0,5.093,5.293026323823822,0,Active
Active,IC50,5.1,132166121.0,5.1,5.292429823902063,0,Active
Active,IC50,5.1,145972623.0,5.1,5.292429823902063,0,Active
Active,IC50,5.1,121373429.0,5.1,5.292429823902063,0,Active
Active,IC50,5.11,121373045.0,5.11,5.291579099865287,0,Active
Active,IC50,5.11,172446327.0,5.11,5.291579099865287,0,Active
Active,IC50,5.121,121278107.0,5.121,5.290645224165604,0,Active
Active,IC50,5.128,121278094.0,5.128,5.2900519834892386,0,Active
Active,IC50,5.13,172449699.0,5.13,5.289882634888183,0,Active
Active,IC50,5.15,171353696.0,5.15,5.288192770958809,0,Active
Active,IC50,5.156,153465726.0,5.156,5.2876870913186345,0,Active
Active,IC50,5.16,121278270.0,5.16,5.287350298372789,0,Active
Active,IC50,5.17,155547500.0,5.17,5.286509456906058,0,Active
Active,IC50,5.181,132070063.0,5.181,5.285586407712879,0,Active
Active,IC50,5.19,121372884.0,5.19,5.284832642151542,0,Active
Active,IC50,5.19,137409212.0,5.19,5.284832642151542,0,Active
Active,IC50,5.19,216326.0,5.19,5.284832642151542,0,Active
Active,IC50,5.2,40889550.0,5.2,5.2839966563652006,0,Active
Active,IC50,5.2,135404087.0,5.2,5.2839966563652006,0,Active
Active,IC50,5.2,56950421.0,5.2,5.2839966563652006,0,Active
Active,IC50,5.21,52106240.0,5.21,5.283162276700476,0,Active
Active,IC50,5.22,121278339.0,5.22,5.282329496997738,0,Active
Active,IC50,5.24,172439044.0,5.24,5.280668713016273,0,Active
Active,IC50,5.25,172458830.0,5.25,5.279840696594043,0,Active
Active,IC50,5.25,121372865.0,5.25,5.279840696594043,0,Active
Unspecified,IC50,5.263,121271783.0,5.263,5.278766629982723,0,Inactive
Active,IC50,5.27,121385911.0,5.27,5.278189384787454,0,Active
Active,IC50,5.29,122467488.0,5.29,5.276544327964814,0,Active
Active,IC50,5.29,121373160.0,5.29,5.276544327964814,0,Active
Active,IC50,5.3,141414520.0,5.3,5.275724130399211,0,Active
Active,IC50,5.3,66577114.0,5.3,5.275724130399211,0,Active
Active,IC50,5.3,121278271.0,5.3,5.275724130399211,0,Active
Active,Ki,5.31,71811996.0,5.31,5.274905478918531,0,Active
Active,IC50,5.32,121383062.0,5.32,5.274088367704952,0,Active
Active,IC50,5.32,121373236.0,5.32,5.274088367704952,0,Active
Active,IC50,5.32,121383065.0,5.32,5.274088367704952,0,Active
Active,IC50,5.33,3973.0,5.33,5.273272790973428,0,Active
Active,IC50,5.33,121372896.0,5.33,5.273272790973428,0,Active
Active,IC50,5.34,121373237.0,5.34,5.272458742971444,0,Active
Active,IC50,5.36,3132761.0,5.36,5.27083521030723,0,Active
Active,IC50,5.36,121373223.0,5.36,5.27083521030723,0,Active
Active,IC50,5.38,138805953.0,5.38,5.269217724333611,0,Active
Active,IC50,5.4,121373365.0,5.4,5.267606240177032,0,Active
Active,IC50,5.41,172443090.0,5.41,5.266802734893431,0,Active
Active,Kd,5.427,177382790.0,5.427,5.265440178420524,0,Active
Active,IC50,5.44,121278267.0,5.44,5.26440110030182,0,Active
Active,IC50,5.47,121372859.0,5.47,5.262012673666569,0,Active
Active,IC50,5.48,121373234.0,5.48,5.261219441515631,0,Active
Active,IC50,5.48,121372874.0,5.48,5.261219441515631,0,Active
Active,IC50,5.48,121373240.0,5.48,5.261219441515631,0,Active
Active,IC50,5.482,118547304.0,5.482,5.261060968796521,0,Active
Active,IC50,5.49,121372887.0,5.49,5.260427655549908,0,Active
Active,IC50,5.5,90448972.0,5.5,5.259637310505756,0,Active
Active,IC50,5.5,117628461.0,5.5,5.259637310505756,0,Active
Active,IC50,5.5,117628439.0,5.5,5.259637310505756,0,Active
Active,IC50,5.5,117628418.0,5.5,5.259637310505756,0,Active
Active,IC50,5.5,90409983.0,5.5,5.259637310505756,0,Active
Active,IC50,5.5,117628226.0,5.5,5.259637310505756,0,Active
Active,IC50,5.5,86267303.0,5.5,5.259637310505756,0,Active
Active,IC50,5.5,117628312.0,5.5,5.259637310505756,0,Active
Active,IC50,5.5,90410660.0,5.5,5.259637310505756,0,Active
Active,IC50,5.5,90449006.0,5.5,5.259637310505756,0,Active
Active,IC50,5.5,166594429.0,5.5,5.259637310505756,0,Active
Active,IC50,5.5,86299162.0,5.5,5.259637310505756,0,Active
Active,IC50,5.5,117628402.0,5.5,5.259637310505756,0,Active
Active,IC50,5.5,117628311.0,5.5,5.259637310505756,0,Active
Active,IC50,5.5,86299225.0,5.5,5.259637310505756,0,Active
Active,IC50,5.5,118059622.0,5.5,5.259637310505756,0,Active
Active,IC50,5.5,117628369.0,5.5,5.259637310505756,0,Active
Active,IC50,5.5,86267304.0,5.5,5.259637310505756,0,Active
Active,IC50,5.5,117628492.0,5.5,5.259637310505756,0,Active
Active,IC50,5.5,117628234.0,5.5,5.259637310505756,0,Active
Active,IC50,5.5,86267306.0,5.5,5.259637310505756,0,Active
Active,IC50,5.5,117628489.0,5.5,5.259637310505756,0,Active
Active,IC50,5.5,90427021.0,5.5,5.259637310505756,0,Active
Active,IC50,5.5,117628336.0,5.5,5.259637310505756,0,Active
Active,IC50,5.5,154732832.0,5.5,5.259637310505756,0,Active
Active,IC50,5.5,117628271.0,5.5,5.259637310505756,0,Active
Active,IC50,5.5,90426439.0,5.5,5.259637310505756,0,Active
Active,IC50,5.5,170735538.0,5.5,5.259637310505756,0,Active
Active,IC50,5.5,86267711.0,5.5,5.259637310505756,0,Active
Active,IC50,5.5,117628393.0,5.5,5.259637310505756,0,Active
Active,IC50,5.5,90427464.0,5.5,5.259637310505756,0,Active
Active,IC50,5.5,118060014.0,5.5,5.259637310505756,0,Active
Active,IC50,5.5,170735659.0,5.5,5.259637310505756,0,Active
Active,IC50,5.5,117628340.0,5.5,5.259637310505756,0,Active
Active,IC50,5.5,117628346.0,5.5,5.259637310505756,0,Active
Active,IC50,5.5,117628405.0,5.5,5.259637310505756,0,Active
Active,IC50,5.5,90449008.0,5.5,5.259637310505756,0,Active
Active,IC50,5.5,117628359.0,5.5,5.259637310505756,0,Active
Active,IC50,5.5,117628309.0,5.5,5.259637310505756,0,Active
Active,IC50,5.5,117628422.0,5.5,5.259637310505756,0,Active
Active,IC50,5.5,170735749.0,5.5,5.259637310505756,0,Active
Active,IC50,5.5,90426806.0,5.5,5.259637310505756,0,Active
Active,IC50,5.5,117628383.0,5.5,5.259637310505756,0,Active
Active,IC50,5.5,117628425.0,5.5,5.259637310505756,0,Active
Active,IC50,5.5,86267504.0,5.5,5.259637310505756,0,Active
Active,IC50,5.5,154732833.0,5.5,5.259637310505756,0,Active
Active,IC50,5.5,117628430.0,5.5,5.259637310505756,0,Active
Active,IC50,5.5,117634624.0,5.5,5.259637310505756,0,Active
Active,IC50,5.5,170735654.0,5.5,5.259637310505756,0,Active
Active,IC50,5.5,170735655.0,5.5,5.259637310505756,0,Active
Active,IC50,5.5,170735775.0,5.5,5.259637310505756,0,Active
Active,IC50,5.5,145866569.0,5.5,5.259637310505756,0,Active
Active,IC50,5.5,145866585.0,5.5,5.259637310505756,0,Active
Active,IC50,5.5,145866584.0,5.5,5.259637310505756,0,Active
Active,IC50,5.5,145866571.0,5.5,5.259637310505756,0,Active
Active,IC50,5.5,117628299.0,5.5,5.259637310505756,0,Active
Active,IC50,5.5,123413559.0,5.5,5.259637310505756,0,Active
Active,IC50,5.5,117628469.0,5.5,5.259637310505756,0,Active
Active,IC50,5.5,117628219.0,5.5,5.259637310505756,0,Active
Active,IC50,5.5,90426384.0,5.5,5.259637310505756,0,Active
Active,IC50,5.5,90449049.0,5.5,5.259637310505756,0,Active
Active,IC50,5.5,85659898.0,5.5,5.259637310505756,0,Active
Active,IC50,5.5,118059692.0,5.5,5.259637310505756,0,Active
Active,IC50,5.5,118093975.0,5.5,5.259637310505756,0,Active
Active,IC50,5.5,117628377.0,5.5,5.259637310505756,0,Active
Active,IC50,5.5,90448969.0,5.5,5.259637310505756,0,Active
Active,IC50,5.5,117634627.0,5.5,5.259637310505756,0,Active
Active,IC50,5.5,117634626.0,5.5,5.259637310505756,0,Active
Active,IC50,5.5,170735545.0,5.5,5.259637310505756,0,Active
Active,IC50,5.5,117628389.0,5.5,5.259637310505756,0,Active
Active,IC50,5.5,90448968.0,5.5,5.259637310505756,0,Active
Active,IC50,5.5,117628287.0,5.5,5.259637310505756,0,Active
Active,IC50,5.5,117628322.0,5.5,5.259637310505756,0,Active
Active,IC50,5.5,86267710.0,5.5,5.259637310505756,0,Active
Active,IC50,5.5,170735433.0,5.5,5.259637310505756,0,Active
Active,Ki,5.51,71811978.0,5.51,5.258848401148215,0,Active
Active,IC50,5.513,121278113.0,5.513,5.258612007520731,0,Active
Active,IC50,5.5185,154019495.0,5.5185,5.258178953113192,0,Active
Active,IC50,5.529,153465802.0,5.529,5.257353410061263,0,Active
Active,IC50,5.539,139530447.0,5.539,5.256568634853316,0,Active
Active,IC50,5.54,155510879.0,5.54,5.2564902352715706,0,Active
Active,IC50,5.56,121271735.0,5.56,5.2549252084179425,0,Active
Active,IC50,5.56,127029808.0,5.56,5.2549252084179425,0,Active
Active,IC50,5.583,121278156.0,5.583,5.253132372149571,0,Active
Active,IC50,5.59,121373024.0,5.59,5.252588192113577,0,Active
Active,IC50,5.59,121372873.0,5.59,5.252588192113577,0,Active
Active,IC50,5.592,121278066.0,5.592,5.252432837262375,0,Active
Active,IC50,5.6,121372877.0,5.6,5.251811972993799,0,Active
Active,IC50,5.6,53054241.0,5.6,5.251811972993799,0,Active
Active,IC50,5.6,155519159.0,5.6,5.251811972993799,0,Active
Active,IC50,5.6,121365252.0,5.6,5.251811972993799,0,Active
Active,IC50,5.6,118727402.0,5.6,5.251811972993799,0,Active
Active,IC50,5.6,132451787.0,5.6,5.251811972993799,0,Active
Active,Ki,5.6,170556511.0,5.6,5.251811972993799,0,Active
Active,IC50,5.6,53054249.0,5.6,5.251811972993799,0,Active
Active,IC50,5.607,121277987.0,5.607,5.2512694439015055,0,Active
Active,IC50,5.611,132070066.0,5.611,5.250959731296543,0,Active
Active,IC50,5.624,121278135.0,5.624,5.249954687988232,0,Active
Active,IC50,5.63,137409200.0,5.63,5.249491605148654,0,Active
Active,IC50,5.64,122467472.0,5.64,5.248720896016658,0,Active
Active,IC50,5.644,121277996.0,5.644,5.24841299491769,0,Active
Active,IC50,5.7,57388845.0,5.7,5.2441251443275085,0,Active
Active,IC50,5.7,124190578.0,5.7,5.2441251443275085,0,Active
Active,IC50,5.7,137648883.0,5.7,5.2441251443275085,0,Active
Active,IC50,5.7,91826328.0,5.7,5.2441251443275085,0,Active
Active,Kd,5.7,112499911.0,5.7,5.2441251443275085,0,Active
Active,IC50,5.7,172452074.0,5.7,5.2441251443275085,0,Active
Active,IC50,5.71,121278277.0,5.71,5.243363891754152,0,Active
Active,IC50,5.713,166058992.0,5.713,5.243135775939451,0,Active
Active,IC50,5.72,153465753.0,5.72,5.242603971206976,0,Active
Active,IC50,5.727,132070064.0,5.727,5.242072816886671,0,Active
Active,IC50,5.727,121278056.0,5.727,5.242072816886671,0,Active
Active,IC50,5.73,153465834.0,5.73,5.24184537803261,0,Active
Active,IC50,5.73,1015929.0,5.73,5.24184537803261,0,Active
Active,IC50,5.76,168271896.0,5.76,5.239577516576788,0,Active
Active,IC50,5.764,121278082.0,5.764,5.239276027858049,0,Active
Active,IC50,5.77,714750.0,5.77,5.238824186844269,0,Active
Active,IC50,5.778,121278054.0,5.778,5.238222462491822,0,Active
Active,IC50,5.794,121278033.0,5.794,5.237021509132257,0,Active
Active,IC50,5.8,121372609.0,5.8,5.236572006437063,0,Active
Active,IC50,5.8,153465829.0,5.8,5.236572006437063,0,Active
Active,IC50,5.8,2164661.0,5.8,5.236572006437063,0,Active
Active,IC50,5.8,137656022.0,5.8,5.236572006437063,0,Active
Active,Kd,5.8,71940129.0,5.8,5.236572006437063,0,Active
Active,IC50,5.8,134139020.0,5.8,5.236572006437063,0,Active
Active,IC50,5.81,171345738.0,5.81,5.235823867609669,0,Active
Active,IC50,5.81,141414523.0,5.81,5.235823867609669,0,Active
Active,IC50,5.82,118732068.0,5.82,5.235077015350112,0,Active
Active,IC50,5.836,121278223.0,5.836,5.2338847167785865,0,Active
Active,IC50,5.85,162644993.0,5.85,5.232844133917819,0,Active
Active,IC50,5.861,127049279.0,5.861,5.232028278618381,0,Active
Active,IC50,5.88,121373028.0,5.88,5.230622673923861,0,Active
Active,IC50,5.9,118200170.0,5.9,5.229147988357855,0,Active
Active,IC50,5.9,121373362.0,5.9,5.229147988357855,0,Active
Active,IC50,5.92,155552070.0,5.92,5.22767829327708,0,Active
Active,IC50,5.93,121372608.0,5.93,5.226945306635738,0,Active
Active,IC50,5.93,155510506.0,5.93,5.226945306635738,0,Active
Active,IC50,5.94,121277964.0,5.94,5.2262135550188065,0,Active
Active,IC50,5.96,118889400.0,5.96,5.2247537402597635,0,Active
Active,IC50,5.967,139530291.0,5.967,5.224243962155902,0,Active
Active,Ki,5.97,136226499.0,5.97,5.224025668870631,0,Active
Active,IC50,5.97,166634627.0,5.97,5.224025668870631,0,Active
Active,IC50,5.974,132070067.0,5.974,5.22373478173189,0,Active
Active,IC50,5.99,121277990.0,5.99,5.2225731776106885,0,Active
Active,IC50,5.996,20861766.0,5.996,5.222138375823758,0,Active
Active,IC50,6.0,155522315.0,6.0,5.221848749616356,0,Active
Active,IC50,6.0,132005228.0,6.0,5.221848749616356,0,Active
Active,IC50,6.0,53054190.0,6.0,5.221848749616356,0,Active
Active,IC50,6.0,90667397.0,6.0,5.221848749616356,0,Active
Active,IC50,6.0,121335268.0,6.0,5.221848749616356,0,Active
Active,IC50,6.0,137649346.0,6.0,5.221848749616356,0,Active
Active,IC50,6.02,121373227.0,6.02,5.220403508742176,0,Active
Active,IC50,6.02,155521775.0,6.02,5.220403508742176,0,Active
Active,Ki,6.02,136226512.0,6.02,5.220403508742176,0,Active
Active,IC50,6.04,121278336.0,6.04,5.218963061378868,0,Active
Active,IC50,6.05,121365372.0,6.05,5.218244625347531,0,Active
Active,IC50,6.07,145959886.0,6.07,5.2168113089247425,0,Active
Active,IC50,6.079,121277988.0,6.079,5.216167856615559,0,Active
Active,IC50,6.08,121372868.0,6.08,5.216096420727265,0,Active
Active,IC50,6.08,121271763.0,6.08,5.216096420727265,0,Active
Active,IC50,6.1,86281900.0,6.1,5.214670164989233,0,Active
Active,IC50,6.1,171352381.0,6.1,5.214670164989233,0,Active
Active,IC50,6.1,121338193.0,6.1,5.214670164989233,0,Active
Active,IC50,6.128,132070071.0,6.128,5.212681243375452,0,Active
Active,Ki,6.13,136226502.0,6.13,5.212539525481585,0,Active
Active,IC50,6.143,121277950.0,6.143,5.211619484680437,0,Active
Active,IC50,6.17,155540495.0,6.17,5.209714835966758,0,Active
Active,IC50,6.18,121373044.0,6.18,5.209011524911184,0,Active
Active,Ki,6.2,157013232.0,6.2,5.207608310501746,0,Active
Active,IC50,6.2,121372869.0,6.2,5.207608310501746,0,Active
Active,IC50,6.2,57344430.0,6.2,5.207608310501746,0,Active
Active,IC50,6.21,164628694.0,6.21,5.20690839982342,0,Active
Active,IC50,6.215,121278166.0,6.215,5.206558867022336,0,Active
Active,IC50,6.216,121277893.0,6.216,5.206488994207142,0,Active
Active,IC50,6.22,121373383.0,6.22,5.206209615309182,0,Active
Active,IC50,6.22,172454203.0,6.22,5.206209615309182,0,Active
Active,Ki,6.22,71812115.0,6.22,5.206209615309182,0,Active
Active,IC50,6.23,168279770.0,6.23,5.205511953340831,0,Active
Active,IC50,6.25,134140106.0,6.25,5.204119982655925,0,Active
Active,IC50,6.25,121376807.0,6.25,5.204119982655925,0,Active
Active,IC50,6.294,139543518.0,6.294,5.201073261422799,0,Active
Active,IC50,6.3,155514594.0,6.3,5.200659450546418,0,Active
Active,IC50,6.303,172130899.0,6.303,5.200452692874385,0,Active
Active,IC50,6.30957,145985751.0,6.30957,5.200000237109354,0,Active
Active,IC50,6.30957,90667402.0,6.30957,5.200000237109354,0,Active
Active,IC50,6.30957,156016584.0,6.30957,5.200000237109354,0,Active
Active,IC50,6.30957,52934128.0,6.30957,5.200000237109354,0,Active
Active,IC50,6.30957,72705811.0,6.30957,5.200000237109354,0,Active
Active,IC50,6.30957,86669224.0,6.30957,5.200000237109354,0,Active
Active,IC50,6.30957,164618730.0,6.30957,5.200000237109354,0,Active
Active,IC50,6.30957,122181566.0,6.30957,5.200000237109354,0,Active
Active,IC50,6.30957,122180540.0,6.30957,5.200000237109354,0,Active
Active,IC50,6.30957,122179608.0,6.30957,5.200000237109354,0,Active
Active,IC50,6.30957,90667401.0,6.30957,5.200000237109354,0,Active
Active,IC50,6.30957,134306034.0,6.30957,5.200000237109354,0,Active
Active,IC50,6.30957,122181547.0,6.30957,5.200000237109354,0,Active
Active,IC50,6.30957,122180551.0,6.30957,5.200000237109354,0,Active
Active,IC50,6.30957,91826678.0,6.30957,5.200000237109354,0,Active
Active,IC50,6.30957,162664211.0,6.30957,5.200000237109354,0,Active
Active,IC50,6.30957,122180539.0,6.30957,5.200000237109354,0,Active
Active,IC50,6.30957,145946096.0,6.30957,5.200000237109354,0,Active
Active,IC50,6.30957,122181567.0,6.30957,5.200000237109354,0,Active
Active,IC50,6.30957,164624078.0,6.30957,5.200000237109354,0,Active
Active,IC50,6.30957,90667400.0,6.30957,5.200000237109354,0,Active
Active,IC50,6.30957,48157467.0,6.30957,5.200000237109354,0,Active
Active,IC50,6.30957,71462842.0,6.30957,5.200000237109354,0,Active
Active,IC50,6.30957,122179612.0,6.30957,5.200000237109354,0,Active
Active,IC50,6.31,153145419.0,6.31,5.199970640755866,0,Active
Active,IC50,6.32,121373228.0,6.32,5.199282921717615,0,Active
Active,IC50,6.33,121372862.0,6.33,5.198596289982645,0,Active
Active,IC50,6.35,171346090.0,6.35,5.197226274708024,0,Active
Active,IC50,6.37,137650878.0,6.37,5.195860567664649,0,Active
Active,IC50,6.38,121372863.0,6.38,5.195179321278838,0,Active
Active,IC50,6.398,121278176.0,6.398,5.193955764251911,0,Active
Active,IC50,6.4,27770210.0,6.4,5.1938200260161125,0,Active
Active,IC50,6.4,138375193.0,6.4,5.1938200260161125,0,Active
Active,IC50,6.4,137640422.0,6.4,5.1938200260161125,0,Active
Active,IC50,6.402,121271837.0,6.402,5.1936843301918865,0,Active
Active,Ki,6.43,136002815.0,6.43,5.191789027075778,0,Active
Active,IC50,6.441,121278225.0,6.441,5.191046700844089,0,Active
Active,IC50,6.45,121373023.0,6.45,5.1904402853647325,0,Active
Active,IC50,6.47,2817.0,6.47,5.189095719331299,0,Active
Active,IC50,6.47,121373032.0,6.47,5.189095719331299,0,Active
Active,IC50,6.48,137409211.0,6.48,5.188424994129407,0,Active
Active,Ki,6.48,136174597.0,6.48,5.188424994129407,0,Active
Active,IC50,6.481,139530357.0,6.481,5.188357978546849,0,Active
Active,IC50,6.49,15944510.0,6.49,5.187755303199631,0,Active
Active,IC50,6.49,121373269.0,6.49,5.187755303199631,0,Active
Active,Ki,6.5,170556552.0,6.5,5.187086643357144,0,Active
Active,IC50,6.5,56950424.0,6.5,5.187086643357144,0,Active
Active,IC50,6.502,121278002.0,6.502,5.186953034839892,0,Active
Active,IC50,6.503,139574646.0,6.503,5.186886245992102,0,Active
Active,IC50,6.53,121373242.0,6.53,5.185086818724926,0,Active
Active,IC50,6.54,52233933.0,6.54,5.184422251675732,0,Active
Active,Ki,6.54,136226506.0,6.54,5.184422251675732,0,Active
Active,IC50,6.578,121278053.0,6.578,5.181906130853364,0,Active
Active,IC50,6.59,137409201.0,6.59,5.18111458540599,0,Active
Active,IC50,6.6,53054320.0,6.6,5.180456064458132,0,Active
Active,IC50,6.6,137319664.0,6.6,5.180456064458132,0,Active
Active,IC50,6.6,1922908.0,6.6,5.180456064458132,0,Active
Active,IC50,6.62,121365411.0,6.62,5.1791420105603,0,Active
Active,IC50,6.622,121278147.0,6.622,5.17901082358395,0,Active
Active,IC50,6.66,121373038.0,6.66,5.176525770829699,0,Active
Active,IC50,6.66,121372612.0,6.66,5.176525770829699,0,Active
Unspecified,IC50,6.67,121373600.0,6.67,5.175874166083451,0,Inactive
Active,IC50,6.68,155520762.0,6.68,5.175223537524454,0,Active
Active,IC50,6.7,135448822.0,6.7,5.173925197299173,0,Active
Unspecified,IC50,6.7,91826313.0,6.7,5.173925197299173,0,Inactive
Unspecified,IC50,6.7,91826312.0,6.7,5.173925197299173,0,Inactive
Unspecified,IC50,6.7,91826306.0,6.7,5.173925197299173,0,Inactive
Active,IC50,6.7,132186890.0,6.7,5.173925197299173,0,Active
Unspecified,IC50,6.7,91826308.0,6.7,5.173925197299173,0,Inactive
Active,IC50,6.706,121271817.0,6.706,5.173536450907199,0,Active
Active,IC50,6.71,155550685.0,6.71,5.1732774798310075,0,Active
Active,IC50,6.72,121373386.0,6.72,5.172630726946175,0,Active
Active,IC50,6.74,155515498.0,6.74,5.17134010346468,0,Active
Active,IC50,6.75,121365508.0,6.75,5.170696227168975,0,Active
Active,IC50,6.78,171349581.0,6.78,5.168770306132936,0,Active
Active,Kd,6.8,47265390.0,6.8,5.167491087293763,0,Active
Active,Kd,6.8,71940142.0,6.8,5.167491087293763,0,Active
Active,IC50,6.822,132070058.0,6.822,5.166088284928621,0,Active
Active,Ki,6.83,136174600.0,6.83,5.165579296318468,0,Active
Active,IC50,6.83,121372871.0,6.83,5.165579296318468,0,Active
Active,IC50,6.85,172459909.0,6.85,5.164309428507575,0,Active
Active,IC50,6.87,121427833.0,6.87,5.16304326294045,0,Active
Active,IC50,6.874,121271749.0,6.874,5.162790472198793,0,Active
Active,IC50,6.877,121277999.0,6.877,5.162600975657978,0,Active
Active,IC50,6.89,121373041.0,6.89,5.161780778092374,0,Active
Active,IC50,6.89,170649817.0,6.89,5.161780778092374,0,Active
Active,IC50,6.891,121278144.0,6.891,5.1617177500853115,0,Active
Active,Kd,6.9,162785193.0,6.9,5.161150909262744,0,Active
Active,IC50,6.9,132169928.0,6.9,5.161150909262744,0,Active
Active,IC50,6.9,137647079.0,6.9,5.161150909262744,0,Active
Active,Kd,6.92,166625702.0,6.92,5.1598939055432425,0,Active
Active,IC50,6.92,121278035.0,6.92,5.1598939055432425,0,Active
Active,IC50,6.93,121427802.0,6.93,5.159266765388193,0,Active
Active,IC50,6.93,24906350.0,6.93,5.159266765388193,0,Active
Active,IC50,6.93,141414521.0,6.93,5.159266765388193,0,Active
Active,IC50,6.94,171354778.0,6.94,5.158640529545145,0,Active
Active,IC50,6.94,121271786.0,6.94,5.158640529545145,0,Active
Active,IC50,6.98,121373086.0,6.98,5.156144577376839,0,Active
Active,Kd,7.0,2737312.0,7.0,5.154901959985743,0,Active
Active,IC50,7.0,11128828.0,7.0,5.154901959985743,0,Active
Active,IC50,7.014,121278065.0,7.014,5.154034238454516,0,Active
Active,IC50,7.06,139530390.0,7.06,5.151195298948196,0,Active
Active,IC50,7.07,121373596.0,7.07,5.150580586203101,0,Active
Active,IC50,7.075,153465785.0,7.075,5.150273555803672,0,Active
Active,Kd,7.1,129182137.0,7.1,5.1487416512809245,0,Active
Active,IC50,7.11,146524803.0,7.11,5.148130399270234,0,Active
Active,Ki,7.12,136226501.0,7.12,5.147520006363144,0,Active
Active,Ki,7.14,136174618.0,7.14,5.146301788223826,0,Active
Active,IC50,7.15,121372687.0,7.15,5.145693958198919,0,Active
Active,IC50,7.19,148775241.0,7.19,5.1432711096171175,0,Active
Active,IC50,7.2,118727392.0,7.2,5.142667503568731,0,Active
Active,IC50,7.2,118918720.0,7.2,5.142667503568731,0,Active
Active,Kd,7.2,127031887.0,7.2,5.142667503568731,0,Active
Active,IC50,7.2,155537340.0,7.2,5.142667503568731,0,Active
Active,IC50,7.22,121373013.0,7.22,5.141462802430361,0,Active
Active,IC50,7.23,155530732.0,7.23,5.140861702705469,0,Active
Active,Ki,7.28,71812101.0,7.28,5.137868620686962,0,Active
Active,Ki,7.29,71811975.0,7.29,5.137272471682025,0,Active
Active,IC50,7.3,121372875.0,7.3,5.136677139879544,0,Active
Active,IC50,7.3,121372914.0,7.3,5.136677139879544,0,Active
Active,IC50,7.3,155542752.0,7.3,5.136677139879544,0,Active
Active,IC50,7.3,1392072.0,7.3,5.136677139879544,0,Active
Active,IC50,7.32,121365279.0,7.32,5.135488918941608,0,Active
Active,IC50,7.34,118732064.0,7.34,5.13430394008393,0,Active
Active,IC50,7.4,118889418.0,7.4,5.130768280269024,0,Active
Active,IC50,7.4,132169581.0,7.4,5.130768280269024,0,Active
Active,IC50,7.4,16371566.0,7.4,5.130768280269024,0,Active
Active,Kd,7.4,71873940.0,7.4,5.130768280269024,0,Active
Active,IC50,7.4,56950425.0,7.4,5.130768280269024,0,Active
Active,IC50,7.4,153465856.0,7.4,5.130768280269024,0,Active
Active,IC50,7.4,137652124.0,7.4,5.130768280269024,0,Active
Active,IC50,7.405,121278032.0,7.405,5.130474937142773,0,Active
Active,IC50,7.42,134135428.0,7.42,5.129596094720973,0,Active
Active,IC50,7.43,137409199.0,7.43,5.129011186239425,0,Active
Active,IC50,7.439,166139296.0,7.439,5.128485441291618,0,Active
Active,IC50,7.444,121278058.0,7.444,5.128193635541271,0,Active
Active,IC50,7.466,139530398.0,7.466,5.126912014409714,0,Active
Active,IC50,7.472,94975677.0,7.472,5.126563136777963,0,Active
Active,IC50,7.48,170854662.0,7.48,5.126098402135539,0,Active
Active,IC50,7.49,134457649.0,7.49,5.125518182300533,0,Active
Active,IC50,7.5,638578.0,7.5,5.1249387366083,0,Active
Active,IC50,7.5,54757752.0,7.5,5.1249387366083,0,Active
Active,IC50,7.5,121373229.0,7.5,5.1249387366083,0,Active
Active,IC50,7.5,153465920.0,7.5,5.1249387366083,0,Active
Active,IC50,7.5,153465847.0,7.5,5.1249387366083,0,Active
Active,IC50,7.5,2824992.0,7.5,5.1249387366083,0,Active
Active,IC50,7.529,139530423.0,7.529,5.123262702859336,0,Active
Active,IC50,7.53,121278347.0,7.53,5.123205023799299,0,Active
Active,IC50,7.55,90654871.0,7.55,5.1220530483708115,0,Active
Active,IC50,7.55,137410595.0,7.55,5.1220530483708115,0,Active
Active,IC50,7.571,166058982.0,7.571,5.120846753815754,0,Active
Active,IC50,7.575,121278046.0,7.575,5.120617362825658,0,Active
Active,Ki,7.58,163304012.0,7.58,5.120330794367947,0,Active
Active,IC50,7.58,121373360.0,7.58,5.120330794367947,0,Active
Active,IC50,7.6,171357738.0,7.6,5.119186407719209,0,Active
Active,IC50,7.6,53054236.0,7.6,5.119186407719209,0,Active
Active,IC50,7.64,172453291.0,7.64,5.11690664142431,0,Active
Active,IC50,7.646,121278034.0,7.646,5.11656570631699,0,Active
Active,IC50,7.7,132186772.0,7.7,5.113509274827518,0,Active
Active,IC50,7.7,134135176.0,7.7,5.113509274827518,0,Active
Active,IC50,7.7,172467029.0,7.7,5.113509274827518,0,Active
Active,IC50,7.7,54757751.0,7.7,5.113509274827518,0,Active
Active,IC50,7.7,152000954.0,7.7,5.113509274827518,0,Active
Active,IC50,7.73,121373402.0,7.73,5.111820506081675,0,Active
Active,IC50,7.74,121372855.0,7.74,5.111259039317107,0,Active
Active,IC50,7.744,132070076.0,7.744,5.111034655699663,0,Active
Active,IC50,7.77,121373256.0,7.77,5.1095789811990855,0,Active
Active,IC50,7.77,121277653.0,7.77,5.1095789811990855,0,Active
Active,IC50,7.8,138805945.0,7.8,5.107905397309519,0,Active
Active,IC50,7.8,132169133.0,7.8,5.107905397309519,0,Active
Active,IC50,7.8,118727390.0,7.8,5.107905397309519,0,Active
Active,IC50,7.8,91826319.0,7.8,5.107905397309519,0,Active
Active,IC50,7.86,118721632.0,7.86,5.104577453960592,0,Active
Active,IC50,7.87,121373015.0,7.87,5.104025267640935,0,Active
Active,IC50,7.88,121373111.0,7.88,5.103473782510445,0,Active
Active,Kd,7.9,112499910.0,7.9,5.102372908709558,0,Active
Active,IC50,7.9,129046544.0,7.9,5.102372908709558,0,Active
Active,IC50,7.9,121342528.0,7.9,5.102372908709558,0,Active
Active,IC50,7.91,172454705.0,7.91,5.101823516502323,0,Active
Active,IC50,7.94,164621309.0,7.94,5.100179497572904,0,Active
Active,IC50,7.94328,67173666.0,7.94328,5.100000128334196,0,Active
Active,IC50,7.94328,166631754.0,7.94328,5.100000128334196,0,Active
Active,IC50,7.94328,162665945.0,7.94328,5.100000128334196,0,Active
Active,IC50,7.94328,166629830.0,7.94328,5.100000128334196,0,Active
Active,IC50,7.94328,164628703.0,7.94328,5.100000128334196,0,Active
Active,IC50,7.94328,127043864.0,7.94328,5.100000128334196,0,Active
Active,IC50,7.94328,47449090.0,7.94328,5.100000128334196,0,Active
Active,IC50,7.94328,70681167.0,7.94328,5.100000128334196,0,Active
Active,IC50,7.94328,155556096.0,7.94328,5.100000128334196,0,Active
Active,IC50,7.94328,122180554.0,7.94328,5.100000128334196,0,Active
Active,IC50,7.94328,122179614.0,7.94328,5.100000128334196,0,Active
Active,IC50,7.94328,155818568.0,7.94328,5.100000128334196,0,Active
Active,IC50,7.94328,122181552.0,7.94328,5.100000128334196,0,Active
Active,IC50,7.94328,122181551.0,7.94328,5.100000128334196,0,Active
Active,Ki,7.94328,122181572.0,7.94328,5.100000128334196,0,Active
Active,Ki,7.94328,156014580.0,7.94328,5.100000128334196,0,Active
Inactive,IC50,7.94328,138618774.0,7.94328,5.100000128334196,0,Inactive
Active,IC50,7.94328,145984467.0,7.94328,5.100000128334196,0,Active
Active,IC50,7.949,139543433.0,7.949,5.099687503016273,0,Active
Active,Ki,7.95,122187515.0,7.95,5.0996328713435295,0,Active
Active,IC50,7.97,172462617.0,7.97,5.098541678603888,0,Active
Active,IC50,7.98,118889402.0,7.98,5.09799710864927,0,Active
Active,IC50,8.0,127048318.0,8.0,5.096910013008056,0,Active
Active,IC50,8.0,138375205.0,8.0,5.096910013008056,0,Active
Active,IC50,8.01,121376916.0,8.01,5.096367483915762,0,Active
Active,IC50,8.014,121278137.0,8.014,5.0961506619033194,0,Active
Active,IC50,8.061,121278160.0,8.061,5.093611078847169,0,Active
Active,IC50,8.072,121277985.0,8.072,5.093018846771146,0,Active
Active,IC50,8.09,121365443.0,8.09,5.092051478387727,0,Active
Active,IC50,8.098,121278151.0,8.098,5.091622227567606,0,Active
Active,IC50,8.1,127032939.0,8.1,5.0915149811213505,0,Active
Active,IC50,8.16,121373018.0,8.16,5.088309841246139,0,Active
Active,IC50,8.18,30342829.0,8.18,5.087246696328677,0,Active
Active,IC50,8.19,121278269.0,8.19,5.086716098239582,0,Active
Active,IC50,8.2,155534867.0,8.2,5.086186147616283,0,Active
Active,IC50,8.2,53054240.0,8.2,5.086186147616283,0,Active
Active,IC50,8.2,121335260.0,8.2,5.086186147616283,0,Active
Active,IC50,8.21,139537472.0,8.21,5.085656842880559,0,Active
Active,IC50,8.22,15944522.0,8.22,5.0851281824599495,0,Active
Active,IC50,8.24,134140792.0,8.24,5.084072788302884,0,Active
Active,IC50,8.25,121372888.0,8.25,5.0835460514500745,0,Active
Active,IC50,8.25,121365515.0,8.25,5.0835460514500745,0,Active
Active,IC50,8.26,121373262.0,8.26,5.083019952679618,0,Active
Active,Kd,8.26,166628537.0,8.26,5.083019952679618,0,Active
Active,IC50,8.26,121373246.0,8.26,5.083019952679618,0,Active
Active,IC50,8.3,164515205.0,8.3,5.080921907623926,0,Active
Active,IC50,8.3,153465742.0,8.3,5.080921907623926,0,Active
Active,IC50,8.3,137656164.0,8.3,5.080921907623926,0,Active
Active,Ki,8.322,90388523.0,8.322,5.079772288543071,0,Active
Active,IC50,8.33,118732063.0,8.33,5.079354998593212,0,Active
Active,IC50,8.342,121277863.0,8.342,5.078729814490187,0,Active
Active,IC50,8.4,138375227.0,8.4,5.075720713938118,0,Active
Active,Ki,8.4,149890301.0,8.4,5.075720713938118,0,Active
Active,IC50,8.4,162673238.0,8.4,5.075720713938118,0,Active
Active,IC50,8.41,121373343.0,8.41,5.075204004202088,0,Active
Active,IC50,8.42,172459766.0,8.42,5.0746879085003505,0,Active
Active,IC50,8.46,146589318.0,8.46,5.0726296369609765,0,Active
Active,IC50,8.46,121373029.0,8.46,5.0726296369609765,0,Active
Active,IC50,8.461,121277889.0,8.461,5.072578304949581,0,Active
Active,IC50,8.5,121365442.0,8.5,5.070581074285707,0,Active
Active,IC50,8.5,132186468.0,8.5,5.070581074285707,0,Active
Active,IC50,8.5,121271705.0,8.5,5.070581074285707,0,Active
Active,IC50,8.5,2787707.0,8.5,5.070581074285707,0,Active
Active,IC50,8.505,121278177.0,8.505,5.070325682051412,0,Active
Active,IC50,8.546,121278073.0,8.546,5.0682371115188225,0,Active
Active,IC50,8.55,121373258.0,8.55,5.068033885271827,0,Active
Active,IC50,8.551,121278097.0,8.551,5.067983093565799,0,Active
Active,IC50,8.59,137640560.0,8.59,5.066006836168758,0,Active
Active,Ki,8.6,170556535.0,8.6,5.0655015487564325,0,Active
Active,IC50,8.6,121373155.0,8.6,5.0655015487564325,0,Active
Active,IC50,8.6,155561055.0,8.6,5.0655015487564325,0,Active
Active,Kd,8.63,7694334.0,8.63,5.06398920428479,0,Active
Active,IC50,8.67,121373266.0,8.67,5.06198090252379,0,Active
Active,IC50,8.707,139530427.0,8.707,5.06013145554049,0,Active
Active,IC50,8.72,118889444.0,8.72,5.059483515067432,0,Active
Active,IC50,8.81,47083668.0,8.81,5.055024091587952,0,Active
Active,Ki,8.83,71812018.0,8.83,5.054039296422431,0,Active
Active,IC50,8.83,172448500.0,8.83,5.054039296422431,0,Active
Active,IC50,8.83,121427811.0,8.83,5.054039296422431,0,Active
Active,IC50,8.86,121373583.0,8.86,5.052566278112949,0,Active
Active,IC50,8.87,121372891.0,8.87,5.052076380168273,0,Active
Active,IC50,8.884,121277644.0,8.884,5.051391450123564,0,Active
Active,Kd,8.9,121335283.0,8.9,5.050609993355087,0,Active
Active,IC50,8.9,139530433.0,8.9,5.050609993355087,0,Active
Active,IC50,8.9,132169005.0,8.9,5.050609993355087,0,Active
Active,IC50,8.94,2371015.0,8.94,5.048662481204082,0,Active
Active,IC50,8.96,166634381.0,8.96,5.047691990337874,0,Active
Active,IC50,9.0,122180905.0,9.0,5.045757490560675,0,Active
Active,IC50,9.02,47012217.0,9.02,5.044793462458058,0,Active
Active,IC50,9.02,121278338.0,9.02,5.044793462458058,0,Active
Active,IC50,9.05,3971.0,9.05,5.043351420794797,0,Active
Active,IC50,9.06,121373019.0,9.06,5.042871802323187,0,Active
Active,Ki,9.06,71811976.0,9.06,5.042871802323187,0,Active
Active,IC50,9.065,155533302.0,9.065,5.042632191568472,0,Active
Active,IC50,9.08,121372879.0,9.08,5.041914151478915,0,Active
Active,IC50,9.08,121376893.0,9.08,5.041914151478915,0,Active
Active,Ki,9.09,71811980.0,9.09,5.041436116778033,0,Active
Active,IC50,9.099,121278212.0,9.099,5.0410063349696745,0,Active
Active,Kd,9.1,129166222.0,9.1,5.040958607678906,0,Active
Active,IC50,9.1,129046525.0,9.1,5.040958607678906,0,Active
Active,IC50,9.106,139530391.0,9.106,5.040672354027829,0,Active
Active,IC50,9.11,155561689.0,9.11,5.040481623027002,0,Active
Active,Ki,9.14,71812016.0,9.14,5.039053804266168,0,Active
Active,Kd,9.2,71888003.0,9.2,5.036212172654444,0,Active
Active,IC50,9.2,137642659.0,9.2,5.036212172654444,0,Active
Active,IC50,9.209,20861767.0,9.209,5.03578752703018,0,Active
Active,IC50,9.222,121278111.0,9.222,5.035174882116611,0,Active
Active,IC50,9.28,136321792.0,9.28,5.032452023781138,0,Active
Active,IC50,9.297,121271736.0,9.297,5.031657169041054,0,Active
Active,IC50,9.307,16008330.0,9.307,5.031190286087142,0,Active
Active,IC50,9.31,118732067.0,9.31,5.031050319018657,0,Active
Active,IC50,9.32,145990617.0,9.32,5.030584087646019,0,Active
Active,IC50,9.334,121278050.0,9.334,5.029932203450863,0,Active
Active,IC50,9.37,118352429.0,9.37,5.028260409112222,0,Active
Active,IC50,9.4,137652808.0,9.4,5.026872146400302,0,Active
Active,IC50,9.4,137649815.0,9.4,5.026872146400302,0,Active
Active,Kd,9.4,121335274.0,9.4,5.026872146400302,0,Active
Active,IC50,9.41,121373392.0,9.41,5.026410376572743,0,Active
Active,IC50,9.5,121373769.0,9.5,5.022276394711152,0,Active
Unspecified,IC50,9.5,130471770.0,9.5,5.022276394711152,0,Inactive
Active,IC50,9.57,15944528.0,9.57,5.019088062223156,0,Active
Active,IC50,9.579,139530493.0,9.579,5.018679826740892,0,Active
Active,IC50,9.6,121372947.0,9.6,5.017728766960431,0,Active
Active,IC50,9.6,168277986.0,9.6,5.017728766960431,0,Active
Active,Ki,9.6,136226507.0,9.6,5.017728766960431,0,Active
Unspecified,IC50,9.6,130471789.0,9.6,5.017728766960431,0,Inactive
Active,IC50,9.65,121373026.0,9.65,5.015472686656207,0,Active
Active,IC50,9.671,121278216.0,9.671,5.014528616710412,0,Active
Active,IC50,9.68,1523407.0,9.68,5.014124642691606,0,Active
Active,IC50,9.7,54757750.0,9.7,5.013228265733755,0,Active
Active,IC50,9.7,155352345.0,9.7,5.013228265733755,0,Active
Active,IC50,9.713,139530314.0,9.713,5.0126466112642065,0,Active
Active,IC50,9.72,121277948.0,9.72,5.012333735073725,0,Active
Active,IC50,9.72,121373043.0,9.72,5.012333735073725,0,Active
Active,IC50,9.74,153465746.0,9.74,5.011441043121384,0,Active
Active,IC50,9.745,2349631.0,9.745,5.011218156546359,0,Active
Active,Kd,9.8,81689862.0,9.8,5.008773924307505,0,Active
Active,IC50,9.8,134132252.0,9.8,5.008773924307505,0,Active
Active,IC50,9.8,142703263.0,9.8,5.008773924307505,0,Active
Active,IC50,9.82,141414531.0,9.82,5.00788851221305,0,Active
Active,IC50,9.89,171358164.0,9.89,5.004803708402821,0,Active
Active,IC50,9.93,155529744.0,9.93,5.0030507515046185,0,Active
Unspecified,IC50,9.95,130472058.0,9.95,5.002176919254275,0,Inactive
Active,IC50,9.962,121278209.0,9.962,5.0016534626036355,0,Active
Active,IC50,9.99,118352308.0,9.99,5.000434511774017,0,Active
Inactive,IC50,10.0,170735479.0,10.0,5.0,0,Inactive
Unspecified,IC50,10.0,137655043.0,10.0,5.0,0,Inactive
Unspecified,IC50,10.0,2854307.0,10.0,5.0,0,Inactive
Unspecified,Kd,10.0,121342417.0,10.0,5.0,0,Inactive
Unspecified,IC50,10.0,122191048.0,10.0,5.0,0,Inactive
Unspecified,Kd,10.0,91808039.0,10.0,5.0,0,Inactive
Active,IC50,10.0,155512075.0,10.0,5.0,0,Active
Active,IC50,10.0,127043861.0,10.0,5.0,0,Active
Active,IC50,10.0,127043874.0,10.0,5.0,0,Active
Unspecified,IC50,10.0,47108307.0,10.0,5.0,0,Inactive
Unspecified,IC50,10.0,53268658.0,10.0,5.0,0,Inactive
Inactive,IC50,10.0,139530467.0,10.0,5.0,0,Inactive
Inactive,IC50,10.0,153465879.0,10.0,5.0,0,Inactive
Inactive,IC50,10.0,134579147.0,10.0,5.0,0,Inactive
Unspecified,Ki,10.0,156014368.0,10.0,5.0,0,Inactive
Inactive,IC50,10.0,146976174.0,10.0,5.0,0,Inactive
Inactive,IC50,10.0,139530416.0,10.0,5.0,0,Inactive
Inactive,IC50,10.0,139530345.0,10.0,5.0,0,Inactive
Inactive,IC50,10.0,139530335.0,10.0,5.0,0,Inactive
Inactive,IC50,10.0,139530528.0,10.0,5.0,0,Inactive
Inactive,IC50,10.0,139530500.0,10.0,5.0,0,Inactive
Inactive,IC50,10.0,139530334.0,10.0,5.0,0,Inactive
Unspecified,IC50,10.0,137657639.0,10.0,5.0,0,Inactive
Unspecified,IC50,10.0,137642634.0,10.0,5.0,0,Inactive
Active,IC50,10.0,162653134.0,10.0,5.0,0,Active
Unspecified,IC50,10.0,118958122.0,10.0,5.0,0,Inactive
Unspecified,IC50,10.0,3109203.0,10.0,5.0,0,Inactive
Unspecified,IC50,10.0,137656977.0,10.0,5.0,0,Inactive
Inactive,IC50,10.0,153465750.0,10.0,5.0,0,Inactive
Unspecified,Ki,10.0,122187518.0,10.0,5.0,0,Inactive
Unspecified,Ki,10.0,156013790.0,10.0,5.0,0,Inactive
Unspecified,Ki,10.0,156013637.0,10.0,5.0,0,Inactive
Unspecified,IC50,10.0,122191031.0,10.0,5.0,0,Inactive
Inactive,IC50,10.0,170735474.0,10.0,5.0,0,Inactive
Inactive,IC50,10.0,174177989.0,10.0,5.0,0,Inactive
Active,IC50,10.0,162422438.0,10.0,5.0,0,Active
Unspecified,IC50,10.0,827656.0,10.0,5.0,0,Inactive
Inactive,IC50,10.0,146524949.0,10.0,5.0,0,Inactive
Inactive,IC50,10.0,163200123.0,10.0,5.0,0,Inactive
Inactive,IC50,10.0,170735539.0,10.0,5.0,0,Inactive
Inactive,IC50,10.0,170735564.0,10.0,5.0,0,Inactive
Unspecified,Ki,10.0,156017232.0,10.0,5.0,0,Inactive
Unspecified,IC50,10.0,130472274.0,10.0,5.0,0,Inactive
Inactive,IC50,10.0,139530480.0,10.0,5.0,0,Inactive
Inactive,IC50,10.0,139530454.0,10.0,5.0,0,Inactive
Inactive,IC50,10.0,139530415.0,10.0,5.0,0,Inactive
Inactive,IC50,10.0,139543406.0,10.0,5.0,0,Inactive
Inactive,IC50,10.0,139530312.0,10.0,5.0,0,Inactive
Inactive,IC50,10.0,139530428.0,10.0,5.0,0,Inactive
Inactive,IC50,10.0,139530311.0,10.0,5.0,0,Inactive
Inactive,IC50,10.0,40642506.0,10.0,5.0,0,Inactive
Unspecified,IC50,10.0,155552649.0,10.0,5.0,0,Inactive
Inactive,IC50,10.0,153465775.0,10.0,5.0,0,Inactive
Inactive,IC50,10.0,153465727.0,10.0,5.0,0,Inactive
Inactive,IC50,10.0,153465907.0,10.0,5.0,0,Inactive
Inactive,IC50,10.0,134579155.0,10.0,5.0,0,Inactive
Active,IC50,10.0,71661333.0,10.0,5.0,0,Active
Unspecified,IC50,10.0,137652284.0,10.0,5.0,0,Inactive
Unspecified,IC50,10.0,205810.0,10.0,5.0,0,Inactive
Unspecified,IC50,10.0,45103903.0,10.0,5.0,0,Inactive
Unspecified,IC50,10.0,137655670.0,10.0,5.0,0,Inactive
Unspecified,IC50,10.0,986642.0,10.0,5.0,0,Inactive
Unspecified,IC50,10.0,125994265.0,10.0,5.0,0,Inactive
Active,IC50,10.0,122181568.0,10.0,5.0,0,Active
Unspecified,IC50,10.0,137648959.0,10.0,5.0,0,Inactive
Unspecified,IC50,10.0,44557921.0,10.0,5.0,0,Inactive
Inactive,IC50,10.0,139543436.0,10.0,5.0,0,Inactive
Active,IC50,10.0,90667415.0,10.0,5.0,0,Active
Inactive,IC50,10.0,139530513.0,10.0,5.0,0,Inactive
Inactive,IC50,10.0,146525125.0,10.0,5.0,0,Inactive
Unspecified,Kd,10.0,118796358.0,10.0,5.0,0,Inactive
Unspecified,Kd,10.0,117072549.0,10.0,5.0,0,Inactive
Active,IC50,10.0,122180542.0,10.0,5.0,0,Active
Unspecified,IC50,10.0,172462316.0,10.0,5.0,0,Inactive
Unspecified,IC50,10.0,162514092.0,10.0,5.0,0,Inactive
Unspecified,Kd,10.0,166979879.0,10.0,5.0,0,Inactive
Active,IC50,10.0,122181549.0,10.0,5.0,0,Active
Active,IC50,10.0,122181571.0,10.0,5.0,0,Active
Active,IC50,10.0,122181558.0,10.0,5.0,0,Active
Unspecified,Ki,10.0,156016978.0,10.0,5.0,0,Inactive
Inactive,IC50,10.0,153465819.0,10.0,5.0,0,Inactive
Unspecified,IC50,10.0,118732066.0,10.0,5.0,0,Inactive
Unspecified,IC50,10.0,146037610.0,10.0,5.0,0,Inactive
Unspecified,IC50,10.0,155561539.0,10.0,5.0,0,Inactive
Unspecified,IC50,10.0,155567377.0,10.0,5.0,0,Inactive
Unspecified,IC50,10.0,155532785.0,10.0,5.0,0,Inactive
Unspecified,IC50,10.0,155542833.0,10.0,5.0,0,Inactive
Inactive,IC50,10.0,153465823.0,10.0,5.0,0,Inactive
Unspecified,IC50,10.0,155545446.0,10.0,5.0,0,Inactive
Unspecified,IC50,10.0,155558023.0,10.0,5.0,0,Inactive
Inactive,IC50,10.0,134578919.0,10.0,5.0,0,Inactive
Inactive,IC50,10.0,139530468.0,10.0,5.0,0,Inactive
Inactive,IC50,10.0,139530451.0,10.0,5.0,0,Inactive
Inactive,IC50,10.0,139530305.0,10.0,5.0,0,Inactive
Unspecified,IC50,10.0,53268667.0,10.0,5.0,0,Inactive
Unspecified,IC50,10.0,209396.0,10.0,5.0,0,Inactive
Unspecified,IC50,10.0,155555451.0,10.0,5.0,0,Inactive
Unspecified,IC50,10.0,2317823.0,10.0,5.0,0,Inactive
Unspecified,IC50,10.0,155559494.0,10.0,5.0,0,Inactive
Unspecified,IC50,10.0,155536169.0,10.0,5.0,0,Inactive
Active,IC50,10.0,56950566.0,10.0,5.0,0,Active
Unspecified,IC50,10.0,155513192.0,10.0,5.0,0,Inactive
Unspecified,IC50,10.0,155544012.0,10.0,5.0,0,Inactive
Inactive,IC50,10.0,170735579.0,10.0,5.0,0,Inactive
Inactive,IC50,10.0,170735692.0,10.0,5.0,0,Inactive
Unspecified,IC50,10.0,137700779.0,10.0,5.0,0,Inactive
Unspecified,IC50,10.0,155523095.0,10.0,5.0,0,Inactive
Unspecified,IC50,10.0,155511921.0,10.0,5.0,0,Inactive
Unspecified,IC50,10.0,122705990.0,10.0,5.0,0,Inactive
Inactive,IC50,10.0,139530326.0,10.0,5.0,0,Inactive
Inactive,IC50,10.0,170735447.0,10.0,5.0,0,Inactive
Inactive,IC50,10.0,170735528.0,10.0,5.0,0,Inactive
Active,IC50,10.0,122181548.0,10.0,5.0,0,Active
Active,IC50,10.0,127045294.0,10.0,5.0,0,Active
Active,IC50,10.0,16258532.0,10.0,5.0,0,Active
Inactive,IC50,10.0,170735586.0,10.0,5.0,0,Inactive
Active,IC50,10.0,46249215.0,10.0,5.0,0,Active
Unspecified,IC50,10.0,126564469.0,10.0,5.0,0,Inactive
Inactive,IC50,10.0,170735494.0,10.0,5.0,0,Inactive
Inactive,IC50,10.0,170735497.0,10.0,5.0,0,Inactive
Inactive,IC50,10.0,170735745.0,10.0,5.0,0,Inactive
Inactive,IC50,10.0,170735458.0,10.0,5.0,0,Inactive
Unspecified,IC50,10.0,118932975.0,10.0,5.0,0,Inactive
Active,Ki,10.0,137654718.0,10.0,5.0,0,Active
Inactive,IC50,10.0,139530316.0,10.0,5.0,0,Inactive
Unspecified,IC50,10.0,118732065.0,10.0,5.0,0,Inactive
Inactive,IC50,10.0,139530459.0,10.0,5.0,0,Inactive
Unspecified,IC50,10.0,137643517.0,10.0,5.0,0,Inactive
Unspecified,IC50,10.0,137649425.0,10.0,5.0,0,Inactive
Inactive,IC50,10.0,153465799.0,10.0,5.0,0,Inactive
Inactive,IC50,10.0,153465884.0,10.0,5.0,0,Inactive
Inactive,IC50,10.0,146525021.0,10.0,5.0,0,Inactive
Inactive,IC50,10.0,146525082.0,10.0,5.0,0,Inactive
Unspecified,IC50,10.0,155536879.0,10.0,5.0,0,Inactive
Inactive,IC50,10.0,135126533.0,10.0,5.0,0,Inactive
Inactive,IC50,10.0,170735396.0,10.0,5.0,0,Inactive
Inactive,IC50,10.0,170735486.0,10.0,5.0,0,Inactive
Inactive,IC50,10.0,170735736.0,10.0,5.0,0,Inactive
Inactive,IC50,10.0,170735737.0,10.0,5.0,0,Inactive
Inactive,IC50,10.0,139530439.0,10.0,5.0,0,Inactive
Unspecified,IC50,10.0,155564455.0,10.0,5.0,0,Inactive
Unspecified,IC50,10.0,134457678.0,10.0,5.0,0,Inactive
Unspecified,IC50,10.0,162660966.0,10.0,5.0,0,Inactive
Unspecified,IC50,10.0,137631821.0,10.0,5.0,0,Inactive
Unspecified,IC50,10.0,137641530.0,10.0,5.0,0,Inactive
Unspecified,IC50,10.0,137631543.0,10.0,5.0,0,Inactive
Inactive,IC50,10.0,170735473.0,10.0,5.0,0,Inactive
Inactive,IC50,10.0,170735524.0,10.0,5.0,0,Inactive
Inactive,IC50,10.0,170735607.0,10.0,5.0,0,Inactive
Inactive,IC50,10.0,170735759.0,10.0,5.0,0,Inactive
Active,IC50,10.0,164610163.0,10.0,5.0,0,Active
Inactive,IC50,10.0,170735684.0,10.0,5.0,0,Inactive
Unspecified,IC50,10.0,4261.0,10.0,5.0,0,Inactive
Unspecified,IC50,10.0,172469839.0,10.0,5.0,0,Inactive
Active,IC50,10.0,162674075.0,10.0,5.0,0,Active
Inactive,IC50,10.0,153465895.0,10.0,5.0,0,Inactive
Inactive,IC50,10.0,147598667.0,10.0,5.0,0,Inactive
Inactive,IC50,10.0,153465752.0,10.0,5.0,0,Inactive
Active,IC50,10.0,155532741.0,10.0,5.0,0,Active
Unspecified,IC50,10.0,134457640.0,10.0,5.0,0,Inactive
Inactive,IC50,10.0,170735658.0,10.0,5.0,0,Inactive
Unspecified,IC50,10.0,172636293.0,10.0,5.0,0,Inactive
Unspecified,IC50,10.0,145970287.0,10.0,5.0,0,Inactive
Unspecified,Ki,10.0,164619005.0,10.0,5.0,0,Inactive
Unspecified,IC50,10.0,145972286.0,10.0,5.0,0,Inactive
Inactive,IC50,10.0,170735526.0,10.0,5.0,0,Inactive
Inactive,IC50,10.0,170735534.0,10.0,5.0,0,Inactive
Inactive,IC50,10.0,170735429.0,10.0,5.0,0,Inactive
Inactive,IC50,10.0,170735582.0,10.0,5.0,0,Inactive
Unspecified,IC50,10.0,155545907.0,10.0,5.0,0,Inactive
Unspecified,IC50,10.0,71747837.0,10.0,5.0,0,Inactive
Unspecified,IC50,10.0,137645618.0,10.0,5.0,0,Inactive
Unspecified,IC50,10.0,137661795.0,10.0,5.0,0,Inactive
Inactive,IC50,10.0,177821714.0,10.0,5.0,0,Inactive
Unspecified,Ki,10.0,156019381.0,10.0,5.0,0,Inactive
Unspecified,Ki,10.0,156017974.0,10.0,5.0,0,Inactive
Unspecified,Ki,10.0,156010137.0,10.0,5.0,0,Inactive
Unspecified,IC50,10.0,118732062.0,10.0,5.0,0,Inactive
Unspecified,IC50,10.0,139600338.0,10.0,5.0,0,Inactive
Unspecified,IC50,10.0,723220.0,10.0,5.0,0,Inactive
Unspecified,IC50,10.0,137637710.0,10.0,5.0,0,Inactive
Unspecified,IC50,10.0,137643280.0,10.0,5.0,0,Inactive
Unspecified,IC50,10.0,137650651.0,10.0,5.0,0,Inactive
Unspecified,IC50,10.0,137662308.0,10.0,5.0,0,Inactive
Active,IC50,10.0,156013350.0,10.0,5.0,0,Active
Unspecified,IC50,10.0,53322923.0,10.0,5.0,0,Inactive
Inactive,IC50,10.0,149410495.0,10.0,5.0,0,Inactive
Inactive,IC50,10.0,149477977.0,10.0,5.0,0,Inactive
Inactive,IC50,10.0,139530470.0,10.0,5.0,0,Inactive
Unspecified,IC50,10.0,137643679.0,10.0,5.0,0,Inactive
Active,IC50,10.0,155564694.0,10.0,5.0,0,Active
Unspecified,Ki,10.0,122187517.0,10.0,5.0,0,Inactive
Unspecified,Ki,10.0,122187520.0,10.0,5.0,0,Inactive
Active,IC50,10.0,122181560.0,10.0,5.0,0,Active
Active,IC50,10.0,122180537.0,10.0,5.0,0,Active
Unspecified,IC50,10.0,137635881.0,10.0,5.0,0,Inactive
Inactive,IC50,10.0,148671577.0,10.0,5.0,0,Inactive
Inactive,IC50,10.03,132076699.0,10.03,4.998699066979582,0,Inactive
Unspecified,IC50,10.041,155561853.0,10.041,4.99822303292256,0,Inactive
Unspecified,IC50,10.09,137409210.0,10.09,4.996108833763089,0,Inactive
Unspecified,IC50,10.1,90104652.0,10.1,4.995678626217357,0,Inactive
Unspecified,IC50,10.1,137631784.0,10.1,4.995678626217357,0,Inactive
Unspecified,IC50,10.12,118120978.0,10.12,4.99481948749622,0,Inactive
Inactive,IC50,10.129,139530371.0,10.129,4.994433428866706,0,Inactive
Unspecified,IC50,10.15,130471855.0,10.15,4.993533957750769,0,Inactive
Inactive,IC50,10.162,121277652.0,10.162,4.993020809425723,0,Inactive
Inactive,IC50,10.171,139530369.0,10.171,4.992636345687721,0,Inactive
Inactive,IC50,10.22,121373088.0,10.22,4.990549104201306,0,Inactive
Inactive,IC50,10.24,138805943.0,10.24,4.989700043360188,0,Inactive
Inactive,IC50,10.261,121278214.0,10.261,4.988810312390009,0,Inactive
Inactive,IC50,10.27,121383111.0,10.27,4.988429556402722,0,Inactive
Inactive,IC50,10.288,139530289.0,10.288,4.987669044419853,0,Inactive
Unspecified,Kd,10.3,146035914.0,10.3,4.987162775294828,0,Inactive
Inactive,IC50,10.37,121373497.0,10.37,4.984221243610959,0,Inactive
Inactive,IC50,10.383,121278168.0,10.383,4.98367714598621,0,Inactive
Unspecified,IC50,10.4,172463887.0,10.4,4.982966660701219,0,Inactive
Inactive,IC50,10.48,121373022.0,10.48,4.979638717352293,0,Inactive
Inactive,IC50,10.482,121271760.0,10.482,4.979555844633426,0,Inactive
Inactive,IC50,10.484,121271740.0,10.484,4.979472987725437,0,Inactive
Inactive,IC50,10.494,139530341.0,10.494,4.97905894013768,0,Inactive
Inactive,IC50,10.5,121278109.0,10.5,4.978810700930062,0,Inactive
Inactive,IC50,10.5,121271804.0,10.5,4.978810700930062,0,Inactive
Inactive,IC50,10.5,121271809.0,10.5,4.978810700930062,0,Inactive
Inactive,IC50,10.51,121372988.0,10.51,4.978397283971757,0,Inactive
Inactive,IC50,10.514,121278164.0,10.514,4.978232027317594,0,Inactive
Inactive,IC50,10.53,121373033.0,10.53,4.9775716288145135,0,Inactive
Inactive,IC50,10.615,132070081.0,10.615,4.974080001497983,0,Inactive
Inactive,IC50,10.658,121278180.0,10.658,4.972324284095107,0,Inactive
Unspecified,IC50,10.68,141414542.0,10.68,4.9714287473074625,0,Inactive
Inactive,IC50,10.771,121278061.0,10.771,4.967743974109547,0,Inactive
Unspecified,IC50,10.8,130471695.0,10.8,4.966576244513051,0,Inactive
Unspecified,IC50,10.8,132005225.0,10.8,4.966576244513051,0,Inactive
Inactive,IC50,10.819,121277666.0,10.819,4.965812879206547,0,Inactive
Unspecified,Ki,10.85,135566302.0,10.85,4.964570261815451,0,Inactive
Inactive,IC50,10.903,121277886.0,10.903,4.962453987914174,0,Inactive
Unspecified,IC50,10.94,3721448.0,10.94,4.960982678002588,0,Inactive
Unspecified,IC50,10.98,52106219.0,10.98,4.959397659885926,0,Inactive
Unspecified,IC50,10.98,2874948.0,10.98,4.959397659885926,0,Inactive
Unspecified,IC50,11.0,132186773.0,11.0,4.958607314841775,0,Inactive
Unspecified,IC50,11.0,134143236.0,11.0,4.958607314841775,0,Inactive
Unspecified,IC50,11.0,750666.0,11.0,4.958607314841775,0,Inactive
Unspecified,IC50,11.0,137250528.0,11.0,4.958607314841775,0,Inactive
Unspecified,IC50,11.0,121271792.0,11.0,4.958607314841775,0,Inactive
Unspecified,IC50,11.0,155352262.0,11.0,4.958607314841775,0,Inactive
Unspecified,IC50,11.0,117834616.0,11.0,4.958607314841775,0,Inactive
Unspecified,Ki,11.0,170556515.0,11.0,4.958607314841775,0,Inactive
Unspecified,IC50,11.0,67971623.0,11.0,4.958607314841775,0,Inactive
Unspecified,IC50,11.0,53054238.0,11.0,4.958607314841775,0,Inactive
Inactive,IC50,11.0,91826320.0,11.0,4.958607314841775,0,Inactive
Inactive,IC50,11.02,121365561.0,11.02,4.957818405484234,0,Inactive
Inactive,IC50,11.06,121373357.0,11.06,4.95624487303132,0,Inactive
Inactive,IC50,11.08,121372691.0,11.08,4.955460239607589,0,Inactive
Unspecified,IC50,11.18,16654568.0,11.18,4.951558196449596,0,Inactive
Inactive,IC50,11.18,152852397.0,11.18,4.951558196449596,0,Inactive
Inactive,IC50,11.187,139530340.0,11.187,4.95128636191903,0,Inactive
Inactive,IC50,11.188,139543422.0,11.188,4.951247542300511,0,Inactive
Unspecified,IC50,11.2,118352423.0,11.2,4.950781977329818,0,Inactive
Inactive,IC50,11.2,118677177.0,11.2,4.950781977329818,0,Inactive
Unspecified,IC50,11.2,137635109.0,11.2,4.950781977329818,0,Inactive
Unspecified,IC50,11.22,146589317.0,11.22,4.950007143079858,0,Inactive
Inactive,IC50,11.225,121278146.0,11.225,4.949813650324639,0,Inactive
Inactive,IC50,11.234,121278077.0,11.234,4.949465580459877,0,Inactive
Inactive,IC50,11.322,139543486.0,11.322,4.946076849451425,0,Inactive
Inactive,IC50,11.344,121271857.0,11.344,4.945233782161009,0,Inactive
Unspecified,IC50,11.4,155524196.0,11.4,4.943095148663527,0,Inactive
Inactive,IC50,11.42,121365486.0,11.42,4.942333896090171,0,Inactive
Unspecified,IC50,11.45,130471784.0,11.45,4.941194513324094,0,Inactive
Unspecified,Kd,11.48,156612861.0,11.48,4.940058111938045,0,Inactive
Inactive,IC50,11.534,121278152.0,11.534,4.938020052925122,0,Inactive
Inactive,IC50,11.572,121277878.0,11.572,4.936591575024055,0,Inactive
Inactive,IC50,11.591,121278095.0,11.591,4.935879094170378,0,Inactive
Inactive,IC50,11.601,121278142.0,11.601,4.935504573207272,0,Inactive
Inactive,IC50,11.62,121278279.0,11.62,4.934793871945688,0,Inactive
Inactive,IC50,11.65,121373194.0,11.65,4.933674074637962,0,Inactive
Inactive,IC50,11.69,121376963.0,11.69,4.93218548883816,0,Inactive
Unspecified,IC50,11.72,71970469.0,11.72,4.931072388317928,0,Inactive
Inactive,IC50,11.72,121373264.0,11.72,4.931072388317928,0,Inactive
Unspecified,IC50,11.8,117833991.0,11.8,4.928117992693874,0,Inactive
Unspecified,IC50,11.84,164619201.0,11.84,4.926648297613099,0,Inactive
Unspecified,IC50,11.87,52233800.0,11.87,4.925549281045409,0,Inactive
Inactive,IC50,11.884,139530527.0,11.884,4.925037356868374,0,Inactive
Unspecified,IC50,11.9,130471876.0,11.9,4.924453038607469,0,Inactive
Unspecified,IC50,11.9,117841265.0,11.9,4.924453038607469,0,Inactive
Inactive,IC50,11.94,121373390.0,11.94,4.92299567320665,0,Inactive
Inactive,IC50,11.947,139530518.0,11.947,4.922741136307052,0,Inactive
Unspecified,IC50,12.0,121277993.0,12.0,4.920818753952375,0,Inactive
Inactive,IC50,12.0,118889556.0,12.0,4.920818753952375,0,Inactive
Unspecified,Ki,12.0,12478742.0,12.0,4.920818753952375,0,Inactive
Unspecified,IC50,12.0,132169624.0,12.0,4.920818753952375,0,Inactive
Unspecified,IC50,12.0,155352412.0,12.0,4.920818753952375,0,Inactive
Unspecified,IC50,12.0,132168907.0,12.0,4.920818753952375,0,Inactive
Unspecified,IC50,12.0,56950562.0,12.0,4.920818753952375,0,Inactive
Unspecified,Kd,12.0,112499914.0,12.0,4.920818753952375,0,Inactive
Inactive,IC50,12.0,138375201.0,12.0,4.920818753952375,0,Inactive
Unspecified,IC50,12.0,121376818.0,12.0,4.920818753952375,0,Inactive
Unspecified,IC50,12.01,145979939.0,12.01,4.920456992597094,0,Inactive
Unspecified,IC50,12.1,130471723.0,12.1,4.91721462968355,0,Inactive
Inactive,IC50,12.109,121277864.0,12.109,4.916891720805265,0,Inactive
Inactive,IC50,12.111,139530498.0,12.111,4.916819995870023,0,Inactive
Inactive,IC50,12.24,121373584.0,12.24,4.912218582190458,0,Inactive
Unspecified,Ki,12.27,135416151.0,12.27,4.9111554372729955,0,Inactive
Inactive,IC50,12.289,139530395.0,12.289,4.9104834557751795,0,Inactive
Inactive,IC50,12.33,121373212.0,12.33,4.909036923404268,0,Inactive
Unspecified,IC50,12.33,137409169.0,12.33,4.909036923404268,0,Inactive
Inactive,IC50,12.348,121277991.0,12.348,4.908403379189942,0,Inactive
Inactive,IC50,12.464,121278187.0,12.464,4.904342559671511,0,Inactive
Unspecified,IC50,12.5,155352424.0,12.5,4.903089986991944,0,Inactive
Inactive,IC50,12.5,121373406.0,12.5,4.903089986991944,0,Inactive
Inactive,IC50,12.52,121372622.0,12.52,4.902395671125589,0,Inactive
Unspecified,IC50,12.5892,127043875.0,12.5892,4.900001866923468,0,Inactive
Unspecified,IC50,12.5892,122181556.0,12.5892,4.900001866923468,0,Inactive
Unspecified,IC50,12.5892,156019031.0,12.5892,4.900001866923468,0,Inactive
Unspecified,IC50,12.5892,155818522.0,12.5892,4.900001866923468,0,Inactive
Unspecified,IC50,12.5892,33287080.0,12.5892,4.900001866923468,0,Inactive
Unspecified,IC50,12.5892,162646536.0,12.5892,4.900001866923468,0,Inactive
Unspecified,IC50,12.5892,155521254.0,12.5892,4.900001866923468,0,Inactive
Unspecified,IC50,12.5892,122180549.0,12.5892,4.900001866923468,0,Inactive
Unspecified,IC50,12.5892,122180550.0,12.5892,4.900001866923468,0,Inactive
Unspecified,IC50,12.5892,122180544.0,12.5892,4.900001866923468,0,Inactive
Unspecified,IC50,12.5892,122181554.0,12.5892,4.900001866923468,0,Inactive
Unspecified,IC50,12.5892,164628068.0,12.5892,4.900001866923468,0,Inactive
Unspecified,IC50,12.5892,47394458.0,12.5892,4.900001866923468,0,Inactive
Unspecified,IC50,12.5892,90667412.0,12.5892,4.900001866923468,0,Inactive
Unspecified,IC50,12.5892,122181559.0,12.5892,4.900001866923468,0,Inactive
Unspecified,IC50,12.5892,122181563.0,12.5892,4.900001866923468,0,Inactive
Unspecified,IC50,12.5892,168299667.0,12.5892,4.900001866923468,0,Inactive
Unspecified,IC50,12.5892,122181561.0,12.5892,4.900001866923468,0,Inactive
Unspecified,IC50,12.5892,3681703.0,12.5892,4.900001866923468,0,Inactive
Unspecified,IC50,12.5892,164617444.0,12.5892,4.900001866923468,0,Inactive
Unspecified,IC50,12.5892,156014842.0,12.5892,4.900001866923468,0,Inactive
Unspecified,IC50,12.5892,127025981.0,12.5892,4.900001866923468,0,Inactive
Unspecified,IC50,12.5892,164623012.0,12.5892,4.900001866923468,0,Inactive
Unspecified,IC50,12.71,145960246.0,12.71,4.8958544494459915,0,Inactive
Unspecified,IC50,12.71,15052068.0,12.71,4.8958544494459915,0,Inactive
Unspecified,IC50,12.72,171346936.0,12.72,4.895512888687605,0,Inactive
Inactive,IC50,12.8,129046528.0,12.8,4.892790030352131,0,Inactive
Unspecified,IC50,12.8,118352187.0,12.8,4.892790030352131,0,Inactive
Inactive,IC50,12.867,121277641.0,12.867,4.890522699041265,0,Inactive
Unspecified,IC50,12.9,117841252.0,12.9,4.889410289700751,0,Inactive
Unspecified,IC50,12.95,130471790.0,12.95,4.887730231582729,0,Inactive
Unspecified,IC50,13.0,132186767.0,13.0,4.886056647693163,0,Inactive
Unspecified,IC50,13.0,117841254.0,13.0,4.886056647693163,0,Inactive
Unspecified,IC50,13.0,137638314.0,13.0,4.886056647693163,0,Inactive
Unspecified,IC50,13.0,117841251.0,13.0,4.886056647693163,0,Inactive
Inactive,Ki,13.0,71617459.0,13.0,4.886056647693163,0,Inactive
Unspecified,IC50,13.0,121271742.0,13.0,4.886056647693163,0,Inactive
Unspecified,IC50,13.0,122180906.0,13.0,4.886056647693163,0,Inactive
Unspecified,IC50,13.0,122180893.0,13.0,4.886056647693163,0,Inactive
Unspecified,IC50,13.0,122180894.0,13.0,4.886056647693163,0,Inactive
Unspecified,IC50,13.0,56950423.0,13.0,4.886056647693163,0,Inactive
Unspecified,IC50,13.0,122180892.0,13.0,4.886056647693163,0,Inactive
Unspecified,IC50,13.0,155527380.0,13.0,4.886056647693163,0,Inactive
Inactive,IC50,13.011,132070052.0,13.011,4.885689323131576,0,Inactive
Inactive,IC50,13.045,121278329.0,13.045,4.884555916563761,0,Inactive
Inactive,IC50,13.056,132070042.0,13.056,4.884189858590214,0,Inactive
Inactive,IC50,13.08,121383064.0,13.08,4.883392256011751,0,Inactive
Unspecified,IC50,13.12,155523967.0,13.12,4.882066164960358,0,Inactive
Inactive,IC50,13.197,121278103.0,13.197,4.8795247833034745,0,Inactive
Unspecified,IC50,13.2,137649906.0,13.2,4.87942606879415,0,Inactive
Unspecified,IC50,13.26,145954903.0,13.26,4.877456475931246,0,Inactive
Unspecified,IC50,13.26,56697168.0,13.26,4.877456475931246,0,Inactive
Inactive,IC50,13.293,121278112.0,13.293,4.876376995248726,0,Inactive
Unspecified,IC50,13.3,145950673.0,13.3,4.876148359032914,0,Inactive
Unspecified,IC50,13.3,651118.0,13.3,4.876148359032914,0,Inactive
Inactive,IC50,13.32,121278213.0,13.32,4.875495775165717,0,Inactive
Inactive,IC50,13.379,139530424.0,13.379,4.873576346262661,0,Inactive
Inactive,IC50,13.443,121271762.0,13.443,4.871503801367295,0,Inactive
Inactive,IC50,13.471,139530308.0,13.471,4.870600163864104,0,Inactive
Inactive,IC50,13.481,121278159.0,13.481,4.870277891304122,0,Inactive
Inactive,IC50,13.494,139530482.0,13.494,4.869859294180724,0,Inactive
Inactive,IC50,13.6,121373042.0,13.6,4.866461091629782,0,Inactive
Inactive,IC50,13.714,121278045.0,13.714,4.862835854870644,0,Inactive
Inactive,IC50,13.732,139530472.0,13.732,4.8622662052462875,0,Inactive
Inactive,IC50,13.77,121278145.0,13.77,4.861066059743076,0,Inactive
Inactive,IC50,13.786,139530381.0,13.786,4.860561725841832,0,Inactive
Unspecified,IC50,13.85,16654554.0,13.85,4.858550226599533,0,Inactive
Inactive,IC50,13.867,139530346.0,13.867,4.858017484447196,0,Inactive
Inactive,IC50,13.898,121278085.0,13.898,4.857047692656568,0,Inactive
Unspecified,IC50,13.9,118200167.0,13.9,4.856985199745905,0,Inactive
Unspecified,IC50,13.9,130471730.0,13.9,4.856985199745905,0,Inactive
Unspecified,IC50,13.9,137655923.0,13.9,4.856985199745905,0,Inactive
Inactive,IC50,13.903,139537554.0,13.903,4.856891477237488,0,Inactive
Inactive,IC50,13.946,121278211.0,13.946,4.855550339131101,0,Inactive
Inactive,IC50,13.966,132070075.0,13.966,4.854927962295003,0,Inactive
Inactive,IC50,13.97,121373000.0,13.97,4.854803593885818,0,Inactive
Unspecified,IC50,14.0,132186514.0,14.0,4.853871964321762,0,Inactive
Unspecified,IC50,14.0,134157699.0,14.0,4.853871964321762,0,Inactive
Inactive,IC50,14.0,118889495.0,14.0,4.853871964321762,0,Inactive
Unspecified,IC50,14.0,4102773.0,14.0,4.853871964321762,0,Inactive
Unspecified,IC50,14.0,118080263.0,14.0,4.853871964321762,0,Inactive
Unspecified,IC50,14.0,132169416.0,14.0,4.853871964321762,0,Inactive
Inactive,IC50,14.0,91826325.0,14.0,4.853871964321762,0,Inactive
Unspecified,IC50,14.0,130472268.0,14.0,4.853871964321762,0,Inactive
Inactive,IC50,14.0,118889464.0,14.0,4.853871964321762,0,Inactive
Unspecified,IC50,14.0,132186586.0,14.0,4.853871964321762,0,Inactive
Unspecified,IC50,14.0,122180895.0,14.0,4.853871964321762,0,Inactive
Inactive,IC50,14.044,121278162.0,14.044,4.852509179206686,0,Inactive
Inactive,IC50,14.07,121373206.0,14.07,4.8517059025652545,0,Inactive
Inactive,IC50,14.084,121278063.0,14.084,4.851273983601853,0,Inactive
Unspecified,IC50,14.1,162644898.0,14.1,4.85078088734462,0,Inactive
Unspecified,IC50,14.22,168278663.0,14.22,4.847100403606253,0,Inactive
Unspecified,IC50,14.25,130471775.0,14.25,4.846185135655471,0,Inactive
Inactive,IC50,14.29,121278340.0,14.29,4.8449677712090296,0,Inactive
Unspecified,IC50,14.3,155352431.0,14.3,4.844663962534938,0,Inactive
Inactive,IC50,14.32,139530328.0,14.32,4.844056982028163,0,Inactive
Inactive,IC50,14.329,139530507.0,14.329,4.843784117323238,0,Inactive
Inactive,IC50,14.346,121277877.0,14.346,4.843269173500581,0,Inactive
Unspecified,IC50,14.35,170854661.0,14.35,4.843148098929989,0,Inactive
Unspecified,IC50,14.4,137657087.0,14.4,4.84163750790475,0,Inactive
Inactive,IC50,14.47,121372615.0,14.47,4.8395314688809625,0,Inactive
Unspecified,IC50,14.5,130471733.0,14.5,4.838631997765026,0,Inactive
Unspecified,IC50,14.5,130471724.0,14.5,4.838631997765026,0,Inactive
Inactive,IC50,14.505,121278175.0,14.505,4.838482266861317,0,Inactive
Inactive,IC50,14.56,121373031.0,14.56,4.836838625022981,0,Inactive
Inactive,IC50,14.63,138805947.0,14.63,4.834755673874689,0,Inactive
Inactive,IC50,14.66,121372625.0,14.66,4.8338660296948905,0,Inactive
Inactive,IC50,14.71,121278341.0,14.71,4.832387327272469,0,Inactive
Inactive,IC50,14.775,139530515.0,14.775,4.8304725104467074,0,Inactive
Inactive,IC50,14.84,139530313.0,14.84,4.828566099056991,0,Inactive
Inactive,IC50,14.895,172130894.0,14.895,4.826959492448937,0,Inactive
Inactive,IC50,14.921,121278036.0,14.921,4.82620206962954,0,Inactive
Inactive,IC50,14.944,121277986.0,14.944,4.825533141113982,0,Inactive
Unspecified,IC50,15.0,130472269.0,15.0,4.823908740944319,0,Inactive
Inactive,IC50,15.0,138375197.0,15.0,4.823908740944319,0,Inactive
Unspecified,IC50,15.0,137656667.0,15.0,4.823908740944319,0,Inactive
Unspecified,IC50,15.0,132186451.0,15.0,4.823908740944319,0,Inactive
Unspecified,IC50,15.0,145969741.0,15.0,4.823908740944319,0,Inactive
Unspecified,IC50,15.0,56950564.0,15.0,4.823908740944319,0,Inactive
Unspecified,IC50,15.0,67951256.0,15.0,4.823908740944319,0,Inactive
Unspecified,IC50,15.0,130471785.0,15.0,4.823908740944319,0,Inactive
Inactive,IC50,15.03,121373289.0,15.03,4.8230410194130915,0,Inactive
Unspecified,IC50,15.1,90670356.0,15.1,4.82102305270683,0,Inactive
Inactive,IC50,15.207,121278114.0,15.207,4.817956454056936,0,Inactive
Inactive,IC50,15.218,121278120.0,15.218,4.817642420235467,0,Inactive
Inactive,IC50,15.223,121278118.0,15.223,4.8174997526208,0,Inactive
Inactive,IC50,15.234,121278165.0,15.234,4.817186048742634,0,Inactive
Inactive,IC50,15.395,121278055.0,15.395,4.812620306760783,0,Inactive
Unspecified,IC50,15.4,162674751.0,15.4,4.8124792791635365,0,Inactive
Inactive,IC50,15.42,124190749.0,15.42,4.811915626285062,0,Inactive
Inactive,IC50,15.42,121376865.0,15.42,4.811915626285062,0,Inactive
Inactive,IC50,15.431,132070060.0,15.431,4.811605928738572,0,Inactive
Inactive,IC50,15.44,139530450.0,15.44,4.811352704000282,0,Inactive
Unspecified,IC50,15.53,1244585.0,15.53,4.808828544271441,0,Inactive
Inactive,IC50,15.57,121373785.0,15.57,4.80771138743188,0,Inactive
Inactive,IC50,15.58,121373782.0,15.58,4.807432546663454,0,Inactive
Unspecified,IC50,15.8,2988057.0,15.8,4.801342913045577,0,Inactive
Inactive,IC50,15.81,121372878.0,15.81,4.801068130067791,0,Inactive
Inactive,IC50,15.81,139530538.0,15.81,4.801068130067791,0,Inactive
Inactive,IC50,15.832,121271755.0,15.832,4.80046421880166,0,Inactive
Unspecified,IC50,15.8489,33287028.0,15.8489,4.800000874803203,0,Inactive
Unspecified,IC50,15.8489,166629885.0,15.8489,4.800000874803203,0,Inactive
Unspecified,IC50,15.8489,162658776.0,15.8489,4.800000874803203,0,Inactive
Unspecified,IC50,15.8489,164608893.0,15.8489,4.800000874803203,0,Inactive
Unspecified,IC50,15.8489,156018482.0,15.8489,4.800000874803203,0,Inactive
Unspecified,IC50,15.8489,122180541.0,15.8489,4.800000874803203,0,Inactive
Unspecified,IC50,15.8489,122179618.0,15.8489,4.800000874803203,0,Inactive
Unspecified,IC50,15.8489,155557522.0,15.8489,4.800000874803203,0,Inactive
Unspecified,IC50,15.8489,122180548.0,15.8489,4.800000874803203,0,Inactive
Unspecified,IC50,15.8489,127025980.0,15.8489,4.800000874803203,0,Inactive
Unspecified,IC50,15.8489,137654127.0,15.8489,4.800000874803203,0,Inactive
Unspecified,IC50,15.8489,164611373.0,15.8489,4.800000874803203,0,Inactive
Unspecified,IC50,15.8489,155518498.0,15.8489,4.800000874803203,0,Inactive
Inactive,IC50,15.86,121372682.0,15.86,4.799696817018415,0,Inactive
Inactive,IC50,15.927,139530464.0,15.927,4.79786601993918,0,Inactive
Inactive,IC50,15.94,121373030.0,15.94,4.7975116829399065,0,Inactive
Unspecified,IC50,16.0,53054191.0,16.0,4.795880017344075,0,Inactive
Unspecified,IC50,16.0,91215896.0,16.0,4.795880017344075,0,Inactive
Unspecified,IC50,16.0,135630716.0,16.0,4.795880017344075,0,Inactive
Unspecified,IC50,16.0,122180896.0,16.0,4.795880017344075,0,Inactive
Unspecified,IC50,16.040001,171358640.0,16.040001,4.79479560897614,0,Inactive
Inactive,IC50,16.291,121278174.0,16.291,4.788052256320567,0,Inactive
Inactive,IC50,16.299999,5087077.0,16.299999,4.787812422239877,0,Inactive
Unspecified,IC50,16.299999,118721302.0,16.299999,4.787812422239877,0,Inactive
Unspecified,Ki,16.309999,168288516.0,16.309999,4.787546065587223,0,Inactive
Inactive,IC50,16.534,121277968.0,16.534,4.781622066708247,0,Inactive
Inactive,IC50,16.612,121277665.0,16.612,4.779578077562159,0,Inactive
Unspecified,IC50,16.700001,126961333.0,16.700001,4.77728350284676,0,Inactive
Unspecified,IC50,16.799999,137647775.0,16.799999,4.7746907441249995,0,Inactive
Inactive,IC50,16.799999,118889383.0,16.799999,4.7746907441249995,0,Inactive
Unspecified,Kd,17.0,3846558.0,17.0,4.769551078621726,0,Inactive
Inactive,IC50,17.0,118889373.0,17.0,4.769551078621726,0,Inactive
Unspecified,IC50,17.0,130471696.0,17.0,4.769551078621726,0,Inactive
Unspecified,IC50,17.0,56950567.0,17.0,4.769551078621726,0,Inactive
Unspecified,IC50,17.0,118933136.0,17.0,4.769551078621726,0,Inactive
Unspecified,IC50,17.0,56950563.0,17.0,4.769551078621726,0,Inactive
Inactive,IC50,17.129,139530446.0,17.129,4.7662679906339545,0,Inactive
Inactive,IC50,17.139,139530517.0,17.139,4.766014521219788,0,Inactive
Inactive,IC50,17.156,121278150.0,17.156,4.765583962432965,0,Inactive
Unspecified,IC50,17.200001,121338574.0,17.200001,4.7644715278427725,0,Inactive
Inactive,IC50,17.219999,46926350.0,17.219999,4.763966878102718,0,Inactive
Inactive,IC50,17.299999,17137383.0,17.299999,4.761953921974932,0,Inactive
Inactive,IC50,17.305,139530449.0,17.305,4.761828396369854,0,Inactive
Inactive,IC50,17.448,121277949.0,17.448,4.758254347429356,0,Inactive
Inactive,IC50,17.620001,138805944.0,17.620001,4.753994071276158,0,Inactive
Inactive,IC50,17.68,172130901.0,17.68,4.752517739322945,0,Inactive
Inactive,IC50,17.808001,121278179.0,17.808001,4.749384828621762,0,Inactive
Unspecified,IC50,17.809999,168295103.0,17.809999,4.749336104921624,0,Inactive
Inactive,IC50,17.862,139530511.0,17.862,4.748069914969632,0,Inactive
Inactive,IC50,17.9,146524969.0,17.9,4.747146969020107,0,Inactive
Unspecified,IC50,17.9,118727389.0,17.9,4.747146969020107,0,Inactive
Unspecified,IC50,17.92,157254059.0,17.92,4.746661994673893,0,Inactive
Inactive,IC50,17.938999,121271731.0,17.938999,4.746201794341266,0,Inactive
Inactive,IC50,17.99,121372616.0,17.99,4.744968836654449,0,Inactive
Unspecified,IC50,18.0,121365398.0,18.0,4.7447274948966935,0,Inactive
Inactive,IC50,18.0,118889557.0,18.0,4.7447274948966935,0,Inactive
Unspecified,IC50,18.0,132181651.0,18.0,4.7447274948966935,0,Inactive
Unspecified,IC50,18.0,122180897.0,18.0,4.7447274948966935,0,Inactive
Unspecified,IC50,18.0,1380882.0,18.0,4.7447274948966935,0,Inactive
Unspecified,IC50,18.0,134134171.0,18.0,4.7447274948966935,0,Inactive
Inactive,IC50,18.129999,139530354.0,18.129999,4.741602219858959,0,Inactive
Inactive,IC50,18.139999,121373410.0,18.139999,4.741362741217186,0,Inactive
Inactive,IC50,18.205999,121271725.0,18.205999,4.739785485459298,0,Inactive
Inactive,IC50,18.233,121278106.0,18.233,4.7391418680288595,0,Inactive
Inactive,IC50,18.257999,6932463.0,18.257999,4.738546821044721,0,Inactive
Inactive,IC50,18.309999,118889395.0,18.309999,4.737311679417282,0,Inactive
Inactive,IC50,18.339001,121277961.0,18.339001,4.736624325809088,0,Inactive
Unspecified,Ki,18.34,163304009.0,18.34,4.736600668665998,0,Inactive
Unspecified,IC50,18.4,137640929.0,18.4,4.735182176990463,0,Inactive
Unspecified,IC50,18.5,137644823.0,18.5,4.732828271596986,0,Inactive
Unspecified,IC50,18.5,155557553.0,18.5,4.732828271596986,0,Inactive
Inactive,IC50,18.546,121277952.0,18.546,4.731749744553051,0,Inactive
Inactive,IC50,18.6,118889499.0,18.6,4.730487055782084,0,Inactive
Unspecified,IC50,18.610001,16728035.0,18.610001,4.730253603532614,0,Inactive
Inactive,IC50,18.642,139530445.0,18.642,4.729507496361382,0,Inactive
Inactive,IC50,18.65,121376933.0,18.65,4.729321163855293,0,Inactive
Unspecified,IC50,18.719999,975948.0,18.719999,4.727694178797406,0,Inactive
Unspecified,IC50,18.719999,145950404.0,18.719999,4.727694178797406,0,Inactive
Inactive,IC50,18.759001,121277947.0,18.759001,4.72679029344841,0,Inactive
Inactive,IC50,18.773001,121278260.0,18.773001,4.726466296714708,0,Inactive
Unspecified,IC50,18.799999,132005246.0,18.799999,4.725842173837091,0,Inactive
Unspecified,IC50,18.799999,117834641.0,18.799999,4.725842173837091,0,Inactive
Unspecified,IC50,18.799999,124098192.0,18.799999,4.725842173837091,0,Inactive
Inactive,IC50,18.997,139530452.0,18.997,4.721314977274316,0,Inactive
Unspecified,IC50,19.0,132168874.0,19.0,4.721246399047171,0,Inactive
Unspecified,IC50,19.006001,155516388.0,19.006001,4.721109252220934,0,Inactive
Unspecified,IC50,19.165001,127049281.0,19.165001,4.717491153748817,0,Inactive
Inactive,IC50,19.18,118889549.0,19.18,4.717151397165355,0,Inactive
Unspecified,IC50,19.200001,121338530.0,19.200001,4.716698748676947,0,Inactive
Inactive,IC50,19.379999,121373220.0,19.379999,4.71264624969467,0,Inactive
Inactive,IC50,19.389999,139530352.0,19.389999,4.7124222133191545,0,Inactive
Unspecified,IC50,19.530001,17443248.0,19.530001,4.709297734474846,0,Inactive
Inactive,IC50,19.700001,121277960.0,19.700001,4.705533751793002,0,Inactive
Inactive,IC50,19.700001,132070062.0,19.700001,4.705533751793002,0,Inactive
Inactive,IC50,19.700001,121277965.0,19.700001,4.705533751793002,0,Inactive
Inactive,IC50,19.700001,121278100.0,19.700001,4.705533751793002,0,Inactive
Inactive,IC50,19.700001,121277953.0,19.700001,4.705533751793002,0,Inactive
Inactive,IC50,19.700001,121278104.0,19.700001,4.705533751793002,0,Inactive
Inactive,IC50,19.700001,121278108.0,19.700001,4.705533751793002,0,Inactive
Inactive,IC50,19.700001,735746.0,19.700001,4.705533751793002,0,Inactive
Inactive,IC50,19.700001,121278178.0,19.700001,4.705533751793002,0,Inactive
Inactive,IC50,19.700001,121278275.0,19.700001,4.705533751793002,0,Inactive
Inactive,IC50,19.700001,121278222.0,19.700001,4.705533751793002,0,Inactive
Inactive,IC50,19.700001,83817954.0,19.700001,4.705533751793002,0,Inactive
Inactive,IC50,19.700001,121277861.0,19.700001,4.705533751793002,0,Inactive
Inactive,IC50,19.700001,121271717.0,19.700001,4.705533751793002,0,Inactive
Inactive,IC50,19.700001,139208474.0,19.700001,4.705533751793002,0,Inactive
Inactive,IC50,19.700001,121278184.0,19.700001,4.705533751793002,0,Inactive
Inactive,IC50,19.700001,121277957.0,19.700001,4.705533751793002,0,Inactive
Inactive,IC50,19.700001,121277966.0,19.700001,4.705533751793002,0,Inactive
Inactive,IC50,19.700001,121278134.0,19.700001,4.705533751793002,0,Inactive
Inactive,IC50,19.700001,121278182.0,19.700001,4.705533751793002,0,Inactive
Inactive,IC50,19.700001,121278170.0,19.700001,4.705533751793002,0,Inactive
Inactive,IC50,19.700001,132070077.0,19.700001,4.705533751793002,0,Inactive
Inactive,IC50,19.700001,132070068.0,19.700001,4.705533751793002,0,Inactive
Inactive,IC50,19.700001,735747.0,19.700001,4.705533751793002,0,Inactive
Inactive,IC50,19.700001,12622087.0,19.700001,4.705533751793002,0,Inactive
Inactive,IC50,19.700001,121277955.0,19.700001,4.705533751793002,0,Inactive
Inactive,IC50,19.700001,121278059.0,19.700001,4.705533751793002,0,Inactive
Inactive,IC50,19.700001,121277954.0,19.700001,4.705533751793002,0,Inactive
Inactive,IC50,19.700001,121271815.0,19.700001,4.705533751793002,0,Inactive
Inactive,IC50,19.700001,121271838.0,19.700001,4.705533751793002,0,Inactive
Inactive,IC50,19.700001,121278185.0,19.700001,4.705533751793002,0,Inactive
Inactive,IC50,19.700001,121277970.0,19.700001,4.705533751793002,0,Inactive
Inactive,IC50,19.700001,121277654.0,19.700001,4.705533751793002,0,Inactive
Inactive,IC50,19.700001,121278117.0,19.700001,4.705533751793002,0,Inactive
Inactive,IC50,19.700001,132070080.0,19.700001,4.705533751793002,0,Inactive
Inactive,IC50,19.700001,121278345.0,19.700001,4.705533751793002,0,Inactive
Inactive,IC50,19.700001,121278099.0,19.700001,4.705533751793002,0,Inactive
Inactive,IC50,19.700001,121277951.0,19.700001,4.705533751793002,0,Inactive
Inactive,IC50,19.700001,121271701.0,19.700001,4.705533751793002,0,Inactive
Inactive,IC50,19.700001,121277969.0,19.700001,4.705533751793002,0,Inactive
Inactive,IC50,19.700001,121278183.0,19.700001,4.705533751793002,0,Inactive
Inactive,IC50,19.700001,121278086.0,19.700001,4.705533751793002,0,Inactive
Inactive,IC50,19.700001,121278154.0,19.700001,4.705533751793002,0,Inactive
Inactive,IC50,19.700001,121278327.0,19.700001,4.705533751793002,0,Inactive
Inactive,IC50,19.700001,121278210.0,19.700001,4.705533751793002,0,Inactive
Inactive,IC50,19.700001,121277958.0,19.700001,4.705533751793002,0,Inactive
Inactive,IC50,19.74,138805949.0,19.74,4.704652851666382,0,Inactive
Inactive,IC50,19.74,121373413.0,19.74,4.704652851666382,0,Inactive
Inactive,IC50,19.74,121372886.0,19.74,4.704652851666382,0,Inactive
Inactive,IC50,19.74,138805946.0,19.74,4.704652851666382,0,Inactive
Inactive,IC50,19.74,121372885.0,19.74,4.704652851666382,0,Inactive
Inactive,IC50,19.74,121373036.0,19.74,4.704652851666382,0,Inactive
Inactive,IC50,19.74,121373040.0,19.74,4.704652851666382,0,Inactive
Inactive,IC50,19.74,138805948.0,19.74,4.704652851666382,0,Inactive
Inactive,IC50,19.74,121373222.0,19.74,4.704652851666382,0,Inactive
Inactive,IC50,19.74,121372674.0,19.74,4.704652851666382,0,Inactive
Inactive,IC50,19.74,121373391.0,19.74,4.704652851666382,0,Inactive
Inactive,IC50,19.74,121373190.0,19.74,4.704652851666382,0,Inactive
Inactive,IC50,19.74,121372880.0,19.74,4.704652851666382,0,Inactive
Inactive,IC50,19.74,121376822.0,19.74,4.704652851666382,0,Inactive
Inactive,IC50,19.780001,118889393.0,19.780001,4.703773690782597,0,Inactive
Inactive,IC50,19.780001,118889620.0,19.780001,4.703773690782597,0,Inactive
Inactive,IC50,19.823999,139530307.0,19.823999,4.702808732875523,0,Inactive
Unspecified,IC50,19.9526,162676041.0,19.9526,4.700000503883016,0,Inactive
Unspecified,IC50,19.9526,155530332.0,19.9526,4.700000503883016,0,Inactive
Unspecified,IC50,19.9526,90667399.0,19.9526,4.700000503883016,0,Inactive
Unspecified,IC50,19.9526,13953713.0,19.9526,4.700000503883016,0,Inactive
Unspecified,IC50,19.9526,156018996.0,19.9526,4.700000503883016,0,Inactive
Unspecified,IC50,19.9526,122180538.0,19.9526,4.700000503883016,0,Inactive
Unspecified,IC50,19.9526,90667396.0,19.9526,4.700000503883016,0,Inactive
Unspecified,IC50,19.9526,91668542.0,19.9526,4.700000503883016,0,Inactive
Unspecified,IC50,19.9526,45882522.0,19.9526,4.700000503883016,0,Inactive
Unspecified,IC50,19.9526,139030526.0,19.9526,4.700000503883016,0,Inactive
Unspecified,IC50,19.9526,127043881.0,19.9526,4.700000503883016,0,Inactive
Unspecified,IC50,19.9526,4908238.0,19.9526,4.700000503883016,0,Inactive
Unspecified,IC50,19.9526,13169715.0,19.9526,4.700000503883016,0,Inactive
Unspecified,IC50,19.9526,164627997.0,19.9526,4.700000503883016,0,Inactive
Unspecified,IC50,19.9526,37929328.0,19.9526,4.700000503883016,0,Inactive
Unspecified,IC50,19.9526,121232405.0,19.9526,4.700000503883016,0,Inactive
Unspecified,IC50,20.0,134149739.0,20.0,4.698970004336019,0,Inactive
Unspecified,IC50,20.0,134142067.0,20.0,4.698970004336019,0,Inactive
Unspecified,IC50,20.0,121373476.0,20.0,4.698970004336019,0,Inactive
Unspecified,IC50,20.0,121335218.0,20.0,4.698970004336019,0,Inactive
Unspecified,IC50,20.0,121372939.0,20.0,4.698970004336019,0,Inactive
Unspecified,IC50,20.0,134151635.0,20.0,4.698970004336019,0,Inactive
Unspecified,IC50,20.0,134143286.0,20.0,4.698970004336019,0,Inactive
Unspecified,IC50,20.0,134149949.0,20.0,4.698970004336019,0,Inactive
Unspecified,IC50,20.0,134151910.0,20.0,4.698970004336019,0,Inactive
Unspecified,IC50,20.0,134137178.0,20.0,4.698970004336019,0,Inactive
Unspecified,IC50,20.0,134147360.0,20.0,4.698970004336019,0,Inactive
Unspecified,IC50,20.0,134135271.0,20.0,4.698970004336019,0,Inactive
Unspecified,IC50,20.0,134132771.0,20.0,4.698970004336019,0,Inactive
Unspecified,IC50,20.0,145954441.0,20.0,4.698970004336019,0,Inactive
Unspecified,IC50,20.0,134132238.0,20.0,4.698970004336019,0,Inactive
Unspecified,IC50,20.0,121372897.0,20.0,4.698970004336019,0,Inactive
Unspecified,IC50,20.0,127053005.0,20.0,4.698970004336019,0,Inactive
Unspecified,IC50,20.0,145957453.0,20.0,4.698970004336019,0,Inactive
Unspecified,IC50,20.0,130471849.0,20.0,4.698970004336019,0,Inactive
Unspecified,IC50,20.0,137636933.0,20.0,4.698970004336019,0,Inactive
Unspecified,IC50,20.0,127053006.0,20.0,4.698970004336019,0,Inactive
Unspecified,IC50,20.0,141736367.0,20.0,4.698970004336019,0,Inactive
Unspecified,IC50,20.0,130471765.0,20.0,4.698970004336019,0,Inactive
Unspecified,IC50,20.0,130471777.0,20.0,4.698970004336019,0,Inactive
Unspecified,IC50,20.0,145950955.0,20.0,4.698970004336019,0,Inactive
Unspecified,IC50,20.0,145957310.0,20.0,4.698970004336019,0,Inactive
Unspecified,IC50,20.0,141736359.0,20.0,4.698970004336019,0,Inactive
Unspecified,IC50,20.0,127051477.0,20.0,4.698970004336019,0,Inactive
Unspecified,IC50,20.0,127049932.0,20.0,4.698970004336019,0,Inactive
Unspecified,IC50,20.0,127048317.0,20.0,4.698970004336019,0,Inactive
Inactive,IC50,20.0,121373745.0,20.0,4.698970004336019,0,Inactive
Unspecified,IC50,20.0,1382046.0,20.0,4.698970004336019,0,Inactive
Unspecified,Kd,20.0,155511200.0,20.0,4.698970004336019,0,Inactive
Unspecified,IC50,20.0,145973334.0,20.0,4.698970004336019,0,Inactive
Unspecified,IC50,20.0,145967100.0,20.0,4.698970004336019,0,Inactive
Unspecified,IC50,20.0,137641456.0,20.0,4.698970004336019,0,Inactive
Inactive,IC50,20.0,166058975.0,20.0,4.698970004336019,0,Inactive
Unspecified,IC50,20.0,121278155.0,20.0,4.698970004336019,0,Inactive
Unspecified,IC50,20.0,118727401.0,20.0,4.698970004336019,0,Inactive
Unspecified,IC50,20.0,137647885.0,20.0,4.698970004336019,0,Inactive
Unspecified,IC50,20.0,121338490.0,20.0,4.698970004336019,0,Inactive
Unspecified,IC50,20.0,121338401.0,20.0,4.698970004336019,0,Inactive
Unspecified,IC50,20.0,137655172.0,20.0,4.698970004336019,0,Inactive
Unspecified,IC50,20.0,130471761.0,20.0,4.698970004336019,0,Inactive
Unspecified,IC50,20.0,145952497.0,20.0,4.698970004336019,0,Inactive
Unspecified,IC50,20.0,128963618.0,20.0,4.698970004336019,0,Inactive
Inactive,IC50,20.0,166059003.0,20.0,4.698970004336019,0,Inactive
Inactive,IC50,20.0,118889552.0,20.0,4.698970004336019,0,Inactive
Unspecified,IC50,20.0,132181706.0,20.0,4.698970004336019,0,Inactive
Unspecified,IC50,20.0,265237.0,20.0,4.698970004336019,0,Inactive
Unspecified,IC50,20.0,172451891.0,20.0,4.698970004336019,0,Inactive
Unspecified,IC50,20.0,141414514.0,20.0,4.698970004336019,0,Inactive
Unspecified,IC50,20.0,141414498.0,20.0,4.698970004336019,0,Inactive
Unspecified,IC50,20.0,137658279.0,20.0,4.698970004336019,0,Inactive
Unspecified,IC50,20.0,137651137.0,20.0,4.698970004336019,0,Inactive
Unspecified,IC50,20.0,121338332.0,20.0,4.698970004336019,0,Inactive
Unspecified,IC50,20.0,121338437.0,20.0,4.698970004336019,0,Inactive
Unspecified,IC50,20.0,137651263.0,20.0,4.698970004336019,0,Inactive
Inactive,Ki,20.0,155043943.0,20.0,4.698970004336019,0,Inactive
Unspecified,IC50,20.0,53054237.0,20.0,4.698970004336019,0,Inactive
Unspecified,IC50,20.0,145955789.0,20.0,4.698970004336019,0,Inactive
Unspecified,IC50,20.0,172469883.0,20.0,4.698970004336019,0,Inactive
Unspecified,IC50,20.0,141414501.0,20.0,4.698970004336019,0,Inactive
Unspecified,IC50,20.0,147071032.0,20.0,4.698970004336019,0,Inactive
Unspecified,IC50,20.0,95828281.0,20.0,4.698970004336019,0,Inactive
Unspecified,IC50,20.0,141414515.0,20.0,4.698970004336019,0,Inactive
Unspecified,IC50,20.0,137650255.0,20.0,4.698970004336019,0,Inactive
Inactive,IC50,20.0,121373436.0,20.0,4.698970004336019,0,Inactive
Unspecified,IC50,20.0,137634563.0,20.0,4.698970004336019,0,Inactive
Unspecified,IC50,20.0,172471109.0,20.0,4.698970004336019,0,Inactive
Inactive,IC50,20.0,121372611.0,20.0,4.698970004336019,0,Inactive
Unspecified,IC50,20.0,132181409.0,20.0,4.698970004336019,0,Inactive
Unspecified,IC50,20.0,132169030.0,20.0,4.698970004336019,0,Inactive
Inactive,IC50,20.0,121372624.0,20.0,4.698970004336019,0,Inactive
Unspecified,IC50,20.0,132176755.0,20.0,4.698970004336019,0,Inactive
Inactive,IC50,20.0,121372618.0,20.0,4.698970004336019,0,Inactive
Inactive,IC50,20.0,121373437.0,20.0,4.698970004336019,0,Inactive
Unspecified,IC50,20.0,1078352.0,20.0,4.698970004336019,0,Inactive
Unspecified,IC50,20.0,132181717.0,20.0,4.698970004336019,0,Inactive
Unspecified,IC50,20.0,137636309.0,20.0,4.698970004336019,0,Inactive
Inactive,IC50,20.0,121377006.0,20.0,4.698970004336019,0,Inactive
Inactive,IC50,20.0,121372613.0,20.0,4.698970004336019,0,Inactive
Inactive,IC50,20.0,121373382.0,20.0,4.698970004336019,0,Inactive
Unspecified,IC50,20.0,121271756.0,20.0,4.698970004336019,0,Inactive
Unspecified,IC50,20.0,145974181.0,20.0,4.698970004336019,0,Inactive
Unspecified,IC50,20.0,139382567.0,20.0,4.698970004336019,0,Inactive
Unspecified,IC50,20.0,132186470.0,20.0,4.698970004336019,0,Inactive
Unspecified,IC50,20.0,132169466.0,20.0,4.698970004336019,0,Inactive
Unspecified,IC50,20.0,132186706.0,20.0,4.698970004336019,0,Inactive
Unspecified,IC50,20.0,137644405.0,20.0,4.698970004336019,0,Inactive
Unspecified,IC50,20.0,121338589.0,20.0,4.698970004336019,0,Inactive
Inactive,IC50,20.0,121372621.0,20.0,4.698970004336019,0,Inactive
Unspecified,IC50,20.0,134154313.0,20.0,4.698970004336019,0,Inactive
Unspecified,IC50,20.0,134149861.0,20.0,4.698970004336019,0,Inactive
Unspecified,IC50,20.0,137632559.0,20.0,4.698970004336019,0,Inactive
Unspecified,IC50,20.0,132169397.0,20.0,4.698970004336019,0,Inactive
Unspecified,IC50,20.0,132186760.0,20.0,4.698970004336019,0,Inactive
Unspecified,IC50,20.0,132186467.0,20.0,4.698970004336019,0,Inactive
Unspecified,IC50,20.0,135394452.0,20.0,4.698970004336019,0,Inactive
Unspecified,IC50,20.0,137651884.0,20.0,4.698970004336019,0,Inactive
Inactive,IC50,20.0,121373430.0,20.0,4.698970004336019,0,Inactive
Unspecified,IC50,20.0,118959090.0,20.0,4.698970004336019,0,Inactive
Unspecified,IC50,20.0,137647118.0,20.0,4.698970004336019,0,Inactive
Unspecified,IC50,20.0,121365342.0,20.0,4.698970004336019,0,Inactive
Unspecified,IC50,20.0,134146622.0,20.0,4.698970004336019,0,Inactive
Unspecified,IC50,20.0,51371083.0,20.0,4.698970004336019,0,Inactive
Unspecified,IC50,20.0,137635790.0,20.0,4.698970004336019,0,Inactive
Unspecified,IC50,20.0,145975493.0,20.0,4.698970004336019,0,Inactive
Unspecified,IC50,20.0,134133805.0,20.0,4.698970004336019,0,Inactive
Inactive,IC50,20.0,121373431.0,20.0,4.698970004336019,0,Inactive
Inactive,IC50,20.167,121277860.0,20.167,4.69535870170533,0,Inactive
Unspecified,IC50,20.200001,155352435.0,20.200001,4.69464860905365,0,Inactive
Unspecified,IC50,20.4,127033567.0,20.4,4.690369832574101,0,Inactive
Unspecified,IC50,20.42,171355654.0,20.42,4.689944262249108,0,Inactive
Inactive,IC50,20.5,121278131.0,20.5,4.688246138944246,0,Inactive
Inactive,IC50,20.51,118889401.0,20.51,4.688034339631634,0,Inactive
Inactive,IC50,20.51,118889399.0,20.51,4.688034339631634,0,Inactive
Unspecified,IC50,20.540001,171349649.0,20.540001,4.6873995395949,0,Inactive
Unspecified,IC50,20.700001,117841268.0,20.700001,4.684029633562673,0,Inactive
Inactive,IC50,20.983999,139530333.0,20.983999,4.678111743114162,0,Inactive
Unspecified,Ki,21.0,12488974.0,21.0,4.6777807052660805,0,Inactive
Unspecified,IC50,21.0,71975056.0,21.0,4.6777807052660805,0,Inactive
Unspecified,Ki,21.0,172453634.0,21.0,4.6777807052660805,0,Inactive
Unspecified,IC50,21.129999,52106229.0,21.129999,4.675100523501142,0,Inactive
Unspecified,IC50,21.27,16654419.0,21.27,4.672232510097271,0,Inactive
Unspecified,IC50,21.799999,155352415.0,21.799999,4.6615435263171605,0,Inactive
Inactive,IC50,21.83,118889370.0,21.83,4.66094626429086,0,Inactive
Inactive,IC50,21.938999,139530430.0,21.938999,4.6587831916516365,0,Inactive
Unspecified,IC50,22.0,56950565.0,22.0,4.657577319177793,0,Inactive
Unspecified,Ki,22.0,86299506.0,22.0,4.657577319177793,0,Inactive
Unspecified,IC50,22.0,137348845.0,22.0,4.657577319177793,0,Inactive
Inactive,IC50,22.0,118889414.0,22.0,4.657577319177793,0,Inactive
Inactive,IC50,22.136999,121278040.0,22.136999,4.654881254553875,0,Inactive
Unspecified,IC50,22.24,119098889.0,22.24,4.65286521708998,0,Inactive
Inactive,IC50,22.422001,139530492.0,22.422001,4.649325632397596,0,Inactive
Inactive,IC50,22.48,166058999.0,22.48,4.648203693102976,0,Inactive
Inactive,IC50,22.497999,121278027.0,22.497999,4.647856106862111,0,Inactive
Unspecified,IC50,22.639999,164613797.0,22.639999,4.6451235966663855,0,Inactive
Unspecified,IC50,22.700001,155526228.0,22.700001,4.643974123674962,0,Inactive
Inactive,IC50,22.766001,139530323.0,22.766001,4.642713249409429,0,Inactive
Unspecified,IC50,22.799999,71661335.0,22.799999,4.64206517204755,0,Inactive
Inactive,IC50,22.91,118889624.0,22.91,4.6399749108106025,0,Inactive
Inactive,IC50,23.0,91826307.0,23.0,4.638272163982407,0,Inactive
Unspecified,IC50,23.0,2927305.0,23.0,4.638272163982407,0,Inactive
Unspecified,IC50,23.004999,127051725.0,23.004999,4.6381777812774505,0,Inactive
Unspecified,IC50,23.059999,145953072.0,23.059999,4.637140715874558,0,Inactive
Unspecified,IC50,23.059999,893324.0,23.059999,4.637140715874558,0,Inactive
Unspecified,IC50,23.200001,54757749.0,23.200001,4.634511996389511,0,Inactive
Inactive,IC50,23.575001,139530338.0,23.575001,4.627548280168812,0,Inactive
Inactive,IC50,23.6,22333219.0,23.6,4.627087997029894,0,Inactive
Unspecified,IC50,23.799999,71661522.0,23.799999,4.623423061191156,0,Inactive
Unspecified,IC50,23.870001,155551897.0,23.870001,4.622147562799091,0,Inactive
Unspecified,IC50,24.0,18536647.0,24.0,4.619788758288394,0,Inactive
Unspecified,IC50,24.0,17481591.0,24.0,4.619788758288394,0,Inactive
Unspecified,IC50,24.0,71942353.0,24.0,4.619788758288394,0,Inactive
Unspecified,IC50,24.0,145970920.0,24.0,4.619788758288394,0,Inactive
Unspecified,IC50,24.0,155560656.0,24.0,4.619788758288394,0,Inactive
Unspecified,IC50,24.0,137348600.0,24.0,4.619788758288394,0,Inactive
Unspecified,IC50,24.0,43286729.0,24.0,4.619788758288394,0,Inactive
Unspecified,IC50,24.5,168273778.0,24.5,4.610833915635467,0,Inactive
Unspecified,IC50,24.530001,164624281.0,24.530001,4.610302434088989,0,Inactive
Unspecified,IC50,24.6,44243549.0,24.6,4.609064892896621,0,Inactive
Inactive,IC50,24.677999,139530521.0,24.677999,4.607690057705629,0,Inactive
Unspecified,IC50,24.91,126772498.0,24.91,4.603626272463494,0,Inactive
Inactive,IC50,25.0,139530348.0,25.0,4.6020599913279625,0,Inactive
Inactive,IC50,25.0,139530506.0,25.0,4.6020599913279625,0,Inactive
Unspecified,IC50,25.0,137652309.0,25.0,4.6020599913279625,0,Inactive
Inactive,IC50,25.0,153436813.0,25.0,4.6020599913279625,0,Inactive
Inactive,IC50,25.0,139530466.0,25.0,4.6020599913279625,0,Inactive
Inactive,IC50,25.0,139530475.0,25.0,4.6020599913279625,0,Inactive
Inactive,IC50,25.0,139530356.0,25.0,4.6020599913279625,0,Inactive
Inactive,IC50,25.0,139530375.0,25.0,4.6020599913279625,0,Inactive
Inactive,IC50,25.0,139530402.0,25.0,4.6020599913279625,0,Inactive
Inactive,IC50,25.0,139543437.0,25.0,4.6020599913279625,0,Inactive
Inactive,IC50,25.0,139530318.0,25.0,4.6020599913279625,0,Inactive
Unspecified,Ki,25.0,101481444.0,25.0,4.6020599913279625,0,Inactive
Inactive,IC50,25.0,139530366.0,25.0,4.6020599913279625,0,Inactive
Inactive,IC50,25.0,139530330.0,25.0,4.6020599913279625,0,Inactive
Inactive,IC50,25.0,139530350.0,25.0,4.6020599913279625,0,Inactive
Inactive,IC50,25.0,139530319.0,25.0,4.6020599913279625,0,Inactive
Inactive,IC50,25.0,139543503.0,25.0,4.6020599913279625,0,Inactive
Inactive,IC50,25.0,139530417.0,25.0,4.6020599913279625,0,Inactive
Inactive,IC50,25.0,139530536.0,25.0,4.6020599913279625,0,Inactive
Inactive,IC50,25.0,139530388.0,25.0,4.6020599913279625,0,Inactive
Unspecified,IC50,25.0,122180899.0,25.0,4.6020599913279625,0,Inactive
Unspecified,Kd,25.0,118626445.0,25.0,4.6020599913279625,0,Inactive
Inactive,IC50,25.0,91826326.0,25.0,4.6020599913279625,0,Inactive
Unspecified,IC50,25.0,163196392.0,25.0,4.6020599913279625,0,Inactive
Unspecified,IC50,25.0,122180898.0,25.0,4.6020599913279625,0,Inactive
Inactive,IC50,25.0,139543400.0,25.0,4.6020599913279625,0,Inactive
Inactive,IC50,25.0,139530429.0,25.0,4.6020599913279625,0,Inactive
Unspecified,IC50,25.0,122180907.0,25.0,4.6020599913279625,0,Inactive
Inactive,IC50,25.0,139530474.0,25.0,4.6020599913279625,0,Inactive
Inactive,IC50,25.0,139530364.0,25.0,4.6020599913279625,0,Inactive
Inactive,IC50,25.0,139543520.0,25.0,4.6020599913279625,0,Inactive
Unspecified,IC50,25.0,118079722.0,25.0,4.6020599913279625,0,Inactive
Inactive,IC50,25.0,139530460.0,25.0,4.6020599913279625,0,Inactive
Inactive,IC50,25.0,139530320.0,25.0,4.6020599913279625,0,Inactive
Inactive,IC50,25.0,139530386.0,25.0,4.6020599913279625,0,Inactive
Inactive,IC50,25.0,139530483.0,25.0,4.6020599913279625,0,Inactive
Inactive,IC50,25.0,139530407.0,25.0,4.6020599913279625,0,Inactive
Inactive,IC50,25.0,139530487.0,25.0,4.6020599913279625,0,Inactive
Inactive,IC50,25.0,139530298.0,25.0,4.6020599913279625,0,Inactive
Inactive,IC50,25.0,139530294.0,25.0,4.6020599913279625,0,Inactive
Inactive,IC50,25.0,139530342.0,25.0,4.6020599913279625,0,Inactive
Inactive,IC50,25.0,139543418.0,25.0,4.6020599913279625,0,Inactive
Inactive,IC50,25.0,139543429.0,25.0,4.6020599913279625,0,Inactive
Inactive,IC50,25.0,129046541.0,25.0,4.6020599913279625,0,Inactive
Inactive,IC50,25.0,139530426.0,25.0,4.6020599913279625,0,Inactive
Inactive,IC50,25.0,139530336.0,25.0,4.6020599913279625,0,Inactive
Unspecified,IC50,25.1189,122180546.0,25.1189,4.59999938302362,0,Inactive
Unspecified,IC50,25.1189,156009630.0,25.1189,4.59999938302362,0,Inactive
Unspecified,IC50,25.1189,122181570.0,25.1189,4.59999938302362,0,Inactive
Unspecified,IC50,25.1189,155534550.0,25.1189,4.59999938302362,0,Inactive
Unspecified,Ki,25.1189,155818523.0,25.1189,4.59999938302362,0,Inactive
Unspecified,IC50,25.1189,145984432.0,25.1189,4.59999938302362,0,Inactive
Unspecified,IC50,25.1189,155560671.0,25.1189,4.59999938302362,0,Inactive
Unspecified,IC50,25.1189,67195867.0,25.1189,4.59999938302362,0,Inactive
Unspecified,IC50,25.1189,145986370.0,25.1189,4.59999938302362,0,Inactive
Unspecified,IC50,25.1189,166635973.0,25.1189,4.59999938302362,0,Inactive
Unspecified,IC50,25.1189,121499171.0,25.1189,4.59999938302362,0,Inactive
Unspecified,IC50,25.1189,127043863.0,25.1189,4.59999938302362,0,Inactive
Unspecified,IC50,25.1189,156017982.0,25.1189,4.59999938302362,0,Inactive
Unspecified,IC50,25.1189,156021267.0,25.1189,4.59999938302362,0,Inactive
Unspecified,IC50,25.1189,122181546.0,25.1189,4.59999938302362,0,Inactive
Unspecified,IC50,25.1189,4683060.0,25.1189,4.59999938302362,0,Inactive
Unspecified,IC50,25.1189,91820723.0,25.1189,4.59999938302362,0,Inactive
Unspecified,IC50,25.1189,118719863.0,25.1189,4.59999938302362,0,Inactive
Unspecified,IC50,25.1189,166631254.0,25.1189,4.59999938302362,0,Inactive
Unspecified,IC50,25.1189,162665815.0,25.1189,4.59999938302362,0,Inactive
Unspecified,IC50,25.1189,33323919.0,25.1189,4.59999938302362,0,Inactive
Unspecified,IC50,25.1189,122180545.0,25.1189,4.59999938302362,0,Inactive
Unspecified,IC50,25.1189,155554629.0,25.1189,4.59999938302362,0,Inactive
Unspecified,IC50,25.1189,122181565.0,25.1189,4.59999938302362,0,Inactive
Unspecified,IC50,25.1189,168298908.0,25.1189,4.59999938302362,0,Inactive
Unspecified,IC50,25.43,145979130.0,25.43,4.594653639824291,0,Inactive
Unspecified,IC50,25.747999,20861763.0,25.747999,4.589256516410184,0,Inactive
Unspecified,IC50,26.0,121013902.0,26.0,4.585026652029182,0,Inactive
Unspecified,IC50,26.0,145969902.0,26.0,4.585026652029182,0,Inactive
Unspecified,IC50,26.0,105539824.0,26.0,4.585026652029182,0,Inactive
Unspecified,IC50,26.0,16480179.0,26.0,4.585026652029182,0,Inactive
Unspecified,IC50,26.4,127033568.0,26.4,4.578396073130169,0,Inactive
Inactive,IC50,26.799999,1616439.0,26.799999,4.571865222176229,0,Inactive
Unspecified,IC50,27.0,137045897.0,27.0,4.568636235841012,0,Inactive
Unspecified,IC50,27.0,155352361.0,27.0,4.568636235841012,0,Inactive
Unspecified,IC50,27.0,47026724.0,27.0,4.568636235841012,0,Inactive
Unspecified,IC50,27.0,155352430.0,27.0,4.568636235841012,0,Inactive
Inactive,IC50,27.110001,129046577.0,27.110001,4.566870466399799,0,Inactive
Unspecified,IC50,27.52,145959472.0,27.52,4.560351570436526,0,Inactive
Unspecified,IC50,27.52,845994.0,27.52,4.560351570436526,0,Inactive
Unspecified,IC50,28.0,72713636.0,28.0,4.552841968657781,0,Inactive
Inactive,IC50,28.18,118889487.0,28.18,4.550059011226662,0,Inactive
Inactive,IC50,28.370001,121372895.0,28.370001,4.547140648895918,0,Inactive
Unspecified,IC50,29.0,122180908.0,29.0,4.537602002101044,0,Inactive
Unspecified,IC50,29.700001,118727400.0,29.700001,4.5272435360600785,0,Inactive
Unspecified,IC50,30.0,90654869.0,30.0,4.522878745280337,0,Inactive
Unspecified,IC50,30.0,24906340.0,30.0,4.522878745280337,0,Inactive
Unspecified,IC50,30.0,1503595.0,30.0,4.522878745280337,0,Inactive
Unspecified,IC50,30.0,22696534.0,30.0,4.522878745280337,0,Inactive
Unspecified,IC50,30.0,122467480.0,30.0,4.522878745280337,0,Inactive
Inactive,IC50,30.0,91826323.0,30.0,4.522878745280337,0,Inactive
Unspecified,IC50,30.0,16876399.0,30.0,4.522878745280337,0,Inactive
Unspecified,IC50,30.0,122467477.0,30.0,4.522878745280337,0,Inactive
Unspecified,IC50,30.0,127033473.0,30.0,4.522878745280337,0,Inactive
Unspecified,IC50,30.0,7731152.0,30.0,4.522878745280337,0,Inactive
Unspecified,IC50,30.0,122467467.0,30.0,4.522878745280337,0,Inactive
Unspecified,IC50,30.0,15944465.0,30.0,4.522878745280337,0,Inactive
Unspecified,IC50,30.0,21680034.0,30.0,4.522878745280337,0,Inactive
Unspecified,IC50,30.0,122467483.0,30.0,4.522878745280337,0,Inactive
Unspecified,IC50,30.0,122467464.0,30.0,4.522878745280337,0,Inactive
Unspecified,IC50,30.0,124182295.0,30.0,4.522878745280337,0,Inactive
Unspecified,IC50,30.0,118352432.0,30.0,4.522878745280337,0,Inactive
Unspecified,IC50,30.0,127030450.0,30.0,4.522878745280337,0,Inactive
Unspecified,IC50,30.0,122467494.0,30.0,4.522878745280337,0,Inactive
Unspecified,IC50,30.0,164609238.0,30.0,4.522878745280337,0,Inactive
Unspecified,IC50,30.0,72695501.0,30.0,4.522878745280337,0,Inactive
Unspecified,IC50,30.0,747882.0,30.0,4.522878745280337,0,Inactive
Unspecified,IC50,30.652,119098887.0,30.652,4.513541183115351,0,Inactive
Inactive,IC50,31.0,91826303.0,31.0,4.508638306165727,0,Inactive
Unspecified,IC50,31.0,135630721.0,31.0,4.508638306165727,0,Inactive
Unspecified,Ki,31.0,170556524.0,31.0,4.508638306165727,0,Inactive
Inactive,IC50,31.0,91826311.0,31.0,4.508638306165727,0,Inactive
Unspecified,IC50,31.421,127049278.0,31.421,4.502779997285513,0,Inactive
Unspecified,IC50,31.5,117834638.0,31.5,4.501689446210399,0,Inactive
Unspecified,IC50,31.622801,145984295.0,31.622801,4.499999664923478,0,Inactive
Unspecified,IC50,31.622801,166631987.0,31.622801,4.499999664923478,0,Inactive
Unspecified,IC50,31.622801,166629652.0,31.622801,4.499999664923478,0,Inactive
Unspecified,IC50,31.622801,162422437.0,31.622801,4.499999664923478,0,Inactive
Unspecified,IC50,31.622801,162422436.0,31.622801,4.499999664923478,0,Inactive
Unspecified,IC50,31.622801,166626485.0,31.622801,4.499999664923478,0,Inactive
Unspecified,IC50,31.622801,162396653.0,31.622801,4.499999664923478,0,Inactive
Unspecified,IC50,31.622801,155541586.0,31.622801,4.499999664923478,0,Inactive
Unspecified,IC50,31.622801,166635032.0,31.622801,4.499999664923478,0,Inactive
Unspecified,IC50,31.622801,162669388.0,31.622801,4.499999664923478,0,Inactive
Unspecified,IC50,31.622801,90667398.0,31.622801,4.499999664923478,0,Inactive
Unspecified,IC50,31.622801,166634030.0,31.622801,4.499999664923478,0,Inactive
Unspecified,IC50,31.622801,137634095.0,31.622801,4.499999664923478,0,Inactive
Unspecified,IC50,31.622801,155535485.0,31.622801,4.499999664923478,0,Inactive
Unspecified,IC50,31.622801,155548910.0,31.622801,4.499999664923478,0,Inactive
Unspecified,IC50,31.622801,166634168.0,31.622801,4.499999664923478,0,Inactive
Unspecified,IC50,31.622801,166631544.0,31.622801,4.499999664923478,0,Inactive
Unspecified,IC50,31.622801,166631191.0,31.622801,4.499999664923478,0,Inactive
Unspecified,IC50,31.622801,155543582.0,31.622801,4.499999664923478,0,Inactive
Unspecified,IC50,31.622801,162665857.0,31.622801,4.499999664923478,0,Inactive
Unspecified,IC50,31.622801,166632117.0,31.622801,4.499999664923478,0,Inactive
Unspecified,IC50,31.622801,166634222.0,31.622801,4.499999664923478,0,Inactive
Unspecified,IC50,31.622801,16344932.0,31.622801,4.499999664923478,0,Inactive
Unspecified,Ki,31.622801,156013241.0,31.622801,4.499999664923478,0,Inactive
Unspecified,IC50,31.622801,166633519.0,31.622801,4.499999664923478,0,Inactive
Unspecified,IC50,32.23,137322665.0,32.23,4.4917396944876655,0,Inactive
Unspecified,IC50,32.23,3293096.0,32.23,4.4917396944876655,0,Inactive
Unspecified,IC50,32.43,127049280.0,32.43,4.489053051327027,0,Inactive
Inactive,IC50,32.650002,118540009.0,32.650002,4.4861167877858765,0,Inactive
Unspecified,IC50,33.16,86808440.0,33.16,4.479385478121764,0,Inactive
Unspecified,IC50,34.0,137029447.0,34.0,4.468521082957745,0,Inactive
Unspecified,IC50,34.0,122180900.0,34.0,4.468521082957745,0,Inactive
Unspecified,IC50,34.0,129900111.0,34.0,4.468521082957745,0,Inactive
Unspecified,IC50,34.200001,97075.0,34.200001,4.465973881245196,0,Inactive
Unspecified,IC50,34.5,9404764.0,34.5,4.462180904926726,0,Inactive
Unspecified,Kd,35.0,40234005.0,35.0,4.455931955649724,0,Inactive
Unspecified,IC50,35.0,164628030.0,35.0,4.455931955649724,0,Inactive
Unspecified,IC50,35.200001,145927379.0,35.200001,4.453457324183958,0,Inactive
Unspecified,Kd,37.0,40805043.0,37.0,4.431798275933005,0,Inactive
Unspecified,IC50,37.0,134153498.0,37.0,4.431798275933005,0,Inactive
Inactive,IC50,37.0,91826305.0,37.0,4.431798275933005,0,Inactive
Inactive,IC50,37.0,86292782.0,37.0,4.431798275933005,0,Inactive
Unspecified,IC50,37.0,137639742.0,37.0,4.431798275933005,0,Inactive
Inactive,IC50,37.0,91826314.0,37.0,4.431798275933005,0,Inactive
Unspecified,IC50,38.900002,127026579.0,38.900002,4.410050376345527,0,Inactive
Unspecified,IC50,39.040001,49766616.0,39.040001,4.4084901798809994,0,Inactive
Inactive,IC50,39.799999,121277645.0,39.799999,4.400116938838234,0,Inactive
Unspecified,IC50,39.810699,127044040.0,39.810699,4.400000196965569,0,Inactive
Unspecified,IC50,39.810699,122180531.0,39.810699,4.400000196965569,0,Inactive
Unspecified,IC50,39.810699,122180543.0,39.810699,4.400000196965569,0,Inactive
Unspecified,IC50,39.810699,440987.0,39.810699,4.400000196965569,0,Inactive
Unspecified,IC50,39.810699,3657707.0,39.810699,4.400000196965569,0,Inactive
Unspecified,IC50,39.810699,155546089.0,39.810699,4.400000196965569,0,Inactive
Unspecified,IC50,39.810699,155546746.0,39.810699,4.400000196965569,0,Inactive
Unspecified,IC50,39.810699,156018234.0,39.810699,4.400000196965569,0,Inactive
Unspecified,IC50,39.810699,4790771.0,39.810699,4.400000196965569,0,Inactive
Unspecified,IC50,39.810699,155551946.0,39.810699,4.400000196965569,0,Inactive
Unspecified,IC50,39.810699,127045572.0,39.810699,4.400000196965569,0,Inactive
Unspecified,IC50,39.810699,155553650.0,39.810699,4.400000196965569,0,Inactive
Inactive,IC50,39.830002,118889550.0,39.830002,4.399789671783267,0,Inactive
Unspecified,Kd,40.0,172440284.0,40.0,4.3979400086720375,0,Inactive
Unspecified,Ki,40.0,137632690.0,40.0,4.3979400086720375,0,Inactive
Unspecified,Ki,40.0,137643820.0,40.0,4.3979400086720375,0,Inactive
Unspecified,Ki,40.0,137632087.0,40.0,4.3979400086720375,0,Inactive
Unspecified,IC50,40.0,168277767.0,40.0,4.3979400086720375,0,Inactive
Unspecified,IC50,40.0,168271752.0,40.0,4.3979400086720375,0,Inactive
Unspecified,IC50,40.0,122180901.0,40.0,4.3979400086720375,0,Inactive
Unspecified,IC50,40.099998,145984406.0,40.099998,4.396855649040391,0,Inactive
Unspecified,IC50,40.900002,166634758.0,40.900002,4.388276670755765,0,Inactive
Unspecified,IC50,41.900002,145963915.0,41.900002,4.377785956303658,0,Inactive
Unspecified,IC50,42.0,163249386.0,42.0,4.376750709602099,0,Inactive
Unspecified,IC50,42.0,72713637.0,42.0,4.376750709602099,0,Inactive
Unspecified,IC50,42.0,39129690.0,42.0,4.376750709602099,0,Inactive
Unspecified,IC50,42.23,52100397.0,42.23,4.3743789185750925,0,Inactive
Unspecified,IC50,42.23,2973846.0,42.23,4.3743789185750925,0,Inactive
Unspecified,IC50,43.0,118078912.0,43.0,4.366531544420414,0,Inactive
Unspecified,IC50,43.0,2728636.0,43.0,4.366531544420414,0,Inactive
Unspecified,IC50,43.998001,127048257.0,43.998001,4.356567054749968,0,Inactive
Unspecified,IC50,44.0,168293387.0,44.0,4.356547323513812,0,Inactive
Unspecified,IC50,44.0,122180909.0,44.0,4.356547323513812,0,Inactive
Unspecified,Kd,44.0,49670597.0,44.0,4.356547323513812,0,Inactive
Unspecified,IC50,44.0,127049286.0,44.0,4.356547323513812,0,Inactive
Unspecified,IC50,44.0,122180902.0,44.0,4.356547323513812,0,Inactive
Unspecified,IC50,46.0,122180903.0,46.0,4.337242168318426,0,Inactive
Unspecified,IC50,47.0,122180910.0,47.0,4.327902142064282,0,Inactive
Unspecified,IC50,47.095001,127048258.0,47.095001,4.327025189544898,0,Inactive
Unspecified,IC50,47.279999,781532.0,47.279999,4.325322541312387,0,Inactive
Unspecified,IC50,47.279999,701320.0,47.279999,4.325322541312387,0,Inactive
Unspecified,IC50,47.359001,127051726.0,47.359001,4.324597467280984,0,Inactive
Unspecified,IC50,49.0,145970005.0,49.0,4.309803919971486,0,Inactive
Unspecified,IC50,49.0,122180911.0,49.0,4.309803919971486,0,Inactive
Inactive,IC50,50.0,118540006.0,50.0,4.301029995663981,0,Inactive
Unspecified,IC50,50.0,145989546.0,50.0,4.301029995663981,0,Inactive
Inactive,IC50,50.0,15983966.0,50.0,4.301029995663981,0,Inactive
Inactive,IC50,50.0,44181603.0,50.0,4.301029995663981,0,Inactive
Unspecified,IC50,50.0,145991750.0,50.0,4.301029995663981,0,Inactive
Unspecified,Kd,50.0,16642539.0,50.0,4.301029995663981,0,Inactive
Unspecified,IC50,50.0,91654625.0,50.0,4.301029995663981,0,Inactive
Unspecified,IC50,50.0,16232084.0,50.0,4.301029995663981,0,Inactive
Inactive,IC50,50.0,44181178.0,50.0,4.301029995663981,0,Inactive
Unspecified,Kd,50.0,71456689.0,50.0,4.301029995663981,0,Inactive
Unspecified,IC50,50.0,137409188.0,50.0,4.301029995663981,0,Inactive
Unspecified,IC50,50.0,1775581.0,50.0,4.301029995663981,0,Inactive
Unspecified,IC50,50.0,118079985.0,50.0,4.301029995663981,0,Inactive
Unspecified,IC50,50.0,142517920.0,50.0,4.301029995663981,0,Inactive
Unspecified,IC50,50.0,127026591.0,50.0,4.301029995663981,0,Inactive
Unspecified,IC50,50.0,164622126.0,50.0,4.301029995663981,0,Inactive
Unspecified,IC50,50.0,127028091.0,50.0,4.301029995663981,0,Inactive
Unspecified,IC50,50.0,3571495.0,50.0,4.301029995663981,0,Inactive
Unspecified,IC50,50.0,137410588.0,50.0,4.301029995663981,0,Inactive
Unspecified,IC50,50.0,70680609.0,50.0,4.301029995663981,0,Inactive
Unspecified,IC50,50.0,127026582.0,50.0,4.301029995663981,0,Inactive
Unspecified,IC50,50.0,73010930.0,50.0,4.301029995663981,0,Inactive
Unspecified,IC50,50.0,146524813.0,50.0,4.301029995663981,0,Inactive
Unspecified,IC50,50.0,146588960.0,50.0,4.301029995663981,0,Inactive
Unspecified,IC50,50.0,164618850.0,50.0,4.301029995663981,0,Inactive
Unspecified,IC50,50.0,118079664.0,50.0,4.301029995663981,0,Inactive
Unspecified,IC50,50.0,164616116.0,50.0,4.301029995663981,0,Inactive
Unspecified,IC50,50.0,145989459.0,50.0,4.301029995663981,0,Inactive
Unspecified,IC50,50.0,122180912.0,50.0,4.301029995663981,0,Inactive
Unspecified,IC50,50.0,122180904.0,50.0,4.301029995663981,0,Inactive
Unspecified,IC50,50.0,145987227.0,50.0,4.301029995663981,0,Inactive
Unspecified,IC50,50.0,137410587.0,50.0,4.301029995663981,0,Inactive
Unspecified,IC50,50.0,145988638.0,50.0,4.301029995663981,0,Inactive
Unspecified,IC50,50.0,137410586.0,50.0,4.301029995663981,0,Inactive
Unspecified,Kd,50.0,91808023.0,50.0,4.301029995663981,0,Inactive
Unspecified,IC50,50.0,145975701.0,50.0,4.301029995663981,0,Inactive
Unspecified,IC50,50.0,146589039.0,50.0,4.301029995663981,0,Inactive
Unspecified,Kd,50.0,75375570.0,50.0,4.301029995663981,0,Inactive
Unspecified,IC50,50.118698,16323492.0,50.118698,4.300000219776054,0,Inactive
Unspecified,IC50,50.118698,127044336.0,50.118698,4.300000219776054,0,Inactive
Unspecified,IC50,50.118698,155557646.0,50.118698,4.300000219776054,0,Inactive
Unspecified,IC50,50.118698,29180108.0,50.118698,4.300000219776054,0,Inactive
Unspecified,IC50,50.118698,24790912.0,50.118698,4.300000219776054,0,Inactive
Unspecified,IC50,50.118698,46249107.0,50.118698,4.300000219776054,0,Inactive
Unspecified,IC50,50.118698,15990226.0,50.118698,4.300000219776054,0,Inactive
Unspecified,IC50,50.118698,46249116.0,50.118698,4.300000219776054,0,Inactive
Unspecified,IC50,50.118698,22433053.0,50.118698,4.300000219776054,0,Inactive
Unspecified,IC50,50.118698,122181553.0,50.118698,4.300000219776054,0,Inactive
Unspecified,IC50,50.118698,127026593.0,50.118698,4.300000219776054,0,Inactive
Unspecified,IC50,50.118698,162670400.0,50.118698,4.300000219776054,0,Inactive
Unspecified,IC50,50.118698,145982835.0,50.118698,4.300000219776054,0,Inactive
Unspecified,IC50,50.118698,126961735.0,50.118698,4.300000219776054,0,Inactive
Unspecified,IC50,50.118698,113231872.0,50.118698,4.300000219776054,0,Inactive
Unspecified,IC50,50.118698,137648161.0,50.118698,4.300000219776054,0,Inactive
Unspecified,IC50,50.118698,121472643.0,50.118698,4.300000219776054,0,Inactive
Unspecified,IC50,50.118698,115611032.0,50.118698,4.300000219776054,0,Inactive
Unspecified,IC50,50.118698,24687782.0,50.118698,4.300000219776054,0,Inactive
Unspecified,IC50,50.118698,135535536.0,50.118698,4.300000219776054,0,Inactive
Unspecified,IC50,50.118698,16272810.0,50.118698,4.300000219776054,0,Inactive
Unspecified,IC50,50.118698,155517049.0,50.118698,4.300000219776054,0,Inactive
Unspecified,IC50,50.118698,3573716.0,50.118698,4.300000219776054,0,Inactive
Unspecified,IC50,50.118698,127044787.0,50.118698,4.300000219776054,0,Inactive
Unspecified,IC50,50.118698,127044333.0,50.118698,4.300000219776054,0,Inactive
Unspecified,IC50,50.118698,127043873.0,50.118698,4.300000219776054,0,Inactive
Unspecified,IC50,50.118698,24789797.0,50.118698,4.300000219776054,0,Inactive
Unspecified,IC50,50.118698,3577407.0,50.118698,4.300000219776054,0,Inactive
Unspecified,IC50,50.118698,3673391.0,50.118698,4.300000219776054,0,Inactive
Unspecified,IC50,50.118698,156016488.0,50.118698,4.300000219776054,0,Inactive
Unspecified,IC50,50.118698,156013327.0,50.118698,4.300000219776054,0,Inactive
Unspecified,IC50,50.118698,16316459.0,50.118698,4.300000219776054,0,Inactive
Unspecified,IC50,50.118698,12216888.0,50.118698,4.300000219776054,0,Inactive
Unspecified,IC50,50.118698,155512613.0,50.118698,4.300000219776054,0,Inactive
Unspecified,IC50,50.118698,155525483.0,50.118698,4.300000219776054,0,Inactive
Unspecified,IC50,50.118698,3370466.0,50.118698,4.300000219776054,0,Inactive
Unspecified,IC50,50.118698,16313990.0,50.118698,4.300000219776054,0,Inactive
Unspecified,IC50,50.118698,17446910.0,50.118698,4.300000219776054,0,Inactive
Unspecified,IC50,50.118698,15990296.0,50.118698,4.300000219776054,0,Inactive
Unspecified,IC50,50.118698,127044824.0,50.118698,4.300000219776054,0,Inactive
Unspecified,IC50,50.118698,127043872.0,50.118698,4.300000219776054,0,Inactive
Unspecified,IC50,50.118698,127044334.0,50.118698,4.300000219776054,0,Inactive
Unspecified,IC50,50.118698,127043292.0,50.118698,4.300000219776054,0,Inactive
Unspecified,IC50,50.118698,155530616.0,50.118698,4.300000219776054,0,Inactive
Unspecified,IC50,50.118698,155542781.0,50.118698,4.300000219776054,0,Inactive
Unspecified,IC50,50.118698,155566441.0,50.118698,4.300000219776054,0,Inactive
Unspecified,IC50,50.118698,155557122.0,50.118698,4.300000219776054,0,Inactive
Unspecified,IC50,50.118698,155555578.0,50.118698,4.300000219776054,0,Inactive
Unspecified,IC50,50.118698,155560182.0,50.118698,4.300000219776054,0,Inactive
Unspecified,IC50,50.118698,155523233.0,50.118698,4.300000219776054,0,Inactive
Unspecified,IC50,50.118698,20946734.0,50.118698,4.300000219776054,0,Inactive
Unspecified,IC50,50.118698,24789844.0,50.118698,4.300000219776054,0,Inactive
Unspecified,IC50,50.118698,131988809.0,50.118698,4.300000219776054,0,Inactive
Unspecified,IC50,50.118698,115579930.0,50.118698,4.300000219776054,0,Inactive
Unspecified,IC50,50.118698,113222223.0,50.118698,4.300000219776054,0,Inactive
Unspecified,IC50,50.118698,137661043.0,50.118698,4.300000219776054,0,Inactive
Unspecified,IC50,50.118698,137635251.0,50.118698,4.300000219776054,0,Inactive
Unspecified,IC50,50.118698,121476448.0,50.118698,4.300000219776054,0,Inactive
Unspecified,IC50,50.118698,122180534.0,50.118698,4.300000219776054,0,Inactive
Unspecified,IC50,50.118698,155538742.0,50.118698,4.300000219776054,0,Inactive
Unspecified,IC50,50.118698,155567534.0,50.118698,4.300000219776054,0,Inactive
Unspecified,IC50,50.118698,155559412.0,50.118698,4.300000219776054,0,Inactive
Unspecified,IC50,50.118698,155516232.0,50.118698,4.300000219776054,0,Inactive
Unspecified,IC50,50.118698,155569163.0,50.118698,4.300000219776054,0,Inactive
Unspecified,IC50,50.118698,115611029.0,50.118698,4.300000219776054,0,Inactive
Unspecified,IC50,50.118698,155523937.0,50.118698,4.300000219776054,0,Inactive
Unspecified,IC50,50.118698,155528325.0,50.118698,4.300000219776054,0,Inactive
Unspecified,IC50,50.118698,155556284.0,50.118698,4.300000219776054,0,Inactive
Unspecified,IC50,50.118698,146035912.0,50.118698,4.300000219776054,0,Inactive
Unspecified,IC50,50.118698,122180530.0,50.118698,4.300000219776054,0,Inactive
Unspecified,IC50,50.118698,155529991.0,50.118698,4.300000219776054,0,Inactive
Unspecified,IC50,50.118698,155515130.0,50.118698,4.300000219776054,0,Inactive
Unspecified,IC50,50.118698,155560567.0,50.118698,4.300000219776054,0,Inactive
Unspecified,IC50,50.118698,156021088.0,50.118698,4.300000219776054,0,Inactive
Unspecified,IC50,50.118698,156018192.0,50.118698,4.300000219776054,0,Inactive
Unspecified,IC50,50.118698,131953422.0,50.118698,4.300000219776054,0,Inactive
Unspecified,IC50,50.118698,132941768.0,50.118698,4.300000219776054,0,Inactive
Unspecified,IC50,50.118698,137646779.0,50.118698,4.300000219776054,0,Inactive
Unspecified,IC50,50.118698,22432992.0,50.118698,4.300000219776054,0,Inactive
Unspecified,IC50,50.118698,6458480.0,50.118698,4.300000219776054,0,Inactive
Unspecified,IC50,50.118698,127043876.0,50.118698,4.300000219776054,0,Inactive
Unspecified,IC50,50.118698,127044332.0,50.118698,4.300000219776054,0,Inactive
Unspecified,IC50,50.118698,155523694.0,50.118698,4.300000219776054,0,Inactive
Unspecified,IC50,50.118698,155530154.0,50.118698,4.300000219776054,0,Inactive
Unspecified,IC50,50.118698,155517968.0,50.118698,4.300000219776054,0,Inactive
Unspecified,IC50,50.118698,155529510.0,50.118698,4.300000219776054,0,Inactive
Unspecified,IC50,50.118698,155521851.0,50.118698,4.300000219776054,0,Inactive
Unspecified,IC50,50.118698,118721304.0,50.118698,4.300000219776054,0,Inactive
Unspecified,IC50,50.118698,155523850.0,50.118698,4.300000219776054,0,Inactive
Unspecified,IC50,50.118698,155539283.0,50.118698,4.300000219776054,0,Inactive
Unspecified,IC50,50.118698,155555950.0,50.118698,4.300000219776054,0,Inactive
Unspecified,IC50,50.118698,155568184.0,50.118698,4.300000219776054,0,Inactive
Unspecified,IC50,50.118698,127043287.0,50.118698,4.300000219776054,0,Inactive
Unspecified,IC50,50.118698,127044335.0,50.118698,4.300000219776054,0,Inactive
Unspecified,IC50,50.118698,127044041.0,50.118698,4.300000219776054,0,Inactive
Unspecified,IC50,50.118698,127043862.0,50.118698,4.300000219776054,0,Inactive
Unspecified,IC50,50.118698,127044046.0,50.118698,4.300000219776054,0,Inactive
Unspecified,IC50,50.118698,155523577.0,50.118698,4.300000219776054,0,Inactive
Unspecified,IC50,50.118698,155551851.0,50.118698,4.300000219776054,0,Inactive
Unspecified,IC50,50.118698,122180533.0,50.118698,4.300000219776054,0,Inactive
Unspecified,IC50,50.118698,122180535.0,50.118698,4.300000219776054,0,Inactive
Inactive,IC50,50.5,164514109.0,50.5,4.296708621881338,0,Inactive
Inactive,IC50,50.5,146685838.0,50.5,4.296708621881338,0,Inactive
Inactive,IC50,50.5,147944650.0,50.5,4.296708621881338,0,Inactive
Inactive,IC50,50.5,148802620.0,50.5,4.296708621881338,0,Inactive
Inactive,IC50,50.5,154593794.0,50.5,4.296708621881338,0,Inactive
Inactive,IC50,50.5,164514096.0,50.5,4.296708621881338,0,Inactive
Inactive,IC50,50.5,164514128.0,50.5,4.296708621881338,0,Inactive
Inactive,IC50,50.5,164514129.0,50.5,4.296708621881338,0,Inactive
Inactive,IC50,50.5,164514145.0,50.5,4.296708621881338,0,Inactive
Inactive,IC50,50.5,138479411.0,50.5,4.296708621881338,0,Inactive
Inactive,IC50,50.5,146704147.0,50.5,4.296708621881338,0,Inactive
Inactive,IC50,50.5,147447530.0,50.5,4.296708621881338,0,Inactive
Inactive,IC50,50.5,138479307.0,50.5,4.296708621881338,0,Inactive
Inactive,IC50,50.5,138479729.0,50.5,4.296708621881338,0,Inactive
Inactive,IC50,50.5,147174962.0,50.5,4.296708621881338,0,Inactive
Inactive,IC50,50.5,154593623.0,50.5,4.296708621881338,0,Inactive
Inactive,IC50,50.5,153070535.0,50.5,4.296708621881338,0,Inactive
Inactive,IC50,50.5,154593656.0,50.5,4.296708621881338,0,Inactive
Inactive,IC50,50.5,148169615.0,50.5,4.296708621881338,0,Inactive
Inactive,IC50,50.5,138479728.0,50.5,4.296708621881338,0,Inactive
Inactive,IC50,50.5,154593668.0,50.5,4.296708621881338,0,Inactive
Inactive,IC50,50.5,138479311.0,50.5,4.296708621881338,0,Inactive
Inactive,IC50,50.5,164514075.0,50.5,4.296708621881338,0,Inactive
Inactive,IC50,50.5,164514077.0,50.5,4.296708621881338,0,Inactive
Inactive,IC50,50.5,164514091.0,50.5,4.296708621881338,0,Inactive
Inactive,IC50,50.5,138479274.0,50.5,4.296708621881338,0,Inactive
Inactive,IC50,50.5,151894347.0,50.5,4.296708621881338,0,Inactive
Inactive,IC50,50.5,154593626.0,50.5,4.296708621881338,0,Inactive
Inactive,IC50,50.5,154593607.0,50.5,4.296708621881338,0,Inactive
Inactive,IC50,50.5,154593672.0,50.5,4.296708621881338,0,Inactive
Inactive,IC50,50.5,138479401.0,50.5,4.296708621881338,0,Inactive
Inactive,IC50,50.5,138479400.0,50.5,4.296708621881338,0,Inactive
Inactive,IC50,50.5,154593781.0,50.5,4.296708621881338,0,Inactive
Inactive,IC50,50.5,148163960.0,50.5,4.296708621881338,0,Inactive
Inactive,IC50,50.5,152950426.0,50.5,4.296708621881338,0,Inactive
Inactive,IC50,50.5,138472475.0,50.5,4.296708621881338,0,Inactive
Inactive,IC50,50.5,147131440.0,50.5,4.296708621881338,0,Inactive
Inactive,IC50,50.5,138472716.0,50.5,4.296708621881338,0,Inactive
Inactive,IC50,50.5,164514099.0,50.5,4.296708621881338,0,Inactive
Inactive,IC50,50.5,147764747.0,50.5,4.296708621881338,0,Inactive
Inactive,IC50,50.5,148530531.0,50.5,4.296708621881338,0,Inactive
Inactive,IC50,50.5,149137717.0,50.5,4.296708621881338,0,Inactive
Inactive,IC50,50.5,154593724.0,50.5,4.296708621881338,0,Inactive
Inactive,IC50,50.5,164514066.0,50.5,4.296708621881338,0,Inactive
Inactive,IC50,50.5,150191162.0,50.5,4.296708621881338,0,Inactive
Inactive,IC50,50.5,138472537.0,50.5,4.296708621881338,0,Inactive
Inactive,IC50,50.5,164514092.0,50.5,4.296708621881338,0,Inactive
Inactive,IC50,50.5,164514115.0,50.5,4.296708621881338,0,Inactive
Inactive,IC50,50.5,138479443.0,50.5,4.296708621881338,0,Inactive
Inactive,IC50,50.5,138472659.0,50.5,4.296708621881338,0,Inactive
Inactive,IC50,50.5,154593800.0,50.5,4.296708621881338,0,Inactive
Inactive,IC50,50.5,138472493.0,50.5,4.296708621881338,0,Inactive
Inactive,IC50,50.5,142546276.0,50.5,4.296708621881338,0,Inactive
Inactive,IC50,50.5,164514104.0,50.5,4.296708621881338,0,Inactive
Inactive,IC50,50.5,154593694.0,50.5,4.296708621881338,0,Inactive
Inactive,IC50,50.5,138479704.0,50.5,4.296708621881338,0,Inactive
Inactive,IC50,50.5,154593788.0,50.5,4.296708621881338,0,Inactive
Inactive,IC50,50.5,149485676.0,50.5,4.296708621881338,0,Inactive
Inactive,IC50,50.5,152909716.0,50.5,4.296708621881338,0,Inactive
Inactive,IC50,50.5,152871758.0,50.5,4.296708621881338,0,Inactive
Inactive,IC50,50.5,154593706.0,50.5,4.296708621881338,0,Inactive
Inactive,IC50,50.5,138472618.0,50.5,4.296708621881338,0,Inactive
Inactive,IC50,50.5,154593658.0,50.5,4.296708621881338,0,Inactive
Inactive,IC50,50.5,142545872.0,50.5,4.296708621881338,0,Inactive
Inactive,IC50,50.5,164514068.0,50.5,4.296708621881338,0,Inactive
Inactive,IC50,50.5,147487272.0,50.5,4.296708621881338,0,Inactive
Inactive,IC50,50.5,154593805.0,50.5,4.296708621881338,0,Inactive
Inactive,IC50,50.5,164514100.0,50.5,4.296708621881338,0,Inactive
Inactive,IC50,50.5,164514139.0,50.5,4.296708621881338,0,Inactive
Inactive,IC50,50.5,149587311.0,50.5,4.296708621881338,0,Inactive
Inactive,IC50,50.5,164514138.0,50.5,4.296708621881338,0,Inactive
Inactive,IC50,50.5,164514153.0,50.5,4.296708621881338,0,Inactive
Inactive,IC50,50.5,138479390.0,50.5,4.296708621881338,0,Inactive
Inactive,IC50,50.5,142546218.0,50.5,4.296708621881338,0,Inactive
Inactive,IC50,50.5,138479666.0,50.5,4.296708621881338,0,Inactive
Inactive,IC50,50.5,164514132.0,50.5,4.296708621881338,0,Inactive
Inactive,IC50,50.5,154593640.0,50.5,4.296708621881338,0,Inactive
Inactive,IC50,50.5,154593767.0,50.5,4.296708621881338,0,Inactive
Inactive,IC50,50.5,138479190.0,50.5,4.296708621881338,0,Inactive
Inactive,IC50,50.5,138479291.0,50.5,4.296708621881338,0,Inactive
Inactive,IC50,50.5,150047918.0,50.5,4.296708621881338,0,Inactive
Inactive,IC50,50.5,154593748.0,50.5,4.296708621881338,0,Inactive
Inactive,IC50,50.5,164514150.0,50.5,4.296708621881338,0,Inactive
Inactive,IC50,50.5,152991200.0,50.5,4.296708621881338,0,Inactive
Inactive,IC50,50.5,154593608.0,50.5,4.296708621881338,0,Inactive
Inactive,IC50,50.5,154593660.0,50.5,4.296708621881338,0,Inactive
Inactive,IC50,50.5,138479536.0,50.5,4.296708621881338,0,Inactive
Inactive,IC50,50.5,138472436.0,50.5,4.296708621881338,0,Inactive
Inactive,IC50,50.5,138479441.0,50.5,4.296708621881338,0,Inactive
Inactive,IC50,50.5,154593750.0,50.5,4.296708621881338,0,Inactive
Inactive,IC50,50.5,150919219.0,50.5,4.296708621881338,0,Inactive
Inactive,IC50,50.5,146907624.0,50.5,4.296708621881338,0,Inactive
Inactive,IC50,50.5,138479180.0,50.5,4.296708621881338,0,Inactive
Inactive,IC50,50.5,138479416.0,50.5,4.296708621881338,0,Inactive
Inactive,IC50,50.5,164514085.0,50.5,4.296708621881338,0,Inactive
Inactive,IC50,50.5,138472468.0,50.5,4.296708621881338,0,Inactive
Inactive,IC50,50.5,164514111.0,50.5,4.296708621881338,0,Inactive
Inactive,IC50,50.5,138479657.0,50.5,4.296708621881338,0,Inactive
Inactive,IC50,50.5,138479404.0,50.5,4.296708621881338,0,Inactive
Inactive,IC50,50.5,146697749.0,50.5,4.296708621881338,0,Inactive
Inactive,IC50,50.5,138479534.0,50.5,4.296708621881338,0,Inactive
Inactive,IC50,50.5,138479159.0,50.5,4.296708621881338,0,Inactive
Inactive,IC50,50.5,142546234.0,50.5,4.296708621881338,0,Inactive
Inactive,IC50,50.5,164514159.0,50.5,4.296708621881338,0,Inactive
Inactive,IC50,50.5,138479703.0,50.5,4.296708621881338,0,Inactive
Inactive,IC50,50.5,164514072.0,50.5,4.296708621881338,0,Inactive
Inactive,IC50,50.5,164514084.0,50.5,4.296708621881338,0,Inactive
Inactive,IC50,50.5,164514094.0,50.5,4.296708621881338,0,Inactive
Inactive,IC50,50.5,146971125.0,50.5,4.296708621881338,0,Inactive
Inactive,IC50,50.5,142546347.0,50.5,4.296708621881338,0,Inactive
Inactive,IC50,50.5,153125016.0,50.5,4.296708621881338,0,Inactive
Inactive,IC50,50.5,154978964.0,50.5,4.296708621881338,0,Inactive
Inactive,IC50,50.5,138479706.0,50.5,4.296708621881338,0,Inactive
Inactive,IC50,50.5,154593738.0,50.5,4.296708621881338,0,Inactive
Inactive,IC50,50.5,164514081.0,50.5,4.296708621881338,0,Inactive
Inactive,IC50,50.5,147969265.0,50.5,4.296708621881338,0,Inactive
Inactive,IC50,50.5,138479181.0,50.5,4.296708621881338,0,Inactive
Inactive,IC50,50.5,138479164.0,50.5,4.296708621881338,0,Inactive
Inactive,IC50,50.5,150036630.0,50.5,4.296708621881338,0,Inactive
Inactive,IC50,50.5,164514151.0,50.5,4.296708621881338,0,Inactive
Inactive,IC50,50.5,138479377.0,50.5,4.296708621881338,0,Inactive
Inactive,IC50,50.5,153264020.0,50.5,4.296708621881338,0,Inactive
Inactive,IC50,50.5,138479169.0,50.5,4.296708621881338,0,Inactive
Inactive,IC50,50.5,164514133.0,50.5,4.296708621881338,0,Inactive
Inactive,IC50,50.5,138479498.0,50.5,4.296708621881338,0,Inactive
Inactive,IC50,50.5,138479196.0,50.5,4.296708621881338,0,Inactive
Inactive,IC50,50.5,138479191.0,50.5,4.296708621881338,0,Inactive
Inactive,IC50,50.5,154593787.0,50.5,4.296708621881338,0,Inactive
Inactive,IC50,50.5,164514078.0,50.5,4.296708621881338,0,Inactive
Inactive,IC50,50.5,164514079.0,50.5,4.296708621881338,0,Inactive
Inactive,IC50,50.5,164514089.0,50.5,4.296708621881338,0,Inactive
Inactive,IC50,50.5,164514093.0,50.5,4.296708621881338,0,Inactive
Inactive,IC50,50.5,138479432.0,50.5,4.296708621881338,0,Inactive
Inactive,IC50,50.5,138479205.0,50.5,4.296708621881338,0,Inactive
Inactive,IC50,50.5,138479408.0,50.5,4.296708621881338,0,Inactive
Inactive,IC50,50.5,146695069.0,50.5,4.296708621881338,0,Inactive
Inactive,IC50,50.5,138479668.0,50.5,4.296708621881338,0,Inactive
Inactive,IC50,50.5,138479168.0,50.5,4.296708621881338,0,Inactive
Inactive,IC50,50.5,138479415.0,50.5,4.296708621881338,0,Inactive
Inactive,IC50,50.5,149983973.0,50.5,4.296708621881338,0,Inactive
Inactive,IC50,50.5,138479321.0,50.5,4.296708621881338,0,Inactive
Inactive,IC50,50.5,138479444.0,50.5,4.296708621881338,0,Inactive
Inactive,IC50,50.5,146961006.0,50.5,4.296708621881338,0,Inactive
Inactive,IC50,50.5,164514070.0,50.5,4.296708621881338,0,Inactive
Inactive,IC50,50.5,164514106.0,50.5,4.296708621881338,0,Inactive
Inactive,IC50,50.5,164514112.0,50.5,4.296708621881338,0,Inactive
Inactive,IC50,50.5,147111650.0,50.5,4.296708621881338,0,Inactive
Inactive,IC50,50.5,154593761.0,50.5,4.296708621881338,0,Inactive
Inactive,IC50,50.5,164514087.0,50.5,4.296708621881338,0,Inactive
Inactive,IC50,50.5,164514117.0,50.5,4.296708621881338,0,Inactive
Inactive,IC50,50.5,164514124.0,50.5,4.296708621881338,0,Inactive
Inactive,IC50,50.5,164514131.0,50.5,4.296708621881338,0,Inactive
Inactive,IC50,50.5,154593716.0,50.5,4.296708621881338,0,Inactive
Inactive,IC50,50.5,147530481.0,50.5,4.296708621881338,0,Inactive
Inactive,IC50,50.5,154593730.0,50.5,4.296708621881338,0,Inactive
Inactive,IC50,50.5,138479293.0,50.5,4.296708621881338,0,Inactive
Inactive,IC50,50.5,138479394.0,50.5,4.296708621881338,0,Inactive
Inactive,IC50,50.5,146704342.0,50.5,4.296708621881338,0,Inactive
Inactive,IC50,50.5,147949280.0,50.5,4.296708621881338,0,Inactive
Inactive,IC50,50.5,138479410.0,50.5,4.296708621881338,0,Inactive
Inactive,IC50,50.5,148089417.0,50.5,4.296708621881338,0,Inactive
Inactive,IC50,50.5,138479121.0,50.5,4.296708621881338,0,Inactive
Inactive,IC50,50.5,164514102.0,50.5,4.296708621881338,0,Inactive
Inactive,IC50,50.5,164514103.0,50.5,4.296708621881338,0,Inactive
Inactive,IC50,50.5,151974401.0,50.5,4.296708621881338,0,Inactive
Inactive,IC50,50.5,138479656.0,50.5,4.296708621881338,0,Inactive
Inactive,IC50,50.5,138479724.0,50.5,4.296708621881338,0,Inactive
Inactive,IC50,50.5,152034862.0,50.5,4.296708621881338,0,Inactive
Inactive,IC50,50.5,138479384.0,50.5,4.296708621881338,0,Inactive
Inactive,IC50,50.5,138479380.0,50.5,4.296708621881338,0,Inactive
Inactive,IC50,50.5,138479681.0,50.5,4.296708621881338,0,Inactive
Inactive,IC50,50.5,138479288.0,50.5,4.296708621881338,0,Inactive
Inactive,IC50,50.5,138479422.0,50.5,4.296708621881338,0,Inactive
Inactive,IC50,50.5,148842259.0,50.5,4.296708621881338,0,Inactive
Inactive,IC50,50.5,138479417.0,50.5,4.296708621881338,0,Inactive
Inactive,IC50,50.5,138479179.0,50.5,4.296708621881338,0,Inactive
Inactive,IC50,50.5,138479303.0,50.5,4.296708621881338,0,Inactive
Inactive,IC50,50.5,154593618.0,50.5,4.296708621881338,0,Inactive
Inactive,IC50,50.5,148424297.0,50.5,4.296708621881338,0,Inactive
Inactive,IC50,50.5,154593739.0,50.5,4.296708621881338,0,Inactive
Inactive,IC50,50.5,138472628.0,50.5,4.296708621881338,0,Inactive
Inactive,IC50,50.5,138479188.0,50.5,4.296708621881338,0,Inactive
Inactive,IC50,50.5,151289875.0,50.5,4.296708621881338,0,Inactive
Inactive,IC50,50.5,154593791.0,50.5,4.296708621881338,0,Inactive
Inactive,IC50,50.5,138479397.0,50.5,4.296708621881338,0,Inactive
Inactive,IC50,50.5,164514146.0,50.5,4.296708621881338,0,Inactive
Inactive,IC50,50.5,164514162.0,50.5,4.296708621881338,0,Inactive
Inactive,IC50,50.5,146913625.0,50.5,4.296708621881338,0,Inactive
Inactive,IC50,50.5,148574435.0,50.5,4.296708621881338,0,Inactive
Inactive,IC50,50.5,151252580.0,50.5,4.296708621881338,0,Inactive
Inactive,IC50,50.5,152922941.0,50.5,4.296708621881338,0,Inactive
Inactive,IC50,50.5,164514071.0,50.5,4.296708621881338,0,Inactive
Inactive,IC50,50.5,164514073.0,50.5,4.296708621881338,0,Inactive
Inactive,IC50,50.5,164514095.0,50.5,4.296708621881338,0,Inactive
Inactive,IC50,50.5,164514113.0,50.5,4.296708621881338,0,Inactive
Inactive,IC50,50.5,138479166.0,50.5,4.296708621881338,0,Inactive
Inactive,IC50,50.5,147587306.0,50.5,4.296708621881338,0,Inactive
Inactive,IC50,50.5,149645458.0,50.5,4.296708621881338,0,Inactive
Inactive,IC50,50.5,164514105.0,50.5,4.296708621881338,0,Inactive
Inactive,IC50,50.5,138479671.0,50.5,4.296708621881338,0,Inactive
Inactive,IC50,50.5,154593752.0,50.5,4.296708621881338,0,Inactive
Inactive,IC50,50.5,138479566.0,50.5,4.296708621881338,0,Inactive
Inactive,IC50,50.5,138472668.0,50.5,4.296708621881338,0,Inactive
Inactive,IC50,50.5,154593633.0,50.5,4.296708621881338,0,Inactive
Inactive,IC50,50.5,154593768.0,50.5,4.296708621881338,0,Inactive
Inactive,IC50,50.5,149458785.0,50.5,4.296708621881338,0,Inactive
Inactive,IC50,50.5,138479368.0,50.5,4.296708621881338,0,Inactive
Inactive,IC50,50.5,138479402.0,50.5,4.296708621881338,0,Inactive
Inactive,IC50,50.5,142545683.0,50.5,4.296708621881338,0,Inactive
Inactive,IC50,50.5,138479406.0,50.5,4.296708621881338,0,Inactive
Inactive,IC50,50.5,153256651.0,50.5,4.296708621881338,0,Inactive
Inactive,IC50,50.5,164514090.0,50.5,4.296708621881338,0,Inactive
Inactive,IC50,50.5,164514098.0,50.5,4.296708621881338,0,Inactive
Inactive,IC50,50.5,164514114.0,50.5,4.296708621881338,0,Inactive
Inactive,IC50,50.5,138479421.0,50.5,4.296708621881338,0,Inactive
Inactive,IC50,50.5,150980494.0,50.5,4.296708621881338,0,Inactive
Inactive,IC50,50.5,154593614.0,50.5,4.296708621881338,0,Inactive
Inactive,IC50,50.5,151198708.0,50.5,4.296708621881338,0,Inactive
Inactive,IC50,50.5,154593647.0,50.5,4.296708621881338,0,Inactive
Inactive,IC50,50.5,149242373.0,50.5,4.296708621881338,0,Inactive
Inactive,IC50,50.5,164514080.0,50.5,4.296708621881338,0,Inactive
Inactive,IC50,50.5,138479429.0,50.5,4.296708621881338,0,Inactive
Inactive,IC50,50.5,138479182.0,50.5,4.296708621881338,0,Inactive
Inactive,IC50,50.5,138479165.0,50.5,4.296708621881338,0,Inactive
Inactive,IC50,50.5,154593652.0,50.5,4.296708621881338,0,Inactive
Inactive,IC50,50.5,138479379.0,50.5,4.296708621881338,0,Inactive
Inactive,IC50,50.5,149168897.0,50.5,4.296708621881338,0,Inactive
Inactive,IC50,50.5,142546066.0,50.5,4.296708621881338,0,Inactive
Inactive,IC50,50.5,164514067.0,50.5,4.296708621881338,0,Inactive
Inactive,IC50,50.5,146912179.0,50.5,4.296708621881338,0,Inactive
Inactive,IC50,50.5,147629246.0,50.5,4.296708621881338,0,Inactive
Inactive,IC50,50.5,152945136.0,50.5,4.296708621881338,0,Inactive
Inactive,IC50,50.5,154593684.0,50.5,4.296708621881338,0,Inactive
Inactive,IC50,50.5,164514088.0,50.5,4.296708621881338,0,Inactive
Inactive,IC50,50.5,154593714.0,50.5,4.296708621881338,0,Inactive
Inactive,IC50,50.5,164514069.0,50.5,4.296708621881338,0,Inactive
Inactive,IC50,50.5,164514083.0,50.5,4.296708621881338,0,Inactive
Inactive,IC50,50.5,138472315.0,50.5,4.296708621881338,0,Inactive
Inactive,IC50,50.5,154593653.0,50.5,4.296708621881338,0,Inactive
Inactive,IC50,50.5,154593725.0,50.5,4.296708621881338,0,Inactive
Inactive,IC50,50.5,142546247.0,50.5,4.296708621881338,0,Inactive
Inactive,IC50,50.5,138479690.0,50.5,4.296708621881338,0,Inactive
Inactive,IC50,50.5,138479537.0,50.5,4.296708621881338,0,Inactive
Inactive,IC50,50.5,138479685.0,50.5,4.296708621881338,0,Inactive
Inactive,IC50,50.5,138479277.0,50.5,4.296708621881338,0,Inactive
Inactive,IC50,50.5,138479567.0,50.5,4.296708621881338,0,Inactive
Inactive,IC50,50.5,154593695.0,50.5,4.296708621881338,0,Inactive
Inactive,IC50,50.5,149799884.0,50.5,4.296708621881338,0,Inactive
Inactive,IC50,50.5,154593675.0,50.5,4.296708621881338,0,Inactive
Inactive,IC50,50.5,138479269.0,50.5,4.296708621881338,0,Inactive
Inactive,IC50,50.5,164514097.0,50.5,4.296708621881338,0,Inactive
Inactive,IC50,50.5,138472502.0,50.5,4.296708621881338,0,Inactive
Inactive,IC50,50.5,154593699.0,50.5,4.296708621881338,0,Inactive
Inactive,IC50,50.5,154593667.0,50.5,4.296708621881338,0,Inactive
Inactive,IC50,50.5,146977113.0,50.5,4.296708621881338,0,Inactive
Inactive,IC50,50.5,147572521.0,50.5,4.296708621881338,0,Inactive
Inactive,IC50,50.5,138479578.0,50.5,4.296708621881338,0,Inactive
Inactive,IC50,50.5,154593671.0,50.5,4.296708621881338,0,Inactive
Inactive,IC50,50.5,151986962.0,50.5,4.296708621881338,0,Inactive
Inactive,IC50,50.5,164514119.0,50.5,4.296708621881338,0,Inactive
Inactive,IC50,50.5,164514137.0,50.5,4.296708621881338,0,Inactive
Inactive,IC50,50.5,164514152.0,50.5,4.296708621881338,0,Inactive
Inactive,IC50,50.5,138479547.0,50.5,4.296708621881338,0,Inactive
Inactive,IC50,50.5,164514121.0,50.5,4.296708621881338,0,Inactive
Inactive,IC50,50.5,164514136.0,50.5,4.296708621881338,0,Inactive
Inactive,IC50,50.5,149328467.0,50.5,4.296708621881338,0,Inactive
Inactive,IC50,50.5,138479683.0,50.5,4.296708621881338,0,Inactive
Inactive,IC50,50.5,138479434.0,50.5,4.296708621881338,0,Inactive
Inactive,IC50,50.5,138479409.0,50.5,4.296708621881338,0,Inactive
Inactive,IC50,50.5,138479227.0,50.5,4.296708621881338,0,Inactive
Inactive,IC50,50.5,152919017.0,50.5,4.296708621881338,0,Inactive
Inactive,IC50,50.5,154593635.0,50.5,4.296708621881338,0,Inactive
Inactive,IC50,50.5,154593602.0,50.5,4.296708621881338,0,Inactive
Inactive,IC50,50.5,164514118.0,50.5,4.296708621881338,0,Inactive
Inactive,IC50,50.5,164514120.0,50.5,4.296708621881338,0,Inactive
Inactive,IC50,50.5,154593718.0,50.5,4.296708621881338,0,Inactive
Inactive,IC50,50.5,138479672.0,50.5,4.296708621881338,0,Inactive
Inactive,IC50,50.5,138479186.0,50.5,4.296708621881338,0,Inactive
Inactive,IC50,50.5,138479275.0,50.5,4.296708621881338,0,Inactive
Inactive,IC50,50.5,138479568.0,50.5,4.296708621881338,0,Inactive
Inactive,IC50,50.5,138479705.0,50.5,4.296708621881338,0,Inactive
Inactive,IC50,50.5,138479204.0,50.5,4.296708621881338,0,Inactive
Inactive,IC50,50.5,138479407.0,50.5,4.296708621881338,0,Inactive
Inactive,IC50,50.5,154593650.0,50.5,4.296708621881338,0,Inactive
Inactive,IC50,50.5,138479156.0,50.5,4.296708621881338,0,Inactive
Inactive,IC50,50.5,138479189.0,50.5,4.296708621881338,0,Inactive
Inactive,IC50,50.5,138479192.0,50.5,4.296708621881338,0,Inactive
Inactive,IC50,50.5,138479427.0,50.5,4.296708621881338,0,Inactive
Inactive,IC50,50.5,138479570.0,50.5,4.296708621881338,0,Inactive
Inactive,IC50,50.5,138479206.0,50.5,4.296708621881338,0,Inactive
Inactive,IC50,50.5,138479366.0,50.5,4.296708621881338,0,Inactive
Inactive,IC50,50.5,138472612.0,50.5,4.296708621881338,0,Inactive
Inactive,IC50,50.5,154593799.0,50.5,4.296708621881338,0,Inactive
Inactive,IC50,50.5,138479296.0,50.5,4.296708621881338,0,Inactive
Inactive,IC50,50.5,138479399.0,50.5,4.296708621881338,0,Inactive
Inactive,IC50,50.5,138479564.0,50.5,4.296708621881338,0,Inactive
Inactive,IC50,50.5,149036475.0,50.5,4.296708621881338,0,Inactive
Inactive,IC50,50.5,149600161.0,50.5,4.296708621881338,0,Inactive
Inactive,IC50,50.5,138479213.0,50.5,4.296708621881338,0,Inactive
Inactive,IC50,50.5,164514065.0,50.5,4.296708621881338,0,Inactive
Inactive,IC50,50.5,148181020.0,50.5,4.296708621881338,0,Inactive
Inactive,IC50,50.5,138479426.0,50.5,4.296708621881338,0,Inactive
Inactive,IC50,50.5,138479669.0,50.5,4.296708621881338,0,Inactive
Inactive,IC50,50.5,138479283.0,50.5,4.296708621881338,0,Inactive
Inactive,IC50,50.5,148555749.0,50.5,4.296708621881338,0,Inactive
Inactive,IC50,50.5,146737485.0,50.5,4.296708621881338,0,Inactive
Inactive,IC50,50.5,154593645.0,50.5,4.296708621881338,0,Inactive
Inactive,IC50,50.5,154593780.0,50.5,4.296708621881338,0,Inactive
Inactive,IC50,50.5,148619107.0,50.5,4.296708621881338,0,Inactive
Inactive,IC50,50.5,138472542.0,50.5,4.296708621881338,0,Inactive
Inactive,IC50,50.5,138472621.0,50.5,4.296708621881338,0,Inactive
Inactive,IC50,50.5,138472532.0,50.5,4.296708621881338,0,Inactive
Inactive,IC50,50.5,154593693.0,50.5,4.296708621881338,0,Inactive
Inactive,IC50,50.5,154593689.0,50.5,4.296708621881338,0,Inactive
Inactive,IC50,50.5,150432785.0,50.5,4.296708621881338,0,Inactive
Inactive,IC50,50.5,152077328.0,50.5,4.296708621881338,0,Inactive
Inactive,IC50,50.5,138479244.0,50.5,4.296708621881338,0,Inactive
Inactive,IC50,50.5,138479232.0,50.5,4.296708621881338,0,Inactive
Inactive,IC50,50.5,138479332.0,50.5,4.296708621881338,0,Inactive
Inactive,IC50,50.5,154593625.0,50.5,4.296708621881338,0,Inactive
Inactive,IC50,50.5,142546215.0,50.5,4.296708621881338,0,Inactive
Inactive,IC50,50.5,138479396.0,50.5,4.296708621881338,0,Inactive
Inactive,IC50,50.5,142546183.0,50.5,4.296708621881338,0,Inactive
Inactive,IC50,50.5,148545234.0,50.5,4.296708621881338,0,Inactive
Inactive,IC50,50.5,147083563.0,50.5,4.296708621881338,0,Inactive
Inactive,IC50,50.5,154593702.0,50.5,4.296708621881338,0,Inactive
Inactive,IC50,50.5,138479707.0,50.5,4.296708621881338,0,Inactive
Inactive,IC50,50.5,138479563.0,50.5,4.296708621881338,0,Inactive
Inactive,IC50,50.5,154593764.0,50.5,4.296708621881338,0,Inactive
Inactive,IC50,50.5,154593628.0,50.5,4.296708621881338,0,Inactive
Inactive,IC50,50.5,154593624.0,50.5,4.296708621881338,0,Inactive
Inactive,IC50,50.5,138479281.0,50.5,4.296708621881338,0,Inactive
Inactive,IC50,50.5,138479424.0,50.5,4.296708621881338,0,Inactive
Inactive,IC50,50.5,154593610.0,50.5,4.296708621881338,0,Inactive
Inactive,IC50,50.5,154593637.0,50.5,4.296708621881338,0,Inactive
Inactive,IC50,50.5,147742101.0,50.5,4.296708621881338,0,Inactive
Inactive,IC50,50.5,138479223.0,50.5,4.296708621881338,0,Inactive
Inactive,IC50,50.5,151559990.0,50.5,4.296708621881338,0,Inactive
Inactive,IC50,50.5,138479178.0,50.5,4.296708621881338,0,Inactive
Inactive,IC50,50.5,138479167.0,50.5,4.296708621881338,0,Inactive
Inactive,IC50,50.5,138479437.0,50.5,4.296708621881338,0,Inactive
Inactive,IC50,50.5,138479689.0,50.5,4.296708621881338,0,Inactive
Inactive,IC50,50.5,142545997.0,50.5,4.296708621881338,0,Inactive
Inactive,IC50,50.5,147519104.0,50.5,4.296708621881338,0,Inactive
Inactive,IC50,50.5,154593778.0,50.5,4.296708621881338,0,Inactive
Inactive,IC50,50.5,164514076.0,50.5,4.296708621881338,0,Inactive
Inactive,IC50,50.5,147802875.0,50.5,4.296708621881338,0,Inactive
Inactive,IC50,50.5,147588680.0,50.5,4.296708621881338,0,Inactive
Inactive,IC50,50.5,153071624.0,50.5,4.296708621881338,0,Inactive
Inactive,IC50,50.5,154593719.0,50.5,4.296708621881338,0,Inactive
Inactive,IC50,50.5,164514082.0,50.5,4.296708621881338,0,Inactive
Inactive,IC50,50.5,138479183.0,50.5,4.296708621881338,0,Inactive
Inactive,IC50,50.5,154593711.0,50.5,4.296708621881338,0,Inactive
Inactive,IC50,50.5,138479452.0,50.5,4.296708621881338,0,Inactive
Inactive,IC50,50.5,138479450.0,50.5,4.296708621881338,0,Inactive
Inactive,IC50,50.5,148800185.0,50.5,4.296708621881338,0,Inactive
Inactive,IC50,50.5,138479676.0,50.5,4.296708621881338,0,Inactive
Inactive,IC50,50.5,138479433.0,50.5,4.296708621881338,0,Inactive
Inactive,IC50,50.5,138479295.0,50.5,4.296708621881338,0,Inactive
Inactive,IC50,50.5,138479457.0,50.5,4.296708621881338,0,Inactive
Inactive,IC50,50.5,154593765.0,50.5,4.296708621881338,0,Inactive
Inactive,IC50,50.5,138479209.0,50.5,4.296708621881338,0,Inactive
Inactive,IC50,50.5,164514142.0,50.5,4.296708621881338,0,Inactive
Inactive,IC50,50.5,138479211.0,50.5,4.296708621881338,0,Inactive
Inactive,IC50,50.5,149703093.0,50.5,4.296708621881338,0,Inactive
Inactive,IC50,50.5,138479591.0,50.5,4.296708621881338,0,Inactive
Inactive,IC50,50.5,138479148.0,50.5,4.296708621881338,0,Inactive
Inactive,IC50,50.5,147714768.0,50.5,4.296708621881338,0,Inactive
Inactive,IC50,50.5,164514140.0,50.5,4.296708621881338,0,Inactive
Inactive,IC50,50.5,149004070.0,50.5,4.296708621881338,0,Inactive
Inactive,IC50,50.5,138479177.0,50.5,4.296708621881338,0,Inactive
Inactive,IC50,50.5,142546106.0,50.5,4.296708621881338,0,Inactive
Inactive,IC50,50.5,142545807.0,50.5,4.296708621881338,0,Inactive
Inactive,IC50,50.5,154593726.0,50.5,4.296708621881338,0,Inactive
Inactive,IC50,50.5,164514127.0,50.5,4.296708621881338,0,Inactive
Inactive,IC50,50.5,164514143.0,50.5,4.296708621881338,0,Inactive
Inactive,IC50,50.5,164514144.0,50.5,4.296708621881338,0,Inactive
Inactive,IC50,50.5,138479118.0,50.5,4.296708621881338,0,Inactive
Inactive,IC50,50.5,164514163.0,50.5,4.296708621881338,0,Inactive
Inactive,IC50,50.5,147734000.0,50.5,4.296708621881338,0,Inactive
Inactive,IC50,50.5,138479701.0,50.5,4.296708621881338,0,Inactive
Inactive,IC50,50.5,164514158.0,50.5,4.296708621881338,0,Inactive
Inactive,IC50,50.5,164514154.0,50.5,4.296708621881338,0,Inactive
Inactive,IC50,50.5,164514155.0,50.5,4.296708621881338,0,Inactive
Inactive,IC50,50.5,154593745.0,50.5,4.296708621881338,0,Inactive
Inactive,IC50,50.5,138472499.0,50.5,4.296708621881338,0,Inactive
Inactive,IC50,50.5,148334830.0,50.5,4.296708621881338,0,Inactive
Inactive,IC50,50.5,154593723.0,50.5,4.296708621881338,0,Inactive
Inactive,IC50,50.5,147986932.0,50.5,4.296708621881338,0,Inactive
Inactive,IC50,50.5,148338650.0,50.5,4.296708621881338,0,Inactive
Inactive,IC50,50.5,138479320.0,50.5,4.296708621881338,0,Inactive
Inactive,IC50,50.5,147815283.0,50.5,4.296708621881338,0,Inactive
Inactive,IC50,50.5,154593634.0,50.5,4.296708621881338,0,Inactive
Inactive,IC50,50.5,154593789.0,50.5,4.296708621881338,0,Inactive
Inactive,IC50,50.5,138479440.0,50.5,4.296708621881338,0,Inactive
Inactive,IC50,50.5,138479702.0,50.5,4.296708621881338,0,Inactive
Inactive,IC50,50.5,154593663.0,50.5,4.296708621881338,0,Inactive
Inactive,IC50,50.5,138479575.0,50.5,4.296708621881338,0,Inactive
Inactive,IC50,50.5,138479015.0,50.5,4.296708621881338,0,Inactive
Inactive,IC50,50.5,147412431.0,50.5,4.296708621881338,0,Inactive
Inactive,IC50,50.5,154593677.0,50.5,4.296708621881338,0,Inactive
Inactive,IC50,50.5,154593721.0,50.5,4.296708621881338,0,Inactive
Inactive,IC50,50.5,138479593.0,50.5,4.296708621881338,0,Inactive
Inactive,IC50,50.5,154593775.0,50.5,4.296708621881338,0,Inactive
Inactive,IC50,50.5,138479453.0,50.5,4.296708621881338,0,Inactive
Inactive,IC50,50.5,164514126.0,50.5,4.296708621881338,0,Inactive
Inactive,IC50,50.5,149017712.0,50.5,4.296708621881338,0,Inactive
Inactive,IC50,50.5,138479259.0,50.5,4.296708621881338,0,Inactive
Inactive,IC50,50.5,138479187.0,50.5,4.296708621881338,0,Inactive
Inactive,IC50,50.5,154593743.0,50.5,4.296708621881338,0,Inactive
Inactive,IC50,50.5,148141805.0,50.5,4.296708621881338,0,Inactive
Inactive,IC50,50.5,149261599.0,50.5,4.296708621881338,0,Inactive
Inactive,IC50,50.5,153004633.0,50.5,4.296708621881338,0,Inactive
Inactive,IC50,50.5,150309904.0,50.5,4.296708621881338,0,Inactive
Inactive,IC50,50.5,138479298.0,50.5,4.296708621881338,0,Inactive
Inactive,IC50,50.5,154593673.0,50.5,4.296708621881338,0,Inactive
Inactive,IC50,50.5,138479383.0,50.5,4.296708621881338,0,Inactive
Inactive,IC50,50.5,154593629.0,50.5,4.296708621881338,0,Inactive
Inactive,IC50,50.5,138479153.0,50.5,4.296708621881338,0,Inactive
Inactive,IC50,50.5,154593755.0,50.5,4.296708621881338,0,Inactive
Inactive,IC50,50.5,138479663.0,50.5,4.296708621881338,0,Inactive
Inactive,IC50,50.5,152656027.0,50.5,4.296708621881338,0,Inactive
Inactive,IC50,50.5,152646322.0,50.5,4.296708621881338,0,Inactive
Inactive,IC50,50.5,147721992.0,50.5,4.296708621881338,0,Inactive
Inactive,IC50,50.5,154593670.0,50.5,4.296708621881338,0,Inactive
Inactive,IC50,50.5,147114750.0,50.5,4.296708621881338,0,Inactive
Inactive,IC50,50.5,138479393.0,50.5,4.296708621881338,0,Inactive
Inactive,IC50,50.5,138479287.0,50.5,4.296708621881338,0,Inactive
Inactive,IC50,50.5,164514101.0,50.5,4.296708621881338,0,Inactive
Inactive,IC50,50.5,164514108.0,50.5,4.296708621881338,0,Inactive
Inactive,IC50,50.5,154593712.0,50.5,4.296708621881338,0,Inactive
Inactive,IC50,50.5,138479208.0,50.5,4.296708621881338,0,Inactive
Inactive,IC50,50.5,152699098.0,50.5,4.296708621881338,0,Inactive
Inactive,IC50,50.5,147670956.0,50.5,4.296708621881338,0,Inactive
Inactive,IC50,50.5,150750093.0,50.5,4.296708621881338,0,Inactive
Inactive,IC50,50.5,154593766.0,50.5,4.296708621881338,0,Inactive
Inactive,IC50,50.5,150034559.0,50.5,4.296708621881338,0,Inactive
Inactive,IC50,50.5,154593700.0,50.5,4.296708621881338,0,Inactive
Inactive,IC50,50.5,153246808.0,50.5,4.296708621881338,0,Inactive
Inactive,IC50,50.5,148042154.0,50.5,4.296708621881338,0,Inactive
Inactive,IC50,50.5,154593705.0,50.5,4.296708621881338,0,Inactive
Inactive,IC50,50.5,154593744.0,50.5,4.296708621881338,0,Inactive
Inactive,IC50,50.5,138479319.0,50.5,4.296708621881338,0,Inactive
Inactive,IC50,50.5,138479176.0,50.5,4.296708621881338,0,Inactive
Inactive,IC50,50.5,148710447.0,50.5,4.296708621881338,0,Inactive
Inactive,IC50,50.5,138479210.0,50.5,4.296708621881338,0,Inactive
Inactive,IC50,50.5,154593710.0,50.5,4.296708621881338,0,Inactive
Inactive,IC50,50.5,148841096.0,50.5,4.296708621881338,0,Inactive
Inactive,IC50,50.5,138479229.0,50.5,4.296708621881338,0,Inactive
Inactive,IC50,50.5,154593737.0,50.5,4.296708621881338,0,Inactive
Inactive,IC50,50.5,164514157.0,50.5,4.296708621881338,0,Inactive
Inactive,IC50,50.5,138479592.0,50.5,4.296708621881338,0,Inactive
Inactive,IC50,50.5,164514156.0,50.5,4.296708621881338,0,Inactive
Inactive,IC50,50.5,154593735.0,50.5,4.296708621881338,0,Inactive
Inactive,IC50,50.5,154593696.0,50.5,4.296708621881338,0,Inactive
Inactive,IC50,50.5,153067196.0,50.5,4.296708621881338,0,Inactive
Inactive,IC50,50.5,148948202.0,50.5,4.296708621881338,0,Inactive
Inactive,IC50,50.5,138479425.0,50.5,4.296708621881338,0,Inactive
Inactive,IC50,50.5,154593686.0,50.5,4.296708621881338,0,Inactive
Inactive,IC50,50.5,138478849.0,50.5,4.296708621881338,0,Inactive
Inactive,IC50,50.5,149235900.0,50.5,4.296708621881338,0,Inactive
Inactive,IC50,50.5,154593606.0,50.5,4.296708621881338,0,Inactive
Inactive,IC50,50.5,138479382.0,50.5,4.296708621881338,0,Inactive
Inactive,IC50,50.5,164514130.0,50.5,4.296708621881338,0,Inactive
Inactive,IC50,50.5,138479556.0,50.5,4.296708621881338,0,Inactive
Inactive,IC50,50.5,153050365.0,50.5,4.296708621881338,0,Inactive
Inactive,IC50,50.5,138479234.0,50.5,4.296708621881338,0,Inactive
Inactive,IC50,50.5,164514147.0,50.5,4.296708621881338,0,Inactive
Inactive,IC50,50.5,164514160.0,50.5,4.296708621881338,0,Inactive
Inactive,IC50,50.5,147048850.0,50.5,4.296708621881338,0,Inactive
Inactive,IC50,50.5,149008089.0,50.5,4.296708621881338,0,Inactive
Inactive,IC50,50.5,138479147.0,50.5,4.296708621881338,0,Inactive
Inactive,IC50,50.5,164514122.0,50.5,4.296708621881338,0,Inactive
Inactive,IC50,50.5,164514149.0,50.5,4.296708621881338,0,Inactive
Inactive,IC50,50.5,154593649.0,50.5,4.296708621881338,0,Inactive
Inactive,IC50,50.5,138479677.0,50.5,4.296708621881338,0,Inactive
Inactive,IC50,50.5,138479254.0,50.5,4.296708621881338,0,Inactive
Inactive,IC50,50.5,154593692.0,50.5,4.296708621881338,0,Inactive
Inactive,IC50,50.5,154593782.0,50.5,4.296708621881338,0,Inactive
Inactive,IC50,50.5,138472565.0,50.5,4.296708621881338,0,Inactive
Inactive,IC50,50.5,138472460.0,50.5,4.296708621881338,0,Inactive
Inactive,IC50,50.5,149037404.0,50.5,4.296708621881338,0,Inactive
Inactive,IC50,50.5,154593665.0,50.5,4.296708621881338,0,Inactive
Inactive,IC50,50.5,164514125.0,50.5,4.296708621881338,0,Inactive
Inactive,IC50,50.5,138472666.0,50.5,4.296708621881338,0,Inactive
Inactive,IC50,50.5,138479551.0,50.5,4.296708621881338,0,Inactive
Inactive,IC50,50.5,138479289.0,50.5,4.296708621881338,0,Inactive
Inactive,IC50,50.5,138479438.0,50.5,4.296708621881338,0,Inactive
Inactive,IC50,50.5,154593801.0,50.5,4.296708621881338,0,Inactive
Inactive,IC50,50.5,154593674.0,50.5,4.296708621881338,0,Inactive
Inactive,IC50,50.5,164514141.0,50.5,4.296708621881338,0,Inactive
Inactive,IC50,50.5,164514148.0,50.5,4.296708621881338,0,Inactive
Inactive,IC50,50.5,147872945.0,50.5,4.296708621881338,0,Inactive
Inactive,IC50,50.5,164514164.0,50.5,4.296708621881338,0,Inactive
Inactive,IC50,50.5,138479446.0,50.5,4.296708621881338,0,Inactive
Inactive,IC50,50.5,154593763.0,50.5,4.296708621881338,0,Inactive
Inactive,IC50,50.5,138479725.0,50.5,4.296708621881338,0,Inactive
Inactive,IC50,50.5,154593690.0,50.5,4.296708621881338,0,Inactive
Inactive,IC50,50.5,154593777.0,50.5,4.296708621881338,0,Inactive
Inactive,IC50,50.5,138479271.0,50.5,4.296708621881338,0,Inactive
Inactive,IC50,50.5,138479405.0,50.5,4.296708621881338,0,Inactive
Inactive,IC50,50.5,152692127.0,50.5,4.296708621881338,0,Inactive
Inactive,IC50,50.5,154593746.0,50.5,4.296708621881338,0,Inactive
Inactive,IC50,50.5,138479533.0,50.5,4.296708621881338,0,Inactive
Inactive,IC50,50.5,138472471.0,50.5,4.296708621881338,0,Inactive
Inactive,IC50,50.5,142545989.0,50.5,4.296708621881338,0,Inactive
Inactive,IC50,50.5,152448882.0,50.5,4.296708621881338,0,Inactive
Inactive,IC50,50.5,138479309.0,50.5,4.296708621881338,0,Inactive
Inactive,IC50,50.5,138479290.0,50.5,4.296708621881338,0,Inactive
Inactive,IC50,50.5,138479430.0,50.5,4.296708621881338,0,Inactive
Inactive,IC50,50.5,138472482.0,50.5,4.296708621881338,0,Inactive
Inactive,IC50,50.5,138472671.0,50.5,4.296708621881338,0,Inactive
Inactive,IC50,50.5,164514116.0,50.5,4.296708621881338,0,Inactive
Inactive,IC50,50.5,164514123.0,50.5,4.296708621881338,0,Inactive
Inactive,IC50,50.5,138479569.0,50.5,4.296708621881338,0,Inactive
Inactive,IC50,50.5,154593762.0,50.5,4.296708621881338,0,Inactive
Inactive,IC50,50.5,147335205.0,50.5,4.296708621881338,0,Inactive
Inactive,IC50,50.5,138479590.0,50.5,4.296708621881338,0,Inactive
Inactive,IC50,50.5,152931926.0,50.5,4.296708621881338,0,Inactive
Inactive,IC50,50.5,138479442.0,50.5,4.296708621881338,0,Inactive
Inactive,IC50,50.5,154593774.0,50.5,4.296708621881338,0,Inactive
Inactive,IC50,50.5,154593662.0,50.5,4.296708621881338,0,Inactive
Inactive,IC50,50.5,151008682.0,50.5,4.296708621881338,0,Inactive
Inactive,IC50,50.5,153145955.0,50.5,4.296708621881338,0,Inactive
Inactive,IC50,50.5,147398817.0,50.5,4.296708621881338,0,Inactive
Inactive,IC50,50.5,142546268.0,50.5,4.296708621881338,0,Inactive
Inactive,IC50,50.5,154593717.0,50.5,4.296708621881338,0,Inactive
Inactive,IC50,50.5,138472567.0,50.5,4.296708621881338,0,Inactive
Inactive,IC50,50.5,164514135.0,50.5,4.296708621881338,0,Inactive
Inactive,IC50,50.5,154593701.0,50.5,4.296708621881338,0,Inactive
Inactive,IC50,50.5,146735830.0,50.5,4.296708621881338,0,Inactive
Inactive,IC50,50.5,154593641.0,50.5,4.296708621881338,0,Inactive
Inactive,IC50,50.5,164514110.0,50.5,4.296708621881338,0,Inactive
Inactive,IC50,50.5,154593648.0,50.5,4.296708621881338,0,Inactive
Inactive,IC50,50.5,138478955.0,50.5,4.296708621881338,0,Inactive
Inactive,IC50,50.5,149056938.0,50.5,4.296708621881338,0,Inactive
Inactive,IC50,50.5,154593688.0,50.5,4.296708621881338,0,Inactive
Inactive,IC50,50.5,138479193.0,50.5,4.296708621881338,0,Inactive
Inactive,IC50,50.5,138479282.0,50.5,4.296708621881338,0,Inactive
Inactive,IC50,50.5,148370276.0,50.5,4.296708621881338,0,Inactive
Inactive,IC50,50.5,138479272.0,50.5,4.296708621881338,0,Inactive
Inactive,IC50,50.5,154593773.0,50.5,4.296708621881338,0,Inactive
Inactive,IC50,50.5,164514086.0,50.5,4.296708621881338,0,Inactive
Inactive,IC50,50.5,138472365.0,50.5,4.296708621881338,0,Inactive
Inactive,IC50,50.5,138479279.0,50.5,4.296708621881338,0,Inactive
Inactive,IC50,50.5,138479280.0,50.5,4.296708621881338,0,Inactive
Inactive,IC50,50.5,138479436.0,50.5,4.296708621881338,0,Inactive
Inactive,IC50,50.5,138479403.0,50.5,4.296708621881338,0,Inactive
Inactive,IC50,50.5,154593785.0,50.5,4.296708621881338,0,Inactive
Inactive,IC50,50.5,149617563.0,50.5,4.296708621881338,0,Inactive
Inactive,IC50,50.5,151017713.0,50.5,4.296708621881338,0,Inactive
Inactive,IC50,50.5,138478860.0,50.5,4.296708621881338,0,Inactive
Inactive,IC50,50.5,138479549.0,50.5,4.296708621881338,0,Inactive
Inactive,IC50,50.5,151336586.0,50.5,4.296708621881338,0,Inactive
Inactive,IC50,50.5,154593676.0,50.5,4.296708621881338,0,Inactive
Inactive,IC50,50.5,146951889.0,50.5,4.296708621881338,0,Inactive
Inactive,IC50,50.5,148611578.0,50.5,4.296708621881338,0,Inactive
Inactive,IC50,50.5,147955668.0,50.5,4.296708621881338,0,Inactive
Inactive,IC50,50.5,154593783.0,50.5,4.296708621881338,0,Inactive
Inactive,IC50,50.5,154593760.0,50.5,4.296708621881338,0,Inactive
Inactive,IC50,50.5,152791133.0,50.5,4.296708621881338,0,Inactive
Inactive,IC50,50.5,154593731.0,50.5,4.296708621881338,0,Inactive
Inactive,IC50,50.5,154593631.0,50.5,4.296708621881338,0,Inactive
Inactive,IC50,50.5,142546022.0,50.5,4.296708621881338,0,Inactive
Inactive,IC50,50.5,138479684.0,50.5,4.296708621881338,0,Inactive
Inactive,IC50,50.5,138479431.0,50.5,4.296708621881338,0,Inactive
Inactive,IC50,50.5,138479276.0,50.5,4.296708621881338,0,Inactive
Inactive,IC50,50.5,164514161.0,50.5,4.296708621881338,0,Inactive
Inactive,IC50,50.5,147872423.0,50.5,4.296708621881338,0,Inactive
Inactive,IC50,50.5,154593604.0,50.5,4.296708621881338,0,Inactive
Inactive,IC50,50.5,138472456.0,50.5,4.296708621881338,0,Inactive
Inactive,IC50,50.5,138479682.0,50.5,4.296708621881338,0,Inactive
Inactive,IC50,50.5,138478925.0,50.5,4.296708621881338,0,Inactive
Inactive,IC50,50.5,138479670.0,50.5,4.296708621881338,0,Inactive
Inactive,IC50,50.5,138479428.0,50.5,4.296708621881338,0,Inactive
Inactive,IC50,50.5,164514074.0,50.5,4.296708621881338,0,Inactive
Inactive,IC50,50.5,164514107.0,50.5,4.296708621881338,0,Inactive
Inactive,IC50,50.5,154593707.0,50.5,4.296708621881338,0,Inactive
Inactive,IC50,50.5,154593643.0,50.5,4.296708621881338,0,Inactive
Inactive,IC50,50.5,138479673.0,50.5,4.296708621881338,0,Inactive
Inactive,IC50,50.5,146732468.0,50.5,4.296708621881338,0,Inactive
Inactive,IC50,50.5,142546327.0,50.5,4.296708621881338,0,Inactive
Inactive,IC50,50.5,148841095.0,50.5,4.296708621881338,0,Inactive
Inactive,IC50,50.5,138479398.0,50.5,4.296708621881338,0,Inactive
Inactive,IC50,50.5,149179583.0,50.5,4.296708621881338,0,Inactive
Inactive,IC50,50.5,154593722.0,50.5,4.296708621881338,0,Inactive
Inactive,IC50,50.5,154593804.0,50.5,4.296708621881338,0,Inactive
Inactive,IC50,50.5,138479435.0,50.5,4.296708621881338,0,Inactive
Inactive,IC50,50.5,154593621.0,50.5,4.296708621881338,0,Inactive
Inactive,IC50,50.5,138479369.0,50.5,4.296708621881338,0,Inactive
Inactive,IC50,50.5,138479270.0,50.5,4.296708621881338,0,Inactive
Inactive,IC50,50.5,148027833.0,50.5,4.296708621881338,0,Inactive
Inactive,IC50,50.5,154593615.0,50.5,4.296708621881338,0,Inactive
Inactive,IC50,50.5,154593632.0,50.5,4.296708621881338,0,Inactive
Inactive,IC50,50.5,138479439.0,50.5,4.296708621881338,0,Inactive
Inactive,IC50,50.5,138479688.0,50.5,4.296708621881338,0,Inactive
Inactive,IC50,50.5,138479572.0,50.5,4.296708621881338,0,Inactive
Unspecified,IC50,50.700001,71664045.0,50.700001,4.294992032100698,0,Inactive
Unspecified,IC50,50.75,145957398.0,50.75,4.29456395341475,0,Inactive
Unspecified,IC50,50.75,1220046.0,50.75,4.29456395341475,0,Inactive
Unspecified,IC50,50.919998,3964313.0,50.919998,4.293111622076296,0,Inactive
Unspecified,IC50,51.0,14774292.0,51.0,4.292429823902063,0,Inactive
Unspecified,IC50,51.200001,53308655.0,51.200001,4.290730030541855,0,Inactive
Inactive,IC50,51.41,172130897.0,51.41,4.2889523961329665,0,Inactive
Unspecified,IC50,51.599998,162648819.0,51.599998,4.2873503152059085,0,Inactive
Unspecified,IC50,51.900002,117841253.0,51.900002,4.284832625415724,0,Inactive
Unspecified,IC50,52.0,137650957.0,52.0,4.2839966563652006,0,Inactive
Unspecified,Kd,60.0,92130702.0,60.0,4.221848749616356,0,Inactive
Unspecified,IC50,60.0,49169334.0,60.0,4.221848749616356,0,Inactive
Unspecified,IC50,61.0,155352304.0,61.0,4.214670164989233,0,Inactive
Unspecified,IC50,61.917,127048256.0,61.917,4.208190094234221,0,Inactive
Unspecified,IC50,62.0,12099554.0,62.0,4.207608310501746,0,Inactive
Unspecified,IC50,63.0,118727397.0,63.0,4.200659450546418,0,Inactive
Unspecified,IC50,63.095699,90667395.0,63.095699,4.200000243992461,0,Inactive
Unspecified,IC50,63.095699,168299074.0,63.095699,4.200000243992461,0,Inactive
Unspecified,IC50,63.279999,71862498.0,63.279999,4.198733536373441,0,Inactive
Unspecified,IC50,66.0,72713634.0,66.0,4.180456064458131,0,Inactive
Unspecified,IC50,69.230003,1511056.0,69.230003,4.159705649568927,0,Inactive
Unspecified,IC50,69.230003,145952035.0,69.230003,4.159705649568927,0,Inactive
Unspecified,IC50,69.900002,118721631.0,69.900002,4.1555228118281535,0,Inactive
Unspecified,IC50,71.0,164618738.0,71.0,4.1487416512809245,0,Inactive
Unspecified,IC50,71.0,872951.0,71.0,4.1487416512809245,0,Inactive
Unspecified,IC50,72.0,145968329.0,72.0,4.142667503568731,0,Inactive
Unspecified,IC50,72.0,6538880.0,72.0,4.142667503568731,0,Inactive
Unspecified,IC50,73.0,11820.0,73.0,4.136677139879544,0,Inactive
Unspecified,IC50,74.0,27604952.0,74.0,4.130768280269024,0,Inactive
Unspecified,IC50,74.0,72713635.0,74.0,4.130768280269024,0,Inactive
Unspecified,IC50,75.800003,155352337.0,75.800003,4.120330777179511,0,Inactive
Unspecified,IC50,77.0,136244604.0,77.0,4.113509274827518,0,Inactive
Unspecified,IC50,78.599998,118727394.0,78.599998,4.104577465011342,0,Inactive
Unspecified,IC50,79.0,155562154.0,79.0,4.102372908709558,0,Inactive
Unspecified,IC50,79.0,974677.0,79.0,4.102372908709558,0,Inactive
Unspecified,IC50,79.4328,1091852.0,79.4328,4.100000128334196,0,Inactive
Unspecified,IC50,80.0,57389111.0,80.0,4.096910013008056,0,Inactive
Unspecified,IC50,80.0,171355502.0,80.0,4.096910013008056,0,Inactive
Unspecified,IC50,80.0,572983.0,80.0,4.096910013008056,0,Inactive
Unspecified,IC50,80.0,137657620.0,80.0,4.096910013008056,0,Inactive
Unspecified,IC50,80.900002,2782959.0,80.900002,4.092051467651152,0,Inactive
Unspecified,IC50,81.0,145987948.0,81.0,4.0915149811213505,0,Inactive
Unspecified,IC50,81.300003,127050492.0,81.300003,4.089909438380305,0,Inactive
Unspecified,Kd,82.0,44072854.0,82.0,4.086186147616283,0,Inactive
Unspecified,IC50,84.0,118740117.0,84.0,4.075720713938118,0,Inactive
Unspecified,Kd,84.800003,2728359.0,84.800003,4.071604132379095,0,Inactive
Unspecified,IC50,86.0,2649205.0,86.0,4.0655015487564325,0,Inactive
Unspecified,IC50,90.0,100922929.0,90.0,4.045757490560675,0,Inactive
Unspecified,IC50,97.0,155352425.0,97.0,4.013228265733755,0,Inactive
Unspecified,IC50,100.0,95991007.0,100.0,4.0,0,Inactive
Unspecified,IC50,100.0,17498966.0,100.0,4.0,0,Inactive
Unspecified,IC50,100.0,118721303.0,100.0,4.0,0,Inactive
Unspecified,IC50,100.0,87397080.0,100.0,4.0,0,Inactive
Unspecified,IC50,100.0,166627289.0,100.0,4.0,0,Inactive
Unspecified,IC50,100.0,127051087.0,100.0,4.0,0,Inactive
Unspecified,IC50,100.0,43286787.0,100.0,4.0,0,Inactive
Inactive,IC50,100.0,172130898.0,100.0,4.0,0,Inactive
Inactive,IC50,100.0,172637382.0,100.0,4.0,0,Inactive
Unspecified,IC50,100.0,5272072.0,100.0,4.0,0,Inactive
Unspecified,IC50,100.0,127051727.0,100.0,4.0,0,Inactive
Unspecified,IC50,100.0,10442296.0,100.0,4.0,0,Inactive
Unspecified,IC50,100.0,127052023.0,100.0,4.0,0,Inactive
Unspecified,Kd,100.0,145991602.0,100.0,4.0,0,Inactive
Unspecified,Kd,100.0,45882461.0,100.0,4.0,0,Inactive
Unspecified,Ki,100.0,170556526.0,100.0,4.0,0,Inactive
Unspecified,Kd,100.0,41606711.0,100.0,4.0,0,Inactive
Unspecified,IC50,100.0,1002773.0,100.0,4.0,0,Inactive
Unspecified,IC50,100.0,155352284.0,100.0,4.0,0,Inactive
Unspecified,IC50,100.0,155352344.0,100.0,4.0,0,Inactive
Unspecified,IC50,100.0,155352320.0,100.0,4.0,0,Inactive
Unspecified,IC50,100.0,78243717.0,100.0,4.0,0,Inactive
Unspecified,Ki,100.0,136226500.0,100.0,4.0,0,Inactive
Unspecified,IC50,100.0,589098.0,100.0,4.0,0,Inactive
Unspecified,IC50,100.0,2673048.0,100.0,4.0,0,Inactive
Unspecified,IC50,100.0,155352290.0,100.0,4.0,0,Inactive
Unspecified,IC50,100.0,4912924.0,100.0,4.0,0,Inactive
Unspecified,IC50,100.0,3319300.0,100.0,4.0,0,Inactive
Unspecified,IC50,100.0,155352296.0,100.0,4.0,0,Inactive
Unspecified,IC50,100.0,155352277.0,100.0,4.0,0,Inactive
Unspecified,IC50,100.0,155352369.0,100.0,4.0,0,Inactive
Unspecified,IC50,100.0,72703043.0,100.0,4.0,0,Inactive
Unspecified,IC50,100.0,11770746.0,100.0,4.0,0,Inactive
Unspecified,IC50,100.0,117834599.0,100.0,4.0,0,Inactive
Unspecified,IC50,100.0,117833983.0,100.0,4.0,0,Inactive
Unspecified,IC50,102.0,155352401.0,102.0,3.9913998282380825,0,Inactive
Inactive,IC50,105.0,118059431.0,105.0,3.9788107009300617,0,Inactive
Inactive,IC50,105.0,118059859.0,105.0,3.9788107009300617,0,Inactive
Inactive,IC50,105.0,118059821.0,105.0,3.9788107009300617,0,Inactive
Inactive,IC50,105.0,118059668.0,105.0,3.9788107009300617,0,Inactive
Inactive,IC50,105.0,118059661.0,105.0,3.9788107009300617,0,Inactive
Inactive,IC50,105.0,117628391.0,105.0,3.9788107009300617,0,Inactive
Inactive,IC50,105.0,118059467.0,105.0,3.9788107009300617,0,Inactive
Unspecified,IC50,107.410004,75373087.0,107.410004,3.96895526724296,0,Inactive
Unspecified,Kd,109.0,2727447.0,109.0,3.962573502059376,0,Inactive
Unspecified,IC50,120.0,137649822.0,120.0,3.9208187539523753,0,Inactive
Unspecified,IC50,120.0,137651164.0,120.0,3.9208187539523753,0,Inactive
Unspecified,IC50,120.0,137653154.0,120.0,3.9208187539523753,0,Inactive
Unspecified,IC50,120.0,121237856.0,120.0,3.9208187539523753,0,Inactive
Unspecified,IC50,121.0,145968551.0,121.0,3.9172146296835497,0,Inactive
Unspecified,IC50,123.0,162671082.0,123.0,3.910094888560602,0,Inactive
Unspecified,IC50,125.892998,10631053.0,125.892998,3.89999842409807,0,Inactive
Unspecified,IC50,125.892998,251290.0,125.892998,3.89999842409807,0,Inactive
Unspecified,IC50,125.892998,347850.0,125.892998,3.89999842409807,0,Inactive
Unspecified,IC50,134.0,162650520.0,134.0,3.8728952016351923,0,Inactive
Inactive,IC50,139.0,117602642.0,139.0,3.856985199745905,0,Inactive
Unspecified,IC50,144.0,162645892.0,144.0,3.8416375079047502,0,Inactive
Unspecified,IC50,147.0,162646268.0,147.0,3.832682665251824,0,Inactive
Unspecified,IC50,151.0,162650004.0,151.0,3.8210230527068307,0,Inactive
Unspecified,IC50,158.488998,145986052.0,158.488998,3.80000088028364,0,Inactive
Unspecified,IC50,158.488998,122180547.0,158.488998,3.80000088028364,0,Inactive
Unspecified,Ki,160.0,24043179.0,160.0,3.7958800173440754,0,Inactive
Unspecified,IC50,160.029999,17488246.0,160.029999,3.7957985974756787,0,Inactive
Unspecified,IC50,191.0,16489632.0,191.0,3.7189666327522723,0,Inactive
Unspecified,IC50,199.526001,17405877.0,199.526001,3.700000501706385,0,Inactive
Unspecified,IC50,200.0,145969777.0,200.0,3.6989700043360187,0,Inactive
Unspecified,IC50,200.0,223771.0,200.0,3.6989700043360187,0,Inactive
Unspecified,IC50,200.0,3152392.0,200.0,3.6989700043360187,0,Inactive
Unspecified,IC50,200.0,12206142.0,200.0,3.6989700043360187,0,Inactive
Unspecified,IC50,200.0,69236418.0,200.0,3.6989700043360187,0,Inactive
Unspecified,IC50,217.0,162662811.0,217.0,3.6635402661514704,0,Inactive
Unspecified,IC50,220.0,19868.0,220.0,3.657577319177794,0,Inactive
Unspecified,IC50,223.0,162675956.0,223.0,3.6516951369518393,0,Inactive
Unspecified,Kd,230.0,76151853.0,230.0,3.638272163982407,0,Inactive
Unspecified,Kd,230.0,73169006.0,230.0,3.638272163982407,0,Inactive
Unspecified,Kd,250.0,1983.0,250.0,3.6020599913279625,0,Inactive
Unspecified,IC50,250.0,162651526.0,250.0,3.6020599913279625,0,Inactive
Unspecified,Kd,250.0,71808292.0,250.0,3.6020599913279625,0,Inactive
Unspecified,IC50,250.0,44269241.0,250.0,3.6020599913279625,0,Inactive
Unspecified,Kd,250.0,155561947.0,250.0,3.6020599913279625,0,Inactive
Unspecified,Kd,270.0,49688893.0,270.0,3.5686362358410126,0,Inactive
Unspecified,Kd,270.0,90630162.0,270.0,3.5686362358410126,0,Inactive
Unspecified,IC50,276.0,162655450.0,276.0,3.5590909179347823,0,Inactive
Unspecified,Kd,290.0,90632758.0,290.0,3.537602002101044,0,Inactive
Unspecified,IC50,321.0,162649926.0,321.0,3.493494967595128,0,Inactive
Unspecified,Kd,330.0,76151889.0,330.0,3.4814860601221125,0,Inactive
Inactive,IC50,372.0,118683079.0,372.0,3.4294570601181027,0,Inactive
Unspecified,IC50,417.0,162669946.0,417.0,3.3798639450262424,0,Inactive
Unspecified,IC50,434.0,162675981.0,434.0,3.362510270487489,0,Inactive
Inactive,IC50,442.0,118683077.0,442.0,3.354577730650908,0,Inactive
Unspecified,IC50,443.0,162662004.0,443.0,3.3535962737769305,0,Inactive
Unspecified,IC50,450.0,162677252.0,450.0,3.3467874862246565,0,Inactive
Unspecified,IC50,473.0,162658170.0,473.0,3.3251388592621884,0,Inactive
Unspecified,IC50,491.0,39351120.0,491.0,3.3089185078770313,0,Inactive
Unspecified,IC50,501.187012,155567275.0,501.187012,3.300000192047036,0,Inactive
Unspecified,IC50,501.187012,5125956.0,501.187012,3.300000192047036,0,Inactive
Unspecified,IC50,501.187012,122180536.0,501.187012,3.300000192047036,0,Inactive
Unspecified,Kd,510.0,90632626.0,510.0,3.2924298239020637,0,Inactive
Unspecified,IC50,575.0,162661558.0,575.0,3.2403321553103694,0,Inactive
Unspecified,Kd,580.0,90632636.0,580.0,3.2365720064370627,0,Inactive
Inactive,IC50,586.0,117602629.0,586.0,3.232102383981909,0,Inactive
Unspecified,Kd,610.0,45496478.0,610.0,3.214670164989233,0,Inactive
Unspecified,Kd,610.0,90631422.0,610.0,3.214670164989233,0,Inactive
Unspecified,IC50,629.0,89763096.0,629.0,3.201349354554731,0,Inactive
Unspecified,IC50,644.0,783797.0,644.0,3.191114132640188,0,Inactive
Unspecified,IC50,652.0,162672306.0,652.0,3.18575240426808,0,Inactive
Unspecified,Kd,660.0,853899.0,660.0,3.1804560644581312,0,Inactive
Inactive,IC50,670.0,117602570.0,670.0,3.1739251972991736,0,Inactive
Inactive,IC50,864.0,118677155.0,864.0,3.063486257521107,0,Inactive
Inactive,IC50,876.0,117602679.0,876.0,3.0574958938319194,0,Inactive
Unspecified,Kd,960.0,76151423.0,960.0,3.0177287669604316,0,Inactive
Unspecified,IC50,1000.0,171349394.0,1000.0,3.0,0,Inactive
Unspecified,IC50,1140.0,12448963.0,1140.0,2.9430951486635273,0,Inactive
Unspecified,IC50,1390.0,162645592.0,1390.0,2.856985199745905,0,Inactive
Unspecified,IC50,1430.0,67575934.0,1430.0,2.844663962534938,0,Inactive
Unspecified,IC50,1680.0,162659300.0,1680.0,2.774690718274137,0,Inactive
Unspecified,IC50,1960.0,162660303.0,1960.0,2.707743928643524,0,Inactive
Unspecified,IC50,2120.0,92019884.0,2120.0,2.673664139071249,0,Inactive
Unspecified,Kd,2600.0,155549741.0,2600.0,2.5850266520291822,0,Inactive
Unspecified,IC50,2660.0,13387.0,2660.0,2.575118363368933,0,Inactive
Unspecified,IC50,2670.0,162644636.0,2670.0,2.5734887386354246,0,Inactive
Unspecified,IC50,3200.0,162656484.0,3200.0,2.494850021680094,0,Inactive
Unspecified,IC50,4110.0,21914263.0,4110.0,2.3861581781239307,0,Inactive
Unspecified,IC50,4500.0,162653526.0,4500.0,2.3467874862246565,0,Inactive
Unspecified,IC50,4810.0,155564294.0,4810.0,2.317854923626168,0,Inactive
Unspecified,IC50,5000.0,162676776.0,5000.0,2.3010299956639813,0,Inactive
Unspecified,IC50,6880.0,108402.0,6880.0,2.162411561764489,0,Inactive
Unspecified,IC50,7000.0,76318560.0,7000.0,2.154901959985743,0,Inactive
Unspecified,IC50,10000.0,766575.0,10000.0,2.0,0,Inactive
Unspecified,IC50,280000.0,679.0,280000.0,0.5528419686577806,0,Inactive
